ISO-10303-21;
HEADER;
/* Generated by software containing ST-Developer
 * from STEP Tools, Inc. (www.steptools.com) 
 */

FILE_DESCRIPTION(
/* description */ (''),
/* implementation_level */ '2;1');

FILE_NAME(
/* name */ 'b2ffa0c9-486c-4da6-9f18-96d71aa085ba.stp',
/* time_stamp */ '2026-04-24T18:33:34Z',
/* author */ (''),
/* organization */ (''),
/* preprocessor_version */ 'ST-DEVELOPER v20.1',
/* originating_system */ 'Autodesk Translation Framework v15.8.0.0',
/* authorisation */ '');

FILE_SCHEMA (('AUTOMOTIVE_DESIGN { 1 0 10303 214 3 1 1 }'));
ENDSEC;

DATA;
#10=MECHANICAL_DESIGN_GEOMETRIC_PRESENTATION_REPRESENTATION('',(#13,#14,
#15,#16),#6672);
#11=SHAPE_REPRESENTATION_RELATIONSHIP('SRR','None',#6679,#12);
#12=ADVANCED_BREP_SHAPE_REPRESENTATION('',(#17,#18,#19,#20),#6671);
#13=STYLED_ITEM('',(#6688),#17);
#14=STYLED_ITEM('',(#6688),#18);
#15=STYLED_ITEM('',(#6688),#19);
#16=STYLED_ITEM('',(#6688),#20);
#17=MANIFOLD_SOLID_BREP('CROWN',#3984);
#18=MANIFOLD_SOLID_BREP('Body1',#3985);
#19=MANIFOLD_SOLID_BREP('PCB_Mount',#3986);
#20=MANIFOLD_SOLID_BREP('PCB_Mount2',#3987);
#21=CONICAL_SURFACE('',#4282,1.99999955362207,0.476474885794452);
#22=CONICAL_SURFACE('',#4300,1.99999955362207,0.476474885794452);
#23=B_SPLINE_CURVE_WITH_KNOTS('',3,(#5875,#5876,#5877,#5878,#5879,#5880,
#5881,#5882,#5883,#5884,#5885,#5886,#5887,#5888,#5889,#5890,#5891,#5892,
#5893,#5894,#5895,#5896),.UNSPECIFIED.,.F.,.F.,(4,2,2,2,2,2,2,2,2,2,4),
(-0.0187302914497188,-0.0148544826220195,-0.0129165782081698,-0.0109786737943201,
-0.0101719097595897,-0.00936514572485937,-0.008558381690129,-0.00775161765539863,
-0.00581371324154897,-0.00387580882769931,0.),.UNSPECIFIED.);
#24=B_SPLINE_CURVE_WITH_KNOTS('',3,(#5901,#5902,#5903,#5904,#5905,#5906,
#5907,#5908,#5909,#5910,#5911,#5912,#5913,#5914,#5915,#5916,#5917,#5918,
#5919,#5920,#5921,#5922),.UNSPECIFIED.,.F.,.F.,(4,2,2,2,2,2,2,2,2,2,4),
(-0.0197241947287818,-0.0156427210404803,-0.0136019841963296,-0.0115612473521789,
-0.0107116723582849,-0.00986209736439088,-0.00901252237049689,-0.00816294737660289,
-0.00612221053245217,-0.00408147368830145,0.),.UNSPECIFIED.);
#25=B_SPLINE_CURVE_WITH_KNOTS('',3,(#5927,#5928,#5929,#5930,#5931,#5932,
#5933,#5934,#5935,#5936,#5937,#5938),.UNSPECIFIED.,.F.,.F.,(4,2,2,2,2,4),
(-0.0187302914498959,-0.0148544826221615,-0.0129165782082943,-0.0109786737944271,
-0.0101719097596875,-0.00936514572494795),.UNSPECIFIED.);
#26=B_SPLINE_CURVE_WITH_KNOTS('',3,(#5940,#5941,#5942,#5943,#5944,#5945,
#5946,#5947,#5948,#5949,#5950,#5951),.UNSPECIFIED.,.F.,.F.,(4,2,2,2,2,4),
(-0.00936514572494795,-0.00855838169020837,-0.00775161765546879,-0.00581371324160158,
-0.00387580882773439,0.),.UNSPECIFIED.);
#27=B_SPLINE_CURVE_WITH_KNOTS('',3,(#5959,#5960,#5961,#5962,#5963,#5964,
#5965,#5966,#5967,#5968,#5969,#5970),.UNSPECIFIED.,.F.,.F.,(4,2,2,2,2,4),
(-0.0197241947289334,-0.0156427210406023,-0.0136019841964367,-0.0115612473522712,
-0.01071167235837,-0.00986209736446885),.UNSPECIFIED.);
#28=B_SPLINE_CURVE_WITH_KNOTS('',3,(#5972,#5973,#5974,#5975,#5976,#5977,
#5978,#5979,#5980,#5981,#5982,#5983),.UNSPECIFIED.,.F.,.F.,(4,2,2,2,2,4),
(-0.00986209736446885,-0.00901252237056945,-0.00816294737667006,-0.00612221053250254,
-0.00408147368833503,0.),.UNSPECIFIED.);
#29=ELLIPSE('',#4057,2.3662015831525,1.);
#30=ELLIPSE('',#4077,2.33147075409485,1.41203333572914);
#31=ELLIPSE('',#4107,8.48122280131475,7.50000014388238);
#32=ELLIPSE('',#4108,8.95632212801842,7.50000014388238);
#33=ELLIPSE('',#4116,8.95632178437678,7.4999998561178);
#34=ELLIPSE('',#4182,2.33147075409485,1.41203333572914);
#35=ELLIPSE('',#4237,3.54930237472876,1.5);
#36=ELLIPSE('',#4251,3.54930237472876,1.5);
#37=ELLIPSE('',#4285,2.33147075409484,1.41203333572924);
#38=ELLIPSE('',#4299,2.33147075409484,1.41203333572924);
#39=ELLIPSE('',#4302,4.77670504330534,4.);
#40=ELLIPSE('',#4303,4.77670504330534,4.);
#41=ELLIPSE('',#4304,4.77670504330534,4.);
#42=CYLINDRICAL_SURFACE('',#4054,1.);
#43=CYLINDRICAL_SURFACE('',#4085,6.00000014388237);
#44=CYLINDRICAL_SURFACE('',#4091,5.99999985611778);
#45=CYLINDRICAL_SURFACE('',#4095,7.50000014388238);
#46=CYLINDRICAL_SURFACE('',#4104,6.00000014388237);
#47=CYLINDRICAL_SURFACE('',#4106,7.50000014388238);
#48=CYLINDRICAL_SURFACE('',#4110,5.99999985611778);
#49=CYLINDRICAL_SURFACE('',#4114,7.4999998561178);
#50=CYLINDRICAL_SURFACE('',#4115,7.4999998561178);
#51=CYLINDRICAL_SURFACE('',#4117,1.5);
#52=CYLINDRICAL_SURFACE('',#4119,1.5);
#53=CYLINDRICAL_SURFACE('',#4121,1.5);
#54=CYLINDRICAL_SURFACE('',#4124,1.5);
#55=CYLINDRICAL_SURFACE('',#4126,1.5);
#56=CYLINDRICAL_SURFACE('',#4128,1.5);
#57=CYLINDRICAL_SURFACE('',#4130,1.5);
#58=CYLINDRICAL_SURFACE('',#4132,1.5);
#59=CYLINDRICAL_SURFACE('',#4134,1.5);
#60=CYLINDRICAL_SURFACE('',#4137,1.5);
#61=CYLINDRICAL_SURFACE('',#4139,1.5);
#62=CYLINDRICAL_SURFACE('',#4141,1.5);
#63=CYLINDRICAL_SURFACE('',#4143,1.5);
#64=CYLINDRICAL_SURFACE('',#4145,1.5);
#65=CYLINDRICAL_SURFACE('',#4147,1.5);
#66=CYLINDRICAL_SURFACE('',#4150,1.5);
#67=CYLINDRICAL_SURFACE('',#4152,1.5);
#68=CYLINDRICAL_SURFACE('',#4154,1.5);
#69=CYLINDRICAL_SURFACE('',#4157,1.5);
#70=CYLINDRICAL_SURFACE('',#4159,1.5);
#71=CYLINDRICAL_SURFACE('',#4161,1.5);
#72=CYLINDRICAL_SURFACE('',#4164,1.5);
#73=CYLINDRICAL_SURFACE('',#4166,1.5);
#74=CYLINDRICAL_SURFACE('',#4168,1.5);
#75=CYLINDRICAL_SURFACE('',#4171,1.5);
#76=CYLINDRICAL_SURFACE('',#4173,1.5);
#77=CYLINDRICAL_SURFACE('',#4175,1.5);
#78=CYLINDRICAL_SURFACE('',#4187,1.5);
#79=CYLINDRICAL_SURFACE('',#4189,1.5);
#80=CYLINDRICAL_SURFACE('',#4191,1.5);
#81=CYLINDRICAL_SURFACE('',#4193,1.5);
#82=CYLINDRICAL_SURFACE('',#4195,1.5);
#83=CYLINDRICAL_SURFACE('',#4197,1.5);
#84=CYLINDRICAL_SURFACE('',#4199,1.5);
#85=CYLINDRICAL_SURFACE('',#4201,1.5);
#86=CYLINDRICAL_SURFACE('',#4203,1.5);
#87=CYLINDRICAL_SURFACE('',#4205,1.5);
#88=CYLINDRICAL_SURFACE('',#4207,1.5);
#89=CYLINDRICAL_SURFACE('',#4209,1.5);
#90=CYLINDRICAL_SURFACE('',#4211,1.5);
#91=CYLINDRICAL_SURFACE('',#4213,1.5);
#92=CYLINDRICAL_SURFACE('',#4215,1.5);
#93=CYLINDRICAL_SURFACE('',#4217,1.5);
#94=CYLINDRICAL_SURFACE('',#4219,1.5);
#95=CYLINDRICAL_SURFACE('',#4221,1.5);
#96=CYLINDRICAL_SURFACE('',#4223,1.5);
#97=CYLINDRICAL_SURFACE('',#4225,1.5);
#98=CYLINDRICAL_SURFACE('',#4227,1.5);
#99=CYLINDRICAL_SURFACE('',#4229,1.5);
#100=CYLINDRICAL_SURFACE('',#4231,1.5);
#101=CYLINDRICAL_SURFACE('',#4233,1.5);
#102=CYLINDRICAL_SURFACE('',#4238,1.5);
#103=CYLINDRICAL_SURFACE('',#4252,1.5);
#104=CYLINDRICAL_SURFACE('',#4267,1.);
#105=CYLINDRICAL_SURFACE('',#4271,1.5);
#106=CYLINDRICAL_SURFACE('',#4277,1.49999955362207);
#107=CYLINDRICAL_SURFACE('',#4287,2.49999955362207);
#108=CYLINDRICAL_SURFACE('',#4289,1.49999955362207);
#109=CYLINDRICAL_SURFACE('',#4292,2.49999955362207);
#110=CYLINDRICAL_SURFACE('',#4306,1.5);
#111=CYLINDRICAL_SURFACE('',#4309,4.);
#112=CYLINDRICAL_SURFACE('',#4315,4.);
#113=CYLINDRICAL_SURFACE('',#4316,4.);
#114=CYLINDRICAL_SURFACE('',#4320,1.5);
#115=CYLINDRICAL_SURFACE('',#4323,1.5);
#116=CYLINDRICAL_SURFACE('',#4338,1.4);
#117=CYLINDRICAL_SURFACE('',#4342,1.4);
#118=CYLINDRICAL_SURFACE('',#4354,1.4);
#119=CYLINDRICAL_SURFACE('',#4357,1.4);
#120=CIRCLE('',#4002,1.5);
#121=CIRCLE('',#4003,1.5);
#122=CIRCLE('',#4004,1.5);
#123=CIRCLE('',#4005,1.5);
#124=CIRCLE('',#4006,1.5);
#125=CIRCLE('',#4007,1.5);
#126=CIRCLE('',#4008,1.5);
#127=CIRCLE('',#4009,1.5);
#128=CIRCLE('',#4010,1.5);
#129=CIRCLE('',#4011,1.5);
#130=CIRCLE('',#4012,1.5);
#131=CIRCLE('',#4013,1.5);
#132=CIRCLE('',#4014,1.5);
#133=CIRCLE('',#4015,1.5);
#134=CIRCLE('',#4016,1.5);
#135=CIRCLE('',#4017,1.5);
#136=CIRCLE('',#4018,1.5);
#137=CIRCLE('',#4019,1.5);
#138=CIRCLE('',#4020,1.5);
#139=CIRCLE('',#4021,1.5);
#140=CIRCLE('',#4022,1.5);
#141=CIRCLE('',#4023,1.5);
#142=CIRCLE('',#4024,1.5);
#143=CIRCLE('',#4025,1.5);
#144=CIRCLE('',#4026,1.5);
#145=CIRCLE('',#4027,1.5);
#146=CIRCLE('',#4028,1.5);
#147=CIRCLE('',#4029,1.5);
#148=CIRCLE('',#4030,1.5);
#149=CIRCLE('',#4031,1.5);
#150=CIRCLE('',#4032,1.5);
#151=CIRCLE('',#4033,1.5);
#152=CIRCLE('',#4034,1.5);
#153=CIRCLE('',#4035,1.5);
#154=CIRCLE('',#4036,1.5);
#155=CIRCLE('',#4037,1.5);
#156=CIRCLE('',#4038,1.5);
#157=CIRCLE('',#4039,1.5);
#158=CIRCLE('',#4040,1.5);
#159=CIRCLE('',#4041,1.5);
#160=CIRCLE('',#4042,1.5);
#161=CIRCLE('',#4043,1.5);
#162=CIRCLE('',#4044,1.5);
#163=CIRCLE('',#4045,1.5);
#164=CIRCLE('',#4046,1.5);
#165=CIRCLE('',#4047,1.5);
#166=CIRCLE('',#4048,1.5);
#167=CIRCLE('',#4049,1.5);
#168=CIRCLE('',#4050,1.5);
#169=CIRCLE('',#4051,1.5);
#170=CIRCLE('',#4052,1.5);
#171=CIRCLE('',#4053,1.5);
#172=CIRCLE('',#4055,1.);
#173=CIRCLE('',#4056,1.);
#174=CIRCLE('',#4058,1.);
#175=CIRCLE('',#4063,1.);
#176=CIRCLE('',#4064,1.5);
#177=CIRCLE('',#4065,1.5);
#178=CIRCLE('',#4069,1.);
#179=CIRCLE('',#4080,7.4999998561178);
#180=CIRCLE('',#4081,7.50000014388238);
#181=CIRCLE('',#4082,6.00000014388237);
#182=CIRCLE('',#4083,5.99999985611778);
#183=CIRCLE('',#4086,6.00000014388237);
#184=CIRCLE('',#4088,7.50000014388238);
#185=CIRCLE('',#4089,7.4999998561178);
#186=CIRCLE('',#4090,5.99999985611778);
#187=CIRCLE('',#4100,7.4999998561178);
#188=CIRCLE('',#4101,7.50000014388238);
#189=CIRCLE('',#4102,6.00000014388237);
#190=CIRCLE('',#4103,5.99999985611778);
#191=CIRCLE('',#4105,6.00000014388237);
#192=CIRCLE('',#4109,7.50000014388238);
#193=CIRCLE('',#4111,5.99999985611778);
#194=CIRCLE('',#4113,7.4999998561178);
#195=CIRCLE('',#4118,1.5);
#196=CIRCLE('',#4120,1.5);
#197=CIRCLE('',#4122,1.5);
#198=CIRCLE('',#4123,1.5);
#199=CIRCLE('',#4125,1.5);
#200=CIRCLE('',#4127,1.5);
#201=CIRCLE('',#4129,1.5);
#202=CIRCLE('',#4131,1.5);
#203=CIRCLE('',#4133,1.5);
#204=CIRCLE('',#4135,1.5);
#205=CIRCLE('',#4136,1.5);
#206=CIRCLE('',#4138,1.5);
#207=CIRCLE('',#4140,1.5);
#208=CIRCLE('',#4142,1.5);
#209=CIRCLE('',#4144,1.5);
#210=CIRCLE('',#4146,1.5);
#211=CIRCLE('',#4148,1.5);
#212=CIRCLE('',#4149,1.5);
#213=CIRCLE('',#4151,1.5);
#214=CIRCLE('',#4153,1.5);
#215=CIRCLE('',#4155,1.5);
#216=CIRCLE('',#4156,1.5);
#217=CIRCLE('',#4158,1.5);
#218=CIRCLE('',#4160,1.5);
#219=CIRCLE('',#4162,1.5);
#220=CIRCLE('',#4163,1.5);
#221=CIRCLE('',#4165,1.5);
#222=CIRCLE('',#4167,1.5);
#223=CIRCLE('',#4169,1.5);
#224=CIRCLE('',#4170,1.5);
#225=CIRCLE('',#4172,1.5);
#226=CIRCLE('',#4174,1.5);
#227=CIRCLE('',#4176,1.5);
#228=CIRCLE('',#4188,1.5);
#229=CIRCLE('',#4190,1.5);
#230=CIRCLE('',#4192,1.5);
#231=CIRCLE('',#4194,1.5);
#232=CIRCLE('',#4196,1.5);
#233=CIRCLE('',#4198,1.5);
#234=CIRCLE('',#4200,1.5);
#235=CIRCLE('',#4202,1.5);
#236=CIRCLE('',#4204,1.5);
#237=CIRCLE('',#4206,1.5);
#238=CIRCLE('',#4208,1.5);
#239=CIRCLE('',#4210,1.5);
#240=CIRCLE('',#4212,1.5);
#241=CIRCLE('',#4214,1.5);
#242=CIRCLE('',#4216,1.5);
#243=CIRCLE('',#4218,1.5);
#244=CIRCLE('',#4220,1.5);
#245=CIRCLE('',#4222,1.5);
#246=CIRCLE('',#4224,1.5);
#247=CIRCLE('',#4226,1.5);
#248=CIRCLE('',#4228,1.5);
#249=CIRCLE('',#4230,1.5);
#250=CIRCLE('',#4232,1.5);
#251=CIRCLE('',#4234,1.5);
#252=CIRCLE('',#4239,1.5);
#253=CIRCLE('',#4240,1.5);
#254=CIRCLE('',#4253,1.5);
#255=CIRCLE('',#4254,1.5);
#256=CIRCLE('',#4263,1.5);
#257=CIRCLE('',#4276,1.98362131646794);
#258=CIRCLE('',#4278,1.49999955362207);
#259=CIRCLE('',#4279,1.49999955362207);
#260=CIRCLE('',#4281,2.49999955362207);
#261=CIRCLE('',#4283,1.49999955362207);
#262=CIRCLE('',#4284,2.49999955362207);
#263=CIRCLE('',#4286,2.49999955362207);
#264=CIRCLE('',#4288,2.49999955362207);
#265=CIRCLE('',#4290,1.49999955362207);
#266=CIRCLE('',#4293,2.49999955362207);
#267=CIRCLE('',#4294,2.49999955362207);
#268=CIRCLE('',#4297,1.98362131646794);
#269=CIRCLE('',#4307,1.5);
#270=CIRCLE('',#4308,1.5);
#271=CIRCLE('',#4310,4.);
#272=CIRCLE('',#4312,4.);
#273=CIRCLE('',#4313,4.);
#274=CIRCLE('',#4321,1.5);
#275=CIRCLE('',#4322,1.5);
#276=CIRCLE('',#4324,1.5);
#277=CIRCLE('',#4325,1.5);
#278=CIRCLE('',#4335,1.4);
#279=CIRCLE('',#4337,1.4);
#280=CIRCLE('',#4339,1.4);
#281=CIRCLE('',#4340,1.4);
#282=CIRCLE('',#4348,1.4);
#283=CIRCLE('',#4355,1.4);
#284=CIRCLE('',#4358,1.4);
#285=CIRCLE('',#4359,1.4);
#286=FACE_BOUND('',#599,.T.);
#287=FACE_BOUND('',#600,.T.);
#288=FACE_BOUND('',#601,.T.);
#289=FACE_BOUND('',#602,.T.);
#290=FACE_BOUND('',#603,.T.);
#291=FACE_BOUND('',#604,.T.);
#292=FACE_BOUND('',#605,.T.);
#293=FACE_BOUND('',#606,.T.);
#294=FACE_BOUND('',#607,.T.);
#295=FACE_BOUND('',#608,.T.);
#296=FACE_BOUND('',#609,.T.);
#297=FACE_BOUND('',#610,.T.);
#298=FACE_BOUND('',#611,.T.);
#299=FACE_BOUND('',#612,.T.);
#300=FACE_BOUND('',#613,.T.);
#301=FACE_BOUND('',#614,.T.);
#302=FACE_BOUND('',#615,.T.);
#303=FACE_BOUND('',#616,.T.);
#304=FACE_BOUND('',#617,.T.);
#305=FACE_BOUND('',#618,.T.);
#306=FACE_BOUND('',#619,.T.);
#307=FACE_BOUND('',#620,.T.);
#308=FACE_BOUND('',#621,.T.);
#309=FACE_BOUND('',#622,.T.);
#310=FACE_BOUND('',#623,.T.);
#311=FACE_BOUND('',#624,.T.);
#312=FACE_BOUND('',#625,.T.);
#313=FACE_BOUND('',#626,.T.);
#314=FACE_BOUND('',#627,.T.);
#315=FACE_BOUND('',#628,.T.);
#316=FACE_BOUND('',#629,.T.);
#317=FACE_BOUND('',#630,.T.);
#318=FACE_BOUND('',#631,.T.);
#319=FACE_BOUND('',#632,.T.);
#320=FACE_BOUND('',#633,.T.);
#321=FACE_BOUND('',#634,.T.);
#322=FACE_BOUND('',#635,.T.);
#323=FACE_BOUND('',#636,.T.);
#324=FACE_BOUND('',#637,.T.);
#325=FACE_BOUND('',#638,.T.);
#326=FACE_BOUND('',#639,.T.);
#327=FACE_BOUND('',#640,.T.);
#328=FACE_BOUND('',#641,.T.);
#329=FACE_BOUND('',#642,.T.);
#330=FACE_BOUND('',#643,.T.);
#331=FACE_BOUND('',#644,.T.);
#332=FACE_BOUND('',#645,.T.);
#333=FACE_BOUND('',#646,.T.);
#334=FACE_BOUND('',#647,.T.);
#335=FACE_BOUND('',#648,.T.);
#336=FACE_BOUND('',#649,.T.);
#337=FACE_BOUND('',#650,.T.);
#338=FACE_BOUND('',#651,.T.);
#339=FACE_BOUND('',#657,.T.);
#340=FACE_BOUND('',#658,.T.);
#341=FACE_BOUND('',#659,.T.);
#342=FACE_BOUND('',#660,.T.);
#343=FACE_BOUND('',#661,.T.);
#344=FACE_BOUND('',#665,.T.);
#345=FACE_BOUND('',#666,.T.);
#346=FACE_BOUND('',#676,.T.);
#347=FACE_BOUND('',#680,.T.);
#348=FACE_BOUND('',#690,.T.);
#349=FACE_BOUND('',#695,.T.);
#350=FACE_BOUND('',#728,.T.);
#351=FACE_BOUND('',#729,.T.);
#352=FACE_BOUND('',#730,.T.);
#353=FACE_BOUND('',#731,.T.);
#354=FACE_BOUND('',#732,.T.);
#355=FACE_BOUND('',#733,.T.);
#356=FACE_BOUND('',#734,.T.);
#357=FACE_BOUND('',#735,.T.);
#358=FACE_BOUND('',#736,.T.);
#359=FACE_BOUND('',#789,.T.);
#360=FACE_BOUND('',#790,.T.);
#361=FACE_BOUND('',#791,.T.);
#362=FACE_BOUND('',#792,.T.);
#363=FACE_BOUND('',#793,.T.);
#364=FACE_BOUND('',#794,.T.);
#365=FACE_BOUND('',#795,.T.);
#366=FACE_BOUND('',#796,.T.);
#367=FACE_BOUND('',#797,.T.);
#368=FACE_BOUND('',#798,.T.);
#369=FACE_BOUND('',#799,.T.);
#370=FACE_BOUND('',#800,.T.);
#371=FACE_BOUND('',#801,.T.);
#372=FACE_BOUND('',#802,.T.);
#373=FACE_BOUND('',#803,.T.);
#374=FACE_BOUND('',#804,.T.);
#375=FACE_BOUND('',#805,.T.);
#376=FACE_BOUND('',#806,.T.);
#377=FACE_BOUND('',#807,.T.);
#378=FACE_BOUND('',#808,.T.);
#379=FACE_BOUND('',#809,.T.);
#380=FACE_BOUND('',#810,.T.);
#381=FACE_BOUND('',#811,.T.);
#382=FACE_BOUND('',#812,.T.);
#383=FACE_BOUND('',#813,.T.);
#384=FACE_BOUND('',#814,.T.);
#385=FACE_BOUND('',#815,.T.);
#386=FACE_BOUND('',#816,.T.);
#387=FACE_BOUND('',#817,.T.);
#388=FACE_BOUND('',#818,.T.);
#389=FACE_BOUND('',#819,.T.);
#390=FACE_BOUND('',#820,.T.);
#391=FACE_BOUND('',#821,.T.);
#392=FACE_BOUND('',#822,.T.);
#393=FACE_BOUND('',#823,.T.);
#394=FACE_BOUND('',#824,.T.);
#395=FACE_BOUND('',#839,.T.);
#396=FACE_BOUND('',#844,.T.);
#397=FACE_BOUND('',#855,.T.);
#398=FACE_BOUND('',#860,.T.);
#399=FACE_BOUND('',#870,.T.);
#400=FACE_BOUND('',#871,.T.);
#401=FACE_BOUND('',#873,.T.);
#402=FACE_BOUND('',#874,.T.);
#403=FACE_BOUND('',#878,.T.);
#404=FACE_BOUND('',#880,.T.);
#405=FACE_BOUND('',#885,.T.);
#406=FACE_BOUND('',#887,.T.);
#407=FACE_BOUND('',#891,.T.);
#408=FACE_BOUND('',#901,.T.);
#409=FACE_BOUND('',#905,.T.);
#410=FACE_BOUND('',#908,.T.);
#411=FACE_OUTER_BOUND('',#598,.T.);
#412=FACE_OUTER_BOUND('',#652,.T.);
#413=FACE_OUTER_BOUND('',#653,.T.);
#414=FACE_OUTER_BOUND('',#654,.T.);
#415=FACE_OUTER_BOUND('',#655,.T.);
#416=FACE_OUTER_BOUND('',#656,.T.);
#417=FACE_OUTER_BOUND('',#662,.T.);
#418=FACE_OUTER_BOUND('',#663,.T.);
#419=FACE_OUTER_BOUND('',#664,.T.);
#420=FACE_OUTER_BOUND('',#667,.T.);
#421=FACE_OUTER_BOUND('',#668,.T.);
#422=FACE_OUTER_BOUND('',#669,.T.);
#423=FACE_OUTER_BOUND('',#670,.T.);
#424=FACE_OUTER_BOUND('',#671,.T.);
#425=FACE_OUTER_BOUND('',#672,.T.);
#426=FACE_OUTER_BOUND('',#673,.T.);
#427=FACE_OUTER_BOUND('',#674,.T.);
#428=FACE_OUTER_BOUND('',#675,.T.);
#429=FACE_OUTER_BOUND('',#677,.T.);
#430=FACE_OUTER_BOUND('',#678,.T.);
#431=FACE_OUTER_BOUND('',#679,.T.);
#432=FACE_OUTER_BOUND('',#681,.T.);
#433=FACE_OUTER_BOUND('',#682,.T.);
#434=FACE_OUTER_BOUND('',#683,.T.);
#435=FACE_OUTER_BOUND('',#684,.T.);
#436=FACE_OUTER_BOUND('',#685,.T.);
#437=FACE_OUTER_BOUND('',#686,.T.);
#438=FACE_OUTER_BOUND('',#687,.T.);
#439=FACE_OUTER_BOUND('',#688,.T.);
#440=FACE_OUTER_BOUND('',#689,.T.);
#441=FACE_OUTER_BOUND('',#691,.T.);
#442=FACE_OUTER_BOUND('',#692,.T.);
#443=FACE_OUTER_BOUND('',#693,.T.);
#444=FACE_OUTER_BOUND('',#694,.T.);
#445=FACE_OUTER_BOUND('',#696,.T.);
#446=FACE_OUTER_BOUND('',#697,.T.);
#447=FACE_OUTER_BOUND('',#698,.T.);
#448=FACE_OUTER_BOUND('',#699,.T.);
#449=FACE_OUTER_BOUND('',#700,.T.);
#450=FACE_OUTER_BOUND('',#701,.T.);
#451=FACE_OUTER_BOUND('',#702,.T.);
#452=FACE_OUTER_BOUND('',#703,.T.);
#453=FACE_OUTER_BOUND('',#704,.T.);
#454=FACE_OUTER_BOUND('',#705,.T.);
#455=FACE_OUTER_BOUND('',#706,.T.);
#456=FACE_OUTER_BOUND('',#707,.T.);
#457=FACE_OUTER_BOUND('',#708,.T.);
#458=FACE_OUTER_BOUND('',#709,.T.);
#459=FACE_OUTER_BOUND('',#710,.T.);
#460=FACE_OUTER_BOUND('',#711,.T.);
#461=FACE_OUTER_BOUND('',#712,.T.);
#462=FACE_OUTER_BOUND('',#713,.T.);
#463=FACE_OUTER_BOUND('',#714,.T.);
#464=FACE_OUTER_BOUND('',#715,.T.);
#465=FACE_OUTER_BOUND('',#716,.T.);
#466=FACE_OUTER_BOUND('',#717,.T.);
#467=FACE_OUTER_BOUND('',#718,.T.);
#468=FACE_OUTER_BOUND('',#719,.T.);
#469=FACE_OUTER_BOUND('',#720,.T.);
#470=FACE_OUTER_BOUND('',#721,.T.);
#471=FACE_OUTER_BOUND('',#722,.T.);
#472=FACE_OUTER_BOUND('',#723,.T.);
#473=FACE_OUTER_BOUND('',#724,.T.);
#474=FACE_OUTER_BOUND('',#725,.T.);
#475=FACE_OUTER_BOUND('',#726,.T.);
#476=FACE_OUTER_BOUND('',#727,.T.);
#477=FACE_OUTER_BOUND('',#737,.T.);
#478=FACE_OUTER_BOUND('',#738,.T.);
#479=FACE_OUTER_BOUND('',#739,.T.);
#480=FACE_OUTER_BOUND('',#740,.T.);
#481=FACE_OUTER_BOUND('',#741,.T.);
#482=FACE_OUTER_BOUND('',#742,.T.);
#483=FACE_OUTER_BOUND('',#743,.T.);
#484=FACE_OUTER_BOUND('',#744,.T.);
#485=FACE_OUTER_BOUND('',#745,.T.);
#486=FACE_OUTER_BOUND('',#746,.T.);
#487=FACE_OUTER_BOUND('',#747,.T.);
#488=FACE_OUTER_BOUND('',#748,.T.);
#489=FACE_OUTER_BOUND('',#749,.T.);
#490=FACE_OUTER_BOUND('',#750,.T.);
#491=FACE_OUTER_BOUND('',#751,.T.);
#492=FACE_OUTER_BOUND('',#752,.T.);
#493=FACE_OUTER_BOUND('',#753,.T.);
#494=FACE_OUTER_BOUND('',#754,.T.);
#495=FACE_OUTER_BOUND('',#755,.T.);
#496=FACE_OUTER_BOUND('',#756,.T.);
#497=FACE_OUTER_BOUND('',#757,.T.);
#498=FACE_OUTER_BOUND('',#758,.T.);
#499=FACE_OUTER_BOUND('',#759,.T.);
#500=FACE_OUTER_BOUND('',#760,.T.);
#501=FACE_OUTER_BOUND('',#761,.T.);
#502=FACE_OUTER_BOUND('',#762,.T.);
#503=FACE_OUTER_BOUND('',#763,.T.);
#504=FACE_OUTER_BOUND('',#764,.T.);
#505=FACE_OUTER_BOUND('',#765,.T.);
#506=FACE_OUTER_BOUND('',#766,.T.);
#507=FACE_OUTER_BOUND('',#767,.T.);
#508=FACE_OUTER_BOUND('',#768,.T.);
#509=FACE_OUTER_BOUND('',#769,.T.);
#510=FACE_OUTER_BOUND('',#770,.T.);
#511=FACE_OUTER_BOUND('',#771,.T.);
#512=FACE_OUTER_BOUND('',#772,.T.);
#513=FACE_OUTER_BOUND('',#773,.T.);
#514=FACE_OUTER_BOUND('',#774,.T.);
#515=FACE_OUTER_BOUND('',#775,.T.);
#516=FACE_OUTER_BOUND('',#776,.T.);
#517=FACE_OUTER_BOUND('',#777,.T.);
#518=FACE_OUTER_BOUND('',#778,.T.);
#519=FACE_OUTER_BOUND('',#779,.T.);
#520=FACE_OUTER_BOUND('',#780,.T.);
#521=FACE_OUTER_BOUND('',#781,.T.);
#522=FACE_OUTER_BOUND('',#782,.T.);
#523=FACE_OUTER_BOUND('',#783,.T.);
#524=FACE_OUTER_BOUND('',#784,.T.);
#525=FACE_OUTER_BOUND('',#785,.T.);
#526=FACE_OUTER_BOUND('',#786,.T.);
#527=FACE_OUTER_BOUND('',#787,.T.);
#528=FACE_OUTER_BOUND('',#788,.T.);
#529=FACE_OUTER_BOUND('',#825,.T.);
#530=FACE_OUTER_BOUND('',#826,.T.);
#531=FACE_OUTER_BOUND('',#827,.T.);
#532=FACE_OUTER_BOUND('',#828,.T.);
#533=FACE_OUTER_BOUND('',#829,.T.);
#534=FACE_OUTER_BOUND('',#830,.T.);
#535=FACE_OUTER_BOUND('',#831,.T.);
#536=FACE_OUTER_BOUND('',#832,.T.);
#537=FACE_OUTER_BOUND('',#833,.T.);
#538=FACE_OUTER_BOUND('',#834,.T.);
#539=FACE_OUTER_BOUND('',#835,.T.);
#540=FACE_OUTER_BOUND('',#836,.T.);
#541=FACE_OUTER_BOUND('',#837,.T.);
#542=FACE_OUTER_BOUND('',#838,.T.);
#543=FACE_OUTER_BOUND('',#840,.T.);
#544=FACE_OUTER_BOUND('',#841,.T.);
#545=FACE_OUTER_BOUND('',#842,.T.);
#546=FACE_OUTER_BOUND('',#843,.T.);
#547=FACE_OUTER_BOUND('',#845,.T.);
#548=FACE_OUTER_BOUND('',#846,.T.);
#549=FACE_OUTER_BOUND('',#847,.T.);
#550=FACE_OUTER_BOUND('',#848,.T.);
#551=FACE_OUTER_BOUND('',#849,.T.);
#552=FACE_OUTER_BOUND('',#850,.T.);
#553=FACE_OUTER_BOUND('',#851,.T.);
#554=FACE_OUTER_BOUND('',#852,.T.);
#555=FACE_OUTER_BOUND('',#853,.T.);
#556=FACE_OUTER_BOUND('',#854,.T.);
#557=FACE_OUTER_BOUND('',#856,.T.);
#558=FACE_OUTER_BOUND('',#857,.T.);
#559=FACE_OUTER_BOUND('',#858,.T.);
#560=FACE_OUTER_BOUND('',#859,.T.);
#561=FACE_OUTER_BOUND('',#861,.T.);
#562=FACE_OUTER_BOUND('',#862,.T.);
#563=FACE_OUTER_BOUND('',#863,.T.);
#564=FACE_OUTER_BOUND('',#864,.T.);
#565=FACE_OUTER_BOUND('',#865,.T.);
#566=FACE_OUTER_BOUND('',#866,.T.);
#567=FACE_OUTER_BOUND('',#867,.T.);
#568=FACE_OUTER_BOUND('',#868,.T.);
#569=FACE_OUTER_BOUND('',#869,.T.);
#570=FACE_OUTER_BOUND('',#872,.T.);
#571=FACE_OUTER_BOUND('',#875,.T.);
#572=FACE_OUTER_BOUND('',#876,.T.);
#573=FACE_OUTER_BOUND('',#877,.T.);
#574=FACE_OUTER_BOUND('',#879,.T.);
#575=FACE_OUTER_BOUND('',#881,.T.);
#576=FACE_OUTER_BOUND('',#882,.T.);
#577=FACE_OUTER_BOUND('',#883,.T.);
#578=FACE_OUTER_BOUND('',#884,.T.);
#579=FACE_OUTER_BOUND('',#886,.T.);
#580=FACE_OUTER_BOUND('',#888,.T.);
#581=FACE_OUTER_BOUND('',#889,.T.);
#582=FACE_OUTER_BOUND('',#890,.T.);
#583=FACE_OUTER_BOUND('',#892,.T.);
#584=FACE_OUTER_BOUND('',#893,.T.);
#585=FACE_OUTER_BOUND('',#894,.T.);
#586=FACE_OUTER_BOUND('',#895,.T.);
#587=FACE_OUTER_BOUND('',#896,.T.);
#588=FACE_OUTER_BOUND('',#897,.T.);
#589=FACE_OUTER_BOUND('',#898,.T.);
#590=FACE_OUTER_BOUND('',#899,.T.);
#591=FACE_OUTER_BOUND('',#900,.T.);
#592=FACE_OUTER_BOUND('',#902,.T.);
#593=FACE_OUTER_BOUND('',#903,.T.);
#594=FACE_OUTER_BOUND('',#904,.T.);
#595=FACE_OUTER_BOUND('',#906,.T.);
#596=FACE_OUTER_BOUND('',#907,.T.);
#597=FACE_OUTER_BOUND('',#909,.T.);
#598=EDGE_LOOP('',(#2576,#2577,#2578,#2579,#2580,#2581,#2582,#2583,#2584));
#599=EDGE_LOOP('',(#2585,#2586,#2587,#2588,#2589,#2590,#2591,#2592));
#600=EDGE_LOOP('',(#2593));
#601=EDGE_LOOP('',(#2594));
#602=EDGE_LOOP('',(#2595));
#603=EDGE_LOOP('',(#2596));
#604=EDGE_LOOP('',(#2597));
#605=EDGE_LOOP('',(#2598));
#606=EDGE_LOOP('',(#2599));
#607=EDGE_LOOP('',(#2600));
#608=EDGE_LOOP('',(#2601));
#609=EDGE_LOOP('',(#2602));
#610=EDGE_LOOP('',(#2603));
#611=EDGE_LOOP('',(#2604));
#612=EDGE_LOOP('',(#2605));
#613=EDGE_LOOP('',(#2606));
#614=EDGE_LOOP('',(#2607));
#615=EDGE_LOOP('',(#2608));
#616=EDGE_LOOP('',(#2609));
#617=EDGE_LOOP('',(#2610));
#618=EDGE_LOOP('',(#2611));
#619=EDGE_LOOP('',(#2612));
#620=EDGE_LOOP('',(#2613));
#621=EDGE_LOOP('',(#2614));
#622=EDGE_LOOP('',(#2615));
#623=EDGE_LOOP('',(#2616));
#624=EDGE_LOOP('',(#2617));
#625=EDGE_LOOP('',(#2618));
#626=EDGE_LOOP('',(#2619));
#627=EDGE_LOOP('',(#2620));
#628=EDGE_LOOP('',(#2621));
#629=EDGE_LOOP('',(#2622));
#630=EDGE_LOOP('',(#2623));
#631=EDGE_LOOP('',(#2624));
#632=EDGE_LOOP('',(#2625));
#633=EDGE_LOOP('',(#2626));
#634=EDGE_LOOP('',(#2627));
#635=EDGE_LOOP('',(#2628));
#636=EDGE_LOOP('',(#2629));
#637=EDGE_LOOP('',(#2630));
#638=EDGE_LOOP('',(#2631));
#639=EDGE_LOOP('',(#2632));
#640=EDGE_LOOP('',(#2633));
#641=EDGE_LOOP('',(#2634));
#642=EDGE_LOOP('',(#2635));
#643=EDGE_LOOP('',(#2636));
#644=EDGE_LOOP('',(#2637));
#645=EDGE_LOOP('',(#2638));
#646=EDGE_LOOP('',(#2639));
#647=EDGE_LOOP('',(#2640));
#648=EDGE_LOOP('',(#2641));
#649=EDGE_LOOP('',(#2642));
#650=EDGE_LOOP('',(#2643));
#651=EDGE_LOOP('',(#2644));
#652=EDGE_LOOP('',(#2645,#2646,#2647,#2648,#2649,#2650));
#653=EDGE_LOOP('',(#2651,#2652,#2653,#2654));
#654=EDGE_LOOP('',(#2655,#2656,#2657,#2658,#2659,#2660));
#655=EDGE_LOOP('',(#2661,#2662,#2663,#2664));
#656=EDGE_LOOP('',(#2665,#2666,#2667,#2668,#2669,#2670,#2671,#2672,#2673,
#2674,#2675,#2676));
#657=EDGE_LOOP('',(#2677,#2678,#2679,#2680));
#658=EDGE_LOOP('',(#2681));
#659=EDGE_LOOP('',(#2682));
#660=EDGE_LOOP('',(#2683));
#661=EDGE_LOOP('',(#2684));
#662=EDGE_LOOP('',(#2685,#2686,#2687,#2688,#2689,#2690));
#663=EDGE_LOOP('',(#2691,#2692,#2693,#2694));
#664=EDGE_LOOP('',(#2695,#2696,#2697,#2698,#2699,#2700,#2701,#2702,#2703,
#2704));
#665=EDGE_LOOP('',(#2705,#2706,#2707,#2708,#2709,#2710,#2711));
#666=EDGE_LOOP('',(#2712));
#667=EDGE_LOOP('',(#2713,#2714,#2715,#2716));
#668=EDGE_LOOP('',(#2717,#2718,#2719,#2720));
#669=EDGE_LOOP('',(#2721,#2722,#2723,#2724));
#670=EDGE_LOOP('',(#2725,#2726,#2727,#2728));
#671=EDGE_LOOP('',(#2729,#2730,#2731,#2732));
#672=EDGE_LOOP('',(#2733,#2734,#2735,#2736));
#673=EDGE_LOOP('',(#2737,#2738,#2739,#2740));
#674=EDGE_LOOP('',(#2741,#2742,#2743,#2744));
#675=EDGE_LOOP('',(#2745,#2746,#2747,#2748,#2749,#2750));
#676=EDGE_LOOP('',(#2751,#2752,#2753,#2754));
#677=EDGE_LOOP('',(#2755,#2756,#2757,#2758));
#678=EDGE_LOOP('',(#2759,#2760,#2761,#2762));
#679=EDGE_LOOP('',(#2763,#2764,#2765,#2766,#2767,#2768));
#680=EDGE_LOOP('',(#2769,#2770,#2771,#2772));
#681=EDGE_LOOP('',(#2773,#2774,#2775,#2776));
#682=EDGE_LOOP('',(#2777,#2778,#2779,#2780));
#683=EDGE_LOOP('',(#2781,#2782,#2783,#2784));
#684=EDGE_LOOP('',(#2785,#2786,#2787,#2788));
#685=EDGE_LOOP('',(#2789,#2790,#2791,#2792,#2793,#2794));
#686=EDGE_LOOP('',(#2795,#2796,#2797,#2798));
#687=EDGE_LOOP('',(#2799,#2800,#2801,#2802));
#688=EDGE_LOOP('',(#2803,#2804,#2805,#2806));
#689=EDGE_LOOP('',(#2807,#2808,#2809,#2810,#2811,#2812,#2813));
#690=EDGE_LOOP('',(#2814,#2815,#2816,#2817));
#691=EDGE_LOOP('',(#2818,#2819,#2820,#2821));
#692=EDGE_LOOP('',(#2822,#2823,#2824,#2825,#2826,#2827,#2828,#2829));
#693=EDGE_LOOP('',(#2830,#2831,#2832,#2833));
#694=EDGE_LOOP('',(#2834,#2835,#2836,#2837,#2838,#2839));
#695=EDGE_LOOP('',(#2840,#2841,#2842,#2843));
#696=EDGE_LOOP('',(#2844,#2845,#2846,#2847,#2848,#2849,#2850,#2851));
#697=EDGE_LOOP('',(#2852,#2853,#2854,#2855,#2856,#2857,#2858,#2859,#2860,
#2861,#2862));
#698=EDGE_LOOP('',(#2863,#2864,#2865,#2866));
#699=EDGE_LOOP('',(#2867,#2868,#2869,#2870));
#700=EDGE_LOOP('',(#2871,#2872,#2873,#2874,#2875));
#701=EDGE_LOOP('',(#2876,#2877,#2878,#2879));
#702=EDGE_LOOP('',(#2880,#2881,#2882,#2883));
#703=EDGE_LOOP('',(#2884,#2885,#2886,#2887));
#704=EDGE_LOOP('',(#2888,#2889,#2890,#2891));
#705=EDGE_LOOP('',(#2892,#2893,#2894,#2895));
#706=EDGE_LOOP('',(#2896,#2897,#2898,#2899,#2900,#2901));
#707=EDGE_LOOP('',(#2902,#2903,#2904,#2905));
#708=EDGE_LOOP('',(#2906,#2907,#2908,#2909));
#709=EDGE_LOOP('',(#2910,#2911,#2912,#2913));
#710=EDGE_LOOP('',(#2914,#2915,#2916,#2917));
#711=EDGE_LOOP('',(#2918,#2919,#2920,#2921));
#712=EDGE_LOOP('',(#2922,#2923,#2924,#2925,#2926));
#713=EDGE_LOOP('',(#2927,#2928,#2929,#2930));
#714=EDGE_LOOP('',(#2931,#2932,#2933,#2934));
#715=EDGE_LOOP('',(#2935,#2936,#2937,#2938,#2939));
#716=EDGE_LOOP('',(#2940,#2941,#2942,#2943,#2944,#2945));
#717=EDGE_LOOP('',(#2946,#2947,#2948,#2949,#2950,#2951));
#718=EDGE_LOOP('',(#2952,#2953,#2954,#2955,#2956));
#719=EDGE_LOOP('',(#2957,#2958,#2959,#2960));
#720=EDGE_LOOP('',(#2961,#2962,#2963,#2964));
#721=EDGE_LOOP('',(#2965,#2966,#2967,#2968,#2969,#2970));
#722=EDGE_LOOP('',(#2971,#2972,#2973,#2974));
#723=EDGE_LOOP('',(#2975,#2976,#2977,#2978));
#724=EDGE_LOOP('',(#2979,#2980,#2981,#2982));
#725=EDGE_LOOP('',(#2983,#2984,#2985,#2986));
#726=EDGE_LOOP('',(#2987,#2988,#2989,#2990));
#727=EDGE_LOOP('',(#2991,#2992,#2993,#2994,#2995,#2996,#2997,#2998,#2999,
#3000,#3001,#3002,#3003,#3004,#3005,#3006));
#728=EDGE_LOOP('',(#3007));
#729=EDGE_LOOP('',(#3008));
#730=EDGE_LOOP('',(#3009));
#731=EDGE_LOOP('',(#3010));
#732=EDGE_LOOP('',(#3011));
#733=EDGE_LOOP('',(#3012));
#734=EDGE_LOOP('',(#3013));
#735=EDGE_LOOP('',(#3014));
#736=EDGE_LOOP('',(#3015));
#737=EDGE_LOOP('',(#3016,#3017,#3018,#3019));
#738=EDGE_LOOP('',(#3020,#3021,#3022,#3023));
#739=EDGE_LOOP('',(#3024,#3025,#3026,#3027));
#740=EDGE_LOOP('',(#3028,#3029,#3030,#3031));
#741=EDGE_LOOP('',(#3032,#3033,#3034,#3035));
#742=EDGE_LOOP('',(#3036,#3037,#3038,#3039));
#743=EDGE_LOOP('',(#3040,#3041,#3042,#3043));
#744=EDGE_LOOP('',(#3044,#3045,#3046,#3047));
#745=EDGE_LOOP('',(#3048,#3049,#3050,#3051));
#746=EDGE_LOOP('',(#3052,#3053,#3054,#3055));
#747=EDGE_LOOP('',(#3056,#3057,#3058,#3059));
#748=EDGE_LOOP('',(#3060,#3061,#3062,#3063));
#749=EDGE_LOOP('',(#3064,#3065,#3066,#3067));
#750=EDGE_LOOP('',(#3068,#3069,#3070,#3071));
#751=EDGE_LOOP('',(#3072,#3073,#3074,#3075));
#752=EDGE_LOOP('',(#3076,#3077,#3078,#3079));
#753=EDGE_LOOP('',(#3080,#3081,#3082,#3083));
#754=EDGE_LOOP('',(#3084,#3085,#3086,#3087));
#755=EDGE_LOOP('',(#3088,#3089,#3090,#3091));
#756=EDGE_LOOP('',(#3092,#3093,#3094,#3095));
#757=EDGE_LOOP('',(#3096,#3097,#3098,#3099));
#758=EDGE_LOOP('',(#3100,#3101,#3102,#3103));
#759=EDGE_LOOP('',(#3104,#3105,#3106,#3107));
#760=EDGE_LOOP('',(#3108,#3109,#3110,#3111));
#761=EDGE_LOOP('',(#3112,#3113,#3114,#3115));
#762=EDGE_LOOP('',(#3116,#3117,#3118,#3119));
#763=EDGE_LOOP('',(#3120,#3121,#3122,#3123));
#764=EDGE_LOOP('',(#3124,#3125,#3126,#3127));
#765=EDGE_LOOP('',(#3128,#3129,#3130,#3131));
#766=EDGE_LOOP('',(#3132,#3133,#3134,#3135));
#767=EDGE_LOOP('',(#3136,#3137,#3138,#3139,#3140,#3141,#3142));
#768=EDGE_LOOP('',(#3143,#3144,#3145,#3146,#3147,#3148,#3149));
#769=EDGE_LOOP('',(#3150,#3151,#3152,#3153,#3154,#3155));
#770=EDGE_LOOP('',(#3156,#3157,#3158,#3159,#3160,#3161,#3162,#3163,#3164,
#3165,#3166,#3167));
#771=EDGE_LOOP('',(#3168,#3169,#3170,#3171,#3172,#3173,#3174,#3175,#3176));
#772=EDGE_LOOP('',(#3177,#3178,#3179));
#773=EDGE_LOOP('',(#3180,#3181,#3182));
#774=EDGE_LOOP('',(#3183,#3184,#3185,#3186));
#775=EDGE_LOOP('',(#3187,#3188,#3189));
#776=EDGE_LOOP('',(#3190,#3191,#3192,#3193,#3194,#3195));
#777=EDGE_LOOP('',(#3196,#3197,#3198,#3199,#3200));
#778=EDGE_LOOP('',(#3201,#3202,#3203,#3204,#3205,#3206));
#779=EDGE_LOOP('',(#3207,#3208,#3209,#3210,#3211,#3212,#3213));
#780=EDGE_LOOP('',(#3214,#3215,#3216,#3217,#3218,#3219));
#781=EDGE_LOOP('',(#3220,#3221,#3222,#3223,#3224,#3225,#3226,#3227,#3228,
#3229,#3230,#3231));
#782=EDGE_LOOP('',(#3232,#3233,#3234,#3235,#3236,#3237,#3238,#3239,#3240));
#783=EDGE_LOOP('',(#3241,#3242,#3243));
#784=EDGE_LOOP('',(#3244,#3245,#3246));
#785=EDGE_LOOP('',(#3247,#3248,#3249,#3250));
#786=EDGE_LOOP('',(#3251,#3252,#3253));
#787=EDGE_LOOP('',(#3254,#3255,#3256,#3257));
#788=EDGE_LOOP('',(#3258,#3259,#3260,#3261,#3262,#3263,#3264,#3265,#3266,
#3267,#3268,#3269,#3270,#3271,#3272,#3273,#3274,#3275,#3276,#3277,#3278,
#3279,#3280,#3281,#3282,#3283,#3284,#3285));
#789=EDGE_LOOP('',(#3286,#3287,#3288,#3289));
#790=EDGE_LOOP('',(#3290));
#791=EDGE_LOOP('',(#3291));
#792=EDGE_LOOP('',(#3292));
#793=EDGE_LOOP('',(#3293));
#794=EDGE_LOOP('',(#3294));
#795=EDGE_LOOP('',(#3295));
#796=EDGE_LOOP('',(#3296));
#797=EDGE_LOOP('',(#3297));
#798=EDGE_LOOP('',(#3298));
#799=EDGE_LOOP('',(#3299));
#800=EDGE_LOOP('',(#3300));
#801=EDGE_LOOP('',(#3301));
#802=EDGE_LOOP('',(#3302));
#803=EDGE_LOOP('',(#3303));
#804=EDGE_LOOP('',(#3304));
#805=EDGE_LOOP('',(#3305));
#806=EDGE_LOOP('',(#3306));
#807=EDGE_LOOP('',(#3307));
#808=EDGE_LOOP('',(#3308));
#809=EDGE_LOOP('',(#3309));
#810=EDGE_LOOP('',(#3310));
#811=EDGE_LOOP('',(#3311));
#812=EDGE_LOOP('',(#3312));
#813=EDGE_LOOP('',(#3313));
#814=EDGE_LOOP('',(#3314));
#815=EDGE_LOOP('',(#3315));
#816=EDGE_LOOP('',(#3316));
#817=EDGE_LOOP('',(#3317));
#818=EDGE_LOOP('',(#3318));
#819=EDGE_LOOP('',(#3319));
#820=EDGE_LOOP('',(#3320));
#821=EDGE_LOOP('',(#3321));
#822=EDGE_LOOP('',(#3322));
#823=EDGE_LOOP('',(#3323));
#824=EDGE_LOOP('',(#3324));
#825=EDGE_LOOP('',(#3325,#3326,#3327,#3328,#3329,#3330,#3331,#3332));
#826=EDGE_LOOP('',(#3333,#3334,#3335,#3336));
#827=EDGE_LOOP('',(#3337,#3338,#3339,#3340));
#828=EDGE_LOOP('',(#3341,#3342,#3343,#3344));
#829=EDGE_LOOP('',(#3345,#3346,#3347,#3348));
#830=EDGE_LOOP('',(#3349,#3350,#3351,#3352,#3353,#3354,#3355,#3356,#3357));
#831=EDGE_LOOP('',(#3358,#3359,#3360,#3361));
#832=EDGE_LOOP('',(#3362,#3363,#3364,#3365));
#833=EDGE_LOOP('',(#3366,#3367,#3368,#3369));
#834=EDGE_LOOP('',(#3370,#3371,#3372,#3373));
#835=EDGE_LOOP('',(#3374,#3375,#3376,#3377,#3378,#3379,#3380,#3381,#3382,
#3383,#3384,#3385,#3386));
#836=EDGE_LOOP('',(#3387,#3388,#3389,#3390));
#837=EDGE_LOOP('',(#3391,#3392,#3393,#3394));
#838=EDGE_LOOP('',(#3395,#3396,#3397,#3398,#3399,#3400,#3401,#3402,#3403,
#3404,#3405));
#839=EDGE_LOOP('',(#3406));
#840=EDGE_LOOP('',(#3407,#3408,#3409,#3410,#3411,#3412,#3413,#3414));
#841=EDGE_LOOP('',(#3415,#3416,#3417,#3418,#3419));
#842=EDGE_LOOP('',(#3420,#3421,#3422,#3423));
#843=EDGE_LOOP('',(#3424,#3425,#3426,#3427,#3428,#3429,#3430,#3431,#3432,
#3433,#3434,#3435));
#844=EDGE_LOOP('',(#3436));
#845=EDGE_LOOP('',(#3437,#3438,#3439,#3440,#3441));
#846=EDGE_LOOP('',(#3442,#3443,#3444,#3445));
#847=EDGE_LOOP('',(#3446,#3447,#3448,#3449));
#848=EDGE_LOOP('',(#3450,#3451,#3452,#3453,#3454));
#849=EDGE_LOOP('',(#3455,#3456,#3457,#3458,#3459,#3460,#3461,#3462));
#850=EDGE_LOOP('',(#3463,#3464,#3465,#3466,#3467,#3468,#3469,#3470));
#851=EDGE_LOOP('',(#3471,#3472,#3473,#3474));
#852=EDGE_LOOP('',(#3475,#3476,#3477,#3478));
#853=EDGE_LOOP('',(#3479,#3480));
#854=EDGE_LOOP('',(#3481,#3482,#3483,#3484,#3485,#3486));
#855=EDGE_LOOP('',(#3487));
#856=EDGE_LOOP('',(#3488,#3489,#3490,#3491));
#857=EDGE_LOOP('',(#3492,#3493,#3494));
#858=EDGE_LOOP('',(#3495,#3496,#3497));
#859=EDGE_LOOP('',(#3498,#3499,#3500,#3501,#3502,#3503,#3504,#3505));
#860=EDGE_LOOP('',(#3506));
#861=EDGE_LOOP('',(#3507,#3508,#3509,#3510));
#862=EDGE_LOOP('',(#3511,#3512,#3513,#3514,#3515));
#863=EDGE_LOOP('',(#3516,#3517,#3518,#3519));
#864=EDGE_LOOP('',(#3520,#3521,#3522,#3523));
#865=EDGE_LOOP('',(#3524,#3525,#3526,#3527));
#866=EDGE_LOOP('',(#3528,#3529,#3530,#3531));
#867=EDGE_LOOP('',(#3532,#3533,#3534,#3535));
#868=EDGE_LOOP('',(#3536,#3537,#3538,#3539));
#869=EDGE_LOOP('',(#3540,#3541,#3542,#3543));
#870=EDGE_LOOP('',(#3544));
#871=EDGE_LOOP('',(#3545));
#872=EDGE_LOOP('',(#3546,#3547,#3548,#3549));
#873=EDGE_LOOP('',(#3550));
#874=EDGE_LOOP('',(#3551));
#875=EDGE_LOOP('',(#3552,#3553,#3554,#3555));
#876=EDGE_LOOP('',(#3556,#3557,#3558,#3559));
#877=EDGE_LOOP('',(#3560,#3561,#3562,#3563,#3564));
#878=EDGE_LOOP('',(#3565));
#879=EDGE_LOOP('',(#3566,#3567,#3568,#3569,#3570));
#880=EDGE_LOOP('',(#3571));
#881=EDGE_LOOP('',(#3572,#3573,#3574,#3575));
#882=EDGE_LOOP('',(#3576,#3577,#3578,#3579));
#883=EDGE_LOOP('',(#3580,#3581,#3582,#3583));
#884=EDGE_LOOP('',(#3584,#3585,#3586,#3587));
#885=EDGE_LOOP('',(#3588));
#886=EDGE_LOOP('',(#3589,#3590,#3591,#3592));
#887=EDGE_LOOP('',(#3593));
#888=EDGE_LOOP('',(#3594,#3595,#3596,#3597));
#889=EDGE_LOOP('',(#3598,#3599,#3600,#3601,#3602,#3603));
#890=EDGE_LOOP('',(#3604,#3605,#3606,#3607,#3608,#3609,#3610,#3611));
#891=EDGE_LOOP('',(#3612));
#892=EDGE_LOOP('',(#3613,#3614,#3615,#3616));
#893=EDGE_LOOP('',(#3617,#3618,#3619,#3620));
#894=EDGE_LOOP('',(#3621,#3622,#3623,#3624));
#895=EDGE_LOOP('',(#3625,#3626,#3627,#3628,#3629,#3630));
#896=EDGE_LOOP('',(#3631,#3632,#3633,#3634,#3635,#3636));
#897=EDGE_LOOP('',(#3637,#3638,#3639,#3640));
#898=EDGE_LOOP('',(#3641,#3642,#3643,#3644));
#899=EDGE_LOOP('',(#3645,#3646,#3647,#3648));
#900=EDGE_LOOP('',(#3649,#3650,#3651,#3652));
#901=EDGE_LOOP('',(#3653));
#902=EDGE_LOOP('',(#3654,#3655,#3656,#3657));
#903=EDGE_LOOP('',(#3658,#3659,#3660,#3661));
#904=EDGE_LOOP('',(#3662,#3663,#3664,#3665,#3666,#3667,#3668,#3669,#3670));
#905=EDGE_LOOP('',(#3671));
#906=EDGE_LOOP('',(#3672,#3673,#3674,#3675));
#907=EDGE_LOOP('',(#3676,#3677,#3678,#3679,#3680,#3681,#3682,#3683,#3684));
#908=EDGE_LOOP('',(#3685));
#909=EDGE_LOOP('',(#3686,#3687,#3688,#3689));
#910=LINE('',#5477,#1282);
#911=LINE('',#5479,#1283);
#912=LINE('',#5481,#1284);
#913=LINE('',#5483,#1285);
#914=LINE('',#5485,#1286);
#915=LINE('',#5487,#1287);
#916=LINE('',#5489,#1288);
#917=LINE('',#5491,#1289);
#918=LINE('',#5492,#1290);
#919=LINE('',#5495,#1291);
#920=LINE('',#5497,#1292);
#921=LINE('',#5499,#1293);
#922=LINE('',#5501,#1294);
#923=LINE('',#5503,#1295);
#924=LINE('',#5505,#1296);
#925=LINE('',#5507,#1297);
#926=LINE('',#5508,#1298);
#927=LINE('',#5617,#1299);
#928=LINE('',#5626,#1300);
#929=LINE('',#5628,#1301);
#930=LINE('',#5630,#1302);
#931=LINE('',#5631,#1303);
#932=LINE('',#5634,#1304);
#933=LINE('',#5636,#1305);
#934=LINE('',#5638,#1306);
#935=LINE('',#5640,#1307);
#936=LINE('',#5641,#1308);
#937=LINE('',#5644,#1309);
#938=LINE('',#5646,#1310);
#939=LINE('',#5647,#1311);
#940=LINE('',#5650,#1312);
#941=LINE('',#5652,#1313);
#942=LINE('',#5654,#1314);
#943=LINE('',#5656,#1315);
#944=LINE('',#5658,#1316);
#945=LINE('',#5660,#1317);
#946=LINE('',#5662,#1318);
#947=LINE('',#5664,#1319);
#948=LINE('',#5666,#1320);
#949=LINE('',#5668,#1321);
#950=LINE('',#5669,#1322);
#951=LINE('',#5671,#1323);
#952=LINE('',#5672,#1324);
#953=LINE('',#5681,#1325);
#954=LINE('',#5683,#1326);
#955=LINE('',#5685,#1327);
#956=LINE('',#5686,#1328);
#957=LINE('',#5689,#1329);
#958=LINE('',#5691,#1330);
#959=LINE('',#5692,#1331);
#960=LINE('',#5696,#1332);
#961=LINE('',#5698,#1333);
#962=LINE('',#5700,#1334);
#963=LINE('',#5702,#1335);
#964=LINE('',#5703,#1336);
#965=LINE('',#5705,#1337);
#966=LINE('',#5706,#1338);
#967=LINE('',#5708,#1339);
#968=LINE('',#5709,#1340);
#969=LINE('',#5715,#1341);
#970=LINE('',#5717,#1342);
#971=LINE('',#5719,#1343);
#972=LINE('',#5720,#1344);
#973=LINE('',#5723,#1345);
#974=LINE('',#5725,#1346);
#975=LINE('',#5726,#1347);
#976=LINE('',#5729,#1348);
#977=LINE('',#5731,#1349);
#978=LINE('',#5732,#1350);
#979=LINE('',#5734,#1351);
#980=LINE('',#5736,#1352);
#981=LINE('',#5740,#1353);
#982=LINE('',#5742,#1354);
#983=LINE('',#5744,#1355);
#984=LINE('',#5745,#1356);
#985=LINE('',#5748,#1357);
#986=LINE('',#5750,#1358);
#987=LINE('',#5754,#1359);
#988=LINE('',#5756,#1360);
#989=LINE('',#5757,#1361);
#990=LINE('',#5760,#1362);
#991=LINE('',#5764,#1363);
#992=LINE('',#5767,#1364);
#993=LINE('',#5770,#1365);
#994=LINE('',#5774,#1366);
#995=LINE('',#5777,#1367);
#996=LINE('',#5782,#1368);
#997=LINE('',#5783,#1369);
#998=LINE('',#5789,#1370);
#999=LINE('',#5792,#1371);
#1000=LINE('',#5793,#1372);
#1001=LINE('',#5795,#1373);
#1002=LINE('',#5798,#1374);
#1003=LINE('',#5800,#1375);
#1004=LINE('',#5801,#1376);
#1005=LINE('',#5805,#1377);
#1006=LINE('',#5806,#1378);
#1007=LINE('',#5809,#1379);
#1008=LINE('',#5811,#1380);
#1009=LINE('',#5812,#1381);
#1010=LINE('',#5815,#1382);
#1011=LINE('',#5816,#1383);
#1012=LINE('',#5820,#1384);
#1013=LINE('',#5822,#1385);
#1014=LINE('',#5824,#1386);
#1015=LINE('',#5825,#1387);
#1016=LINE('',#5829,#1388);
#1017=LINE('',#5831,#1389);
#1018=LINE('',#5833,#1390);
#1019=LINE('',#5834,#1391);
#1020=LINE('',#5840,#1392);
#1021=LINE('',#5842,#1393);
#1022=LINE('',#5845,#1394);
#1023=LINE('',#5846,#1395);
#1024=LINE('',#5855,#1396);
#1025=LINE('',#5860,#1397);
#1026=LINE('',#5862,#1398);
#1027=LINE('',#5863,#1399);
#1028=LINE('',#5868,#1400);
#1029=LINE('',#5871,#1401);
#1030=LINE('',#5897,#1402);
#1031=LINE('',#5899,#1403);
#1032=LINE('',#5923,#1404);
#1033=LINE('',#5952,#1405);
#1034=LINE('',#5955,#1406);
#1035=LINE('',#5957,#1407);
#1036=LINE('',#5984,#1408);
#1037=LINE('',#5987,#1409);
#1038=LINE('',#5991,#1410);
#1039=LINE('',#5995,#1411);
#1040=LINE('',#6000,#1412);
#1041=LINE('',#6004,#1413);
#1042=LINE('',#6008,#1414);
#1043=LINE('',#6012,#1415);
#1044=LINE('',#6016,#1416);
#1045=LINE('',#6020,#1417);
#1046=LINE('',#6025,#1418);
#1047=LINE('',#6029,#1419);
#1048=LINE('',#6033,#1420);
#1049=LINE('',#6037,#1421);
#1050=LINE('',#6041,#1422);
#1051=LINE('',#6045,#1423);
#1052=LINE('',#6050,#1424);
#1053=LINE('',#6054,#1425);
#1054=LINE('',#6058,#1426);
#1055=LINE('',#6062,#1427);
#1056=LINE('',#6065,#1428);
#1057=LINE('',#6069,#1429);
#1058=LINE('',#6074,#1430);
#1059=LINE('',#6078,#1431);
#1060=LINE('',#6082,#1432);
#1061=LINE('',#6087,#1433);
#1062=LINE('',#6091,#1434);
#1063=LINE('',#6095,#1435);
#1064=LINE('',#6099,#1436);
#1065=LINE('',#6100,#1437);
#1066=LINE('',#6102,#1438);
#1067=LINE('',#6107,#1439);
#1068=LINE('',#6109,#1440);
#1069=LINE('',#6111,#1441);
#1070=LINE('',#6112,#1442);
#1071=LINE('',#6115,#1443);
#1072=LINE('',#6118,#1444);
#1073=LINE('',#6121,#1445);
#1074=LINE('',#6122,#1446);
#1075=LINE('',#6125,#1447);
#1076=LINE('',#6126,#1448);
#1077=LINE('',#6129,#1449);
#1078=LINE('',#6130,#1450);
#1079=LINE('',#6132,#1451);
#1080=LINE('',#6135,#1452);
#1081=LINE('',#6139,#1453);
#1082=LINE('',#6143,#1454);
#1083=LINE('',#6147,#1455);
#1084=LINE('',#6151,#1456);
#1085=LINE('',#6155,#1457);
#1086=LINE('',#6159,#1458);
#1087=LINE('',#6163,#1459);
#1088=LINE('',#6167,#1460);
#1089=LINE('',#6171,#1461);
#1090=LINE('',#6175,#1462);
#1091=LINE('',#6179,#1463);
#1092=LINE('',#6183,#1464);
#1093=LINE('',#6187,#1465);
#1094=LINE('',#6191,#1466);
#1095=LINE('',#6195,#1467);
#1096=LINE('',#6199,#1468);
#1097=LINE('',#6203,#1469);
#1098=LINE('',#6207,#1470);
#1099=LINE('',#6211,#1471);
#1100=LINE('',#6215,#1472);
#1101=LINE('',#6219,#1473);
#1102=LINE('',#6223,#1474);
#1103=LINE('',#6227,#1475);
#1104=LINE('',#6230,#1476);
#1105=LINE('',#6232,#1477);
#1106=LINE('',#6234,#1478);
#1107=LINE('',#6235,#1479);
#1108=LINE('',#6238,#1480);
#1109=LINE('',#6242,#1481);
#1110=LINE('',#6243,#1482);
#1111=LINE('',#6247,#1483);
#1112=LINE('',#6251,#1484);
#1113=LINE('',#6253,#1485);
#1114=LINE('',#6255,#1486);
#1115=LINE('',#6257,#1487);
#1116=LINE('',#6259,#1488);
#1117=LINE('',#6261,#1489);
#1118=LINE('',#6262,#1490);
#1119=LINE('',#6265,#1491);
#1120=LINE('',#6266,#1492);
#1121=LINE('',#6268,#1493);
#1122=LINE('',#6269,#1494);
#1123=LINE('',#6272,#1495);
#1124=LINE('',#6273,#1496);
#1125=LINE('',#6275,#1497);
#1126=LINE('',#6277,#1498);
#1127=LINE('',#6282,#1499);
#1128=LINE('',#6284,#1500);
#1129=LINE('',#6286,#1501);
#1130=LINE('',#6287,#1502);
#1131=LINE('',#6290,#1503);
#1132=LINE('',#6292,#1504);
#1133=LINE('',#6293,#1505);
#1134=LINE('',#6295,#1506);
#1135=LINE('',#6297,#1507);
#1136=LINE('',#6299,#1508);
#1137=LINE('',#6302,#1509);
#1138=LINE('',#6306,#1510);
#1139=LINE('',#6310,#1511);
#1140=LINE('',#6312,#1512);
#1141=LINE('',#6314,#1513);
#1142=LINE('',#6316,#1514);
#1143=LINE('',#6318,#1515);
#1144=LINE('',#6320,#1516);
#1145=LINE('',#6321,#1517);
#1146=LINE('',#6324,#1518);
#1147=LINE('',#6325,#1519);
#1148=LINE('',#6327,#1520);
#1149=LINE('',#6328,#1521);
#1150=LINE('',#6331,#1522);
#1151=LINE('',#6332,#1523);
#1152=LINE('',#6334,#1524);
#1153=LINE('',#6336,#1525);
#1154=LINE('',#6340,#1526);
#1155=LINE('',#6342,#1527);
#1156=LINE('',#6344,#1528);
#1157=LINE('',#6345,#1529);
#1158=LINE('',#6347,#1530);
#1159=LINE('',#6349,#1531);
#1160=LINE('',#6350,#1532);
#1161=LINE('',#6354,#1533);
#1162=LINE('',#6355,#1534);
#1163=LINE('',#6356,#1535);
#1164=LINE('',#6358,#1536);
#1165=LINE('',#6361,#1537);
#1166=LINE('',#6363,#1538);
#1167=LINE('',#6367,#1539);
#1168=LINE('',#6372,#1540);
#1169=LINE('',#6374,#1541);
#1170=LINE('',#6376,#1542);
#1171=LINE('',#6378,#1543);
#1172=LINE('',#6379,#1544);
#1173=LINE('',#6380,#1545);
#1174=LINE('',#6381,#1546);
#1175=LINE('',#6385,#1547);
#1176=LINE('',#6390,#1548);
#1177=LINE('',#6396,#1549);
#1178=LINE('',#6398,#1550);
#1179=LINE('',#6400,#1551);
#1180=LINE('',#6402,#1552);
#1181=LINE('',#6404,#1553);
#1182=LINE('',#6406,#1554);
#1183=LINE('',#6407,#1555);
#1184=LINE('',#6412,#1556);
#1185=LINE('',#6420,#1557);
#1186=LINE('',#6423,#1558);
#1187=LINE('',#6427,#1559);
#1188=LINE('',#6429,#1560);
#1189=LINE('',#6431,#1561);
#1190=LINE('',#6433,#1562);
#1191=LINE('',#6435,#1563);
#1192=LINE('',#6437,#1564);
#1193=LINE('',#6438,#1565);
#1194=LINE('',#6443,#1566);
#1195=LINE('',#6447,#1567);
#1196=LINE('',#6448,#1568);
#1197=LINE('',#6451,#1569);
#1198=LINE('',#6454,#1570);
#1199=LINE('',#6457,#1571);
#1200=LINE('',#6465,#1572);
#1201=LINE('',#6466,#1573);
#1202=LINE('',#6471,#1574);
#1203=LINE('',#6478,#1575);
#1204=LINE('',#6484,#1576);
#1205=LINE('',#6485,#1577);
#1206=LINE('',#6487,#1578);
#1207=LINE('',#6493,#1579);
#1208=LINE('',#6499,#1580);
#1209=LINE('',#6504,#1581);
#1210=LINE('',#6506,#1582);
#1211=LINE('',#6508,#1583);
#1212=LINE('',#6509,#1584);
#1213=LINE('',#6512,#1585);
#1214=LINE('',#6514,#1586);
#1215=LINE('',#6515,#1587);
#1216=LINE('',#6518,#1588);
#1217=LINE('',#6520,#1589);
#1218=LINE('',#6521,#1590);
#1219=LINE('',#6523,#1591);
#1220=LINE('',#6524,#1592);
#1221=LINE('',#6530,#1593);
#1222=LINE('',#6532,#1594);
#1223=LINE('',#6534,#1595);
#1224=LINE('',#6535,#1596);
#1225=LINE('',#6538,#1597);
#1226=LINE('',#6540,#1598);
#1227=LINE('',#6541,#1599);
#1228=LINE('',#6544,#1600);
#1229=LINE('',#6546,#1601);
#1230=LINE('',#6547,#1602);
#1231=LINE('',#6552,#1603);
#1232=LINE('',#6554,#1604);
#1233=LINE('',#6555,#1605);
#1234=LINE('',#6562,#1606);
#1235=LINE('',#6565,#1607);
#1236=LINE('',#6566,#1608);
#1237=LINE('',#6568,#1609);
#1238=LINE('',#6574,#1610);
#1239=LINE('',#6576,#1611);
#1240=LINE('',#6578,#1612);
#1241=LINE('',#6579,#1613);
#1242=LINE('',#6582,#1614);
#1243=LINE('',#6584,#1615);
#1244=LINE('',#6586,#1616);
#1245=LINE('',#6588,#1617);
#1246=LINE('',#6589,#1618);
#1247=LINE('',#6592,#1619);
#1248=LINE('',#6594,#1620);
#1249=LINE('',#6596,#1621);
#1250=LINE('',#6598,#1622);
#1251=LINE('',#6600,#1623);
#1252=LINE('',#6602,#1624);
#1253=LINE('',#6603,#1625);
#1254=LINE('',#6609,#1626);
#1255=LINE('',#6611,#1627);
#1256=LINE('',#6613,#1628);
#1257=LINE('',#6614,#1629);
#1258=LINE('',#6617,#1630);
#1259=LINE('',#6619,#1631);
#1260=LINE('',#6620,#1632);
#1261=LINE('',#6623,#1633);
#1262=LINE('',#6625,#1634);
#1263=LINE('',#6626,#1635);
#1264=LINE('',#6629,#1636);
#1265=LINE('',#6631,#1637);
#1266=LINE('',#6632,#1638);
#1267=LINE('',#6633,#1639);
#1268=LINE('',#6636,#1640);
#1269=LINE('',#6637,#1641);
#1270=LINE('',#6641,#1642);
#1271=LINE('',#6644,#1643);
#1272=LINE('',#6645,#1644);
#1273=LINE('',#6650,#1645);
#1274=LINE('',#6653,#1646);
#1275=LINE('',#6656,#1647);
#1276=LINE('',#6658,#1648);
#1277=LINE('',#6659,#1649);
#1278=LINE('',#6661,#1650);
#1279=LINE('',#6662,#1651);
#1280=LINE('',#6665,#1652);
#1281=LINE('',#6667,#1653);
#1282=VECTOR('',#4371,10.);
#1283=VECTOR('',#4372,10.);
#1284=VECTOR('',#4373,10.);
#1285=VECTOR('',#4374,10.);
#1286=VECTOR('',#4375,10.);
#1287=VECTOR('',#4376,10.);
#1288=VECTOR('',#4377,10.);
#1289=VECTOR('',#4378,10.);
#1290=VECTOR('',#4379,10.);
#1291=VECTOR('',#4380,10.);
#1292=VECTOR('',#4381,10.);
#1293=VECTOR('',#4382,10.);
#1294=VECTOR('',#4383,10.);
#1295=VECTOR('',#4384,10.);
#1296=VECTOR('',#4385,10.);
#1297=VECTOR('',#4386,10.);
#1298=VECTOR('',#4387,10.);
#1299=VECTOR('',#4496,1.);
#1300=VECTOR('',#4505,10.);
#1301=VECTOR('',#4506,10.);
#1302=VECTOR('',#4507,10.);
#1303=VECTOR('',#4508,10.);
#1304=VECTOR('',#4511,10.);
#1305=VECTOR('',#4512,10.);
#1306=VECTOR('',#4513,10.);
#1307=VECTOR('',#4514,10.);
#1308=VECTOR('',#4515,10.);
#1309=VECTOR('',#4518,10.);
#1310=VECTOR('',#4519,10.);
#1311=VECTOR('',#4520,10.);
#1312=VECTOR('',#4523,10.);
#1313=VECTOR('',#4524,10.);
#1314=VECTOR('',#4525,10.);
#1315=VECTOR('',#4526,10.);
#1316=VECTOR('',#4527,10.);
#1317=VECTOR('',#4528,10.);
#1318=VECTOR('',#4529,10.);
#1319=VECTOR('',#4530,10.);
#1320=VECTOR('',#4531,10.);
#1321=VECTOR('',#4532,10.);
#1322=VECTOR('',#4533,10.);
#1323=VECTOR('',#4534,10.);
#1324=VECTOR('',#4535,10.);
#1325=VECTOR('',#4544,10.);
#1326=VECTOR('',#4545,10.);
#1327=VECTOR('',#4546,10.);
#1328=VECTOR('',#4547,10.);
#1329=VECTOR('',#4550,10.);
#1330=VECTOR('',#4551,10.);
#1331=VECTOR('',#4552,10.);
#1332=VECTOR('',#4555,10.);
#1333=VECTOR('',#4556,10.);
#1334=VECTOR('',#4557,10.);
#1335=VECTOR('',#4558,10.);
#1336=VECTOR('',#4559,10.);
#1337=VECTOR('',#4560,10.);
#1338=VECTOR('',#4561,10.);
#1339=VECTOR('',#4562,10.);
#1340=VECTOR('',#4563,10.);
#1341=VECTOR('',#4568,10.);
#1342=VECTOR('',#4569,10.);
#1343=VECTOR('',#4570,10.);
#1344=VECTOR('',#4571,10.);
#1345=VECTOR('',#4574,10.);
#1346=VECTOR('',#4575,10.);
#1347=VECTOR('',#4576,10.);
#1348=VECTOR('',#4579,10.);
#1349=VECTOR('',#4580,10.);
#1350=VECTOR('',#4581,10.);
#1351=VECTOR('',#4584,10.);
#1352=VECTOR('',#4587,10.);
#1353=VECTOR('',#4590,10.);
#1354=VECTOR('',#4591,10.);
#1355=VECTOR('',#4592,10.);
#1356=VECTOR('',#4593,10.);
#1357=VECTOR('',#4596,10.);
#1358=VECTOR('',#4597,10.);
#1359=VECTOR('',#4602,10.);
#1360=VECTOR('',#4603,10.);
#1361=VECTOR('',#4604,10.);
#1362=VECTOR('',#4607,10.);
#1363=VECTOR('',#4610,10.);
#1364=VECTOR('',#4613,10.);
#1365=VECTOR('',#4614,10.);
#1366=VECTOR('',#4617,10.);
#1367=VECTOR('',#4622,10.);
#1368=VECTOR('',#4627,10.);
#1369=VECTOR('',#4628,10.);
#1370=VECTOR('',#4633,10.);
#1371=VECTOR('',#4636,10.);
#1372=VECTOR('',#4637,10.);
#1373=VECTOR('',#4638,10.);
#1374=VECTOR('',#4641,10.);
#1375=VECTOR('',#4644,10.);
#1376=VECTOR('',#4645,10.);
#1377=VECTOR('',#4652,10.);
#1378=VECTOR('',#4653,10.);
#1379=VECTOR('',#4656,10.);
#1380=VECTOR('',#4657,10.);
#1381=VECTOR('',#4658,10.);
#1382=VECTOR('',#4661,10.);
#1383=VECTOR('',#4662,10.);
#1384=VECTOR('',#4665,10.);
#1385=VECTOR('',#4666,10.);
#1386=VECTOR('',#4667,10.);
#1387=VECTOR('',#4668,10.);
#1388=VECTOR('',#4671,10.);
#1389=VECTOR('',#4672,10.);
#1390=VECTOR('',#4673,10.);
#1391=VECTOR('',#4674,10.);
#1392=VECTOR('',#4679,10.);
#1393=VECTOR('',#4680,10.);
#1394=VECTOR('',#4683,10.);
#1395=VECTOR('',#4684,10.);
#1396=VECTOR('',#4697,10.);
#1397=VECTOR('',#4702,10.);
#1398=VECTOR('',#4703,10.);
#1399=VECTOR('',#4704,10.);
#1400=VECTOR('',#4711,10.);
#1401=VECTOR('',#4714,10.);
#1402=VECTOR('',#4717,10.);
#1403=VECTOR('',#4718,10.);
#1404=VECTOR('',#4719,10.);
#1405=VECTOR('',#4722,10.);
#1406=VECTOR('',#4725,10.);
#1407=VECTOR('',#4726,10.);
#1408=VECTOR('',#4727,10.);
#1409=VECTOR('',#4730,1.5);
#1410=VECTOR('',#4735,1.5);
#1411=VECTOR('',#4740,1.5);
#1412=VECTOR('',#4747,1.5);
#1413=VECTOR('',#4752,1.5);
#1414=VECTOR('',#4757,1.5);
#1415=VECTOR('',#4762,1.5);
#1416=VECTOR('',#4767,1.5);
#1417=VECTOR('',#4772,1.5);
#1418=VECTOR('',#4779,1.5);
#1419=VECTOR('',#4784,1.5);
#1420=VECTOR('',#4789,1.5);
#1421=VECTOR('',#4794,1.5);
#1422=VECTOR('',#4799,1.5);
#1423=VECTOR('',#4804,1.5);
#1424=VECTOR('',#4811,1.5);
#1425=VECTOR('',#4816,1.5);
#1426=VECTOR('',#4821,1.5);
#1427=VECTOR('',#4828,1.5);
#1428=VECTOR('',#4833,1.5);
#1429=VECTOR('',#4838,1.5);
#1430=VECTOR('',#4845,1.5);
#1431=VECTOR('',#4850,1.5);
#1432=VECTOR('',#4855,1.5);
#1433=VECTOR('',#4862,1.5);
#1434=VECTOR('',#4867,1.5);
#1435=VECTOR('',#4872,1.5);
#1436=VECTOR('',#4877,10.);
#1437=VECTOR('',#4878,10.);
#1438=VECTOR('',#4881,10.);
#1439=VECTOR('',#4886,10.);
#1440=VECTOR('',#4887,10.);
#1441=VECTOR('',#4888,10.);
#1442=VECTOR('',#4889,10.);
#1443=VECTOR('',#4892,10.);
#1444=VECTOR('',#4895,10.);
#1445=VECTOR('',#4898,10.);
#1446=VECTOR('',#4899,10.);
#1447=VECTOR('',#4902,10.);
#1448=VECTOR('',#4903,10.);
#1449=VECTOR('',#4906,10.);
#1450=VECTOR('',#4907,10.);
#1451=VECTOR('',#4910,10.);
#1452=VECTOR('',#4913,1.5);
#1453=VECTOR('',#4918,1.5);
#1454=VECTOR('',#4923,1.5);
#1455=VECTOR('',#4928,1.5);
#1456=VECTOR('',#4933,1.5);
#1457=VECTOR('',#4938,1.5);
#1458=VECTOR('',#4943,1.5);
#1459=VECTOR('',#4948,1.5);
#1460=VECTOR('',#4953,1.5);
#1461=VECTOR('',#4958,1.5);
#1462=VECTOR('',#4963,1.5);
#1463=VECTOR('',#4968,1.5);
#1464=VECTOR('',#4973,1.5);
#1465=VECTOR('',#4978,1.5);
#1466=VECTOR('',#4983,1.5);
#1467=VECTOR('',#4988,1.5);
#1468=VECTOR('',#4993,1.5);
#1469=VECTOR('',#4998,1.5);
#1470=VECTOR('',#5003,1.5);
#1471=VECTOR('',#5008,1.5);
#1472=VECTOR('',#5013,1.5);
#1473=VECTOR('',#5018,1.5);
#1474=VECTOR('',#5023,1.5);
#1475=VECTOR('',#5028,1.5);
#1476=VECTOR('',#5033,10.);
#1477=VECTOR('',#5034,10.);
#1478=VECTOR('',#5035,10.);
#1479=VECTOR('',#5036,10.);
#1480=VECTOR('',#5039,10.);
#1481=VECTOR('',#5042,10.);
#1482=VECTOR('',#5043,10.);
#1483=VECTOR('',#5048,1.5);
#1484=VECTOR('',#5053,10.);
#1485=VECTOR('',#5054,10.);
#1486=VECTOR('',#5055,10.);
#1487=VECTOR('',#5056,10.);
#1488=VECTOR('',#5057,10.);
#1489=VECTOR('',#5058,10.);
#1490=VECTOR('',#5059,10.);
#1491=VECTOR('',#5062,10.);
#1492=VECTOR('',#5063,10.);
#1493=VECTOR('',#5064,10.);
#1494=VECTOR('',#5065,10.);
#1495=VECTOR('',#5068,10.);
#1496=VECTOR('',#5069,10.);
#1497=VECTOR('',#5072,10.);
#1498=VECTOR('',#5075,10.);
#1499=VECTOR('',#5082,10.);
#1500=VECTOR('',#5083,10.);
#1501=VECTOR('',#5084,10.);
#1502=VECTOR('',#5085,10.);
#1503=VECTOR('',#5088,10.);
#1504=VECTOR('',#5089,10.);
#1505=VECTOR('',#5090,10.);
#1506=VECTOR('',#5093,10.);
#1507=VECTOR('',#5094,10.);
#1508=VECTOR('',#5095,10.);
#1509=VECTOR('',#5098,10.);
#1510=VECTOR('',#5103,1.5);
#1511=VECTOR('',#5108,10.);
#1512=VECTOR('',#5109,10.);
#1513=VECTOR('',#5110,10.);
#1514=VECTOR('',#5111,10.);
#1515=VECTOR('',#5112,10.);
#1516=VECTOR('',#5113,10.);
#1517=VECTOR('',#5114,10.);
#1518=VECTOR('',#5117,10.);
#1519=VECTOR('',#5118,10.);
#1520=VECTOR('',#5119,10.);
#1521=VECTOR('',#5120,10.);
#1522=VECTOR('',#5123,10.);
#1523=VECTOR('',#5124,10.);
#1524=VECTOR('',#5127,10.);
#1525=VECTOR('',#5130,10.);
#1526=VECTOR('',#5137,10.);
#1527=VECTOR('',#5138,10.);
#1528=VECTOR('',#5139,10.);
#1529=VECTOR('',#5140,10.);
#1530=VECTOR('',#5141,10.);
#1531=VECTOR('',#5142,10.);
#1532=VECTOR('',#5143,10.);
#1533=VECTOR('',#5148,10.);
#1534=VECTOR('',#5149,10.);
#1535=VECTOR('',#5150,10.);
#1536=VECTOR('',#5153,10.);
#1537=VECTOR('',#5158,1.);
#1538=VECTOR('',#5161,10.);
#1539=VECTOR('',#5168,1.5);
#1540=VECTOR('',#5175,10.);
#1541=VECTOR('',#5176,10.);
#1542=VECTOR('',#5177,10.);
#1543=VECTOR('',#5178,10.);
#1544=VECTOR('',#5179,10.);
#1545=VECTOR('',#5180,10.);
#1546=VECTOR('',#5181,10.);
#1547=VECTOR('',#5186,10.);
#1548=VECTOR('',#5191,1.49999955362207);
#1549=VECTOR('',#5198,10.);
#1550=VECTOR('',#5199,10.);
#1551=VECTOR('',#5200,10.);
#1552=VECTOR('',#5201,10.);
#1553=VECTOR('',#5202,10.);
#1554=VECTOR('',#5203,10.);
#1555=VECTOR('',#5204,10.);
#1556=VECTOR('',#5209,1.99999955362207);
#1557=VECTOR('',#5220,10.);
#1558=VECTOR('',#5223,1.49999955362207);
#1559=VECTOR('',#5228,10.);
#1560=VECTOR('',#5229,10.);
#1561=VECTOR('',#5230,10.);
#1562=VECTOR('',#5231,10.);
#1563=VECTOR('',#5232,10.);
#1564=VECTOR('',#5233,10.);
#1565=VECTOR('',#5234,10.);
#1566=VECTOR('',#5239,10.);
#1567=VECTOR('',#5244,10.);
#1568=VECTOR('',#5245,10.);
#1569=VECTOR('',#5248,10.);
#1570=VECTOR('',#5253,10.);
#1571=VECTOR('',#5258,1.99999955362207);
#1572=VECTOR('',#5269,10.);
#1573=VECTOR('',#5270,10.);
#1574=VECTOR('',#5275,1.5);
#1575=VECTOR('',#5288,10.);
#1576=VECTOR('',#5297,10.);
#1577=VECTOR('',#5298,10.);
#1578=VECTOR('',#5301,10.);
#1579=VECTOR('',#5308,1.5);
#1580=VECTOR('',#5315,1.5);
#1581=VECTOR('',#5320,10.);
#1582=VECTOR('',#5321,10.);
#1583=VECTOR('',#5322,10.);
#1584=VECTOR('',#5323,10.);
#1585=VECTOR('',#5326,10.);
#1586=VECTOR('',#5327,10.);
#1587=VECTOR('',#5328,10.);
#1588=VECTOR('',#5331,10.);
#1589=VECTOR('',#5332,10.);
#1590=VECTOR('',#5333,10.);
#1591=VECTOR('',#5336,10.);
#1592=VECTOR('',#5337,10.);
#1593=VECTOR('',#5344,10.);
#1594=VECTOR('',#5345,10.);
#1595=VECTOR('',#5346,10.);
#1596=VECTOR('',#5347,10.);
#1597=VECTOR('',#5350,10.);
#1598=VECTOR('',#5351,10.);
#1599=VECTOR('',#5352,10.);
#1600=VECTOR('',#5355,10.);
#1601=VECTOR('',#5356,10.);
#1602=VECTOR('',#5357,10.);
#1603=VECTOR('',#5362,10.);
#1604=VECTOR('',#5363,10.);
#1605=VECTOR('',#5364,10.);
#1606=VECTOR('',#5371,1.5);
#1607=VECTOR('',#5376,10.);
#1608=VECTOR('',#5377,10.);
#1609=VECTOR('',#5380,1.5);
#1610=VECTOR('',#5387,10.);
#1611=VECTOR('',#5388,10.);
#1612=VECTOR('',#5389,10.);
#1613=VECTOR('',#5390,10.);
#1614=VECTOR('',#5393,10.);
#1615=VECTOR('',#5394,10.);
#1616=VECTOR('',#5395,10.);
#1617=VECTOR('',#5396,10.);
#1618=VECTOR('',#5397,10.);
#1619=VECTOR('',#5400,10.);
#1620=VECTOR('',#5401,10.);
#1621=VECTOR('',#5402,10.);
#1622=VECTOR('',#5403,10.);
#1623=VECTOR('',#5404,10.);
#1624=VECTOR('',#5405,10.);
#1625=VECTOR('',#5406,10.);
#1626=VECTOR('',#5411,10.);
#1627=VECTOR('',#5412,10.);
#1628=VECTOR('',#5413,10.);
#1629=VECTOR('',#5414,10.);
#1630=VECTOR('',#5417,10.);
#1631=VECTOR('',#5418,10.);
#1632=VECTOR('',#5419,10.);
#1633=VECTOR('',#5422,10.);
#1634=VECTOR('',#5423,10.);
#1635=VECTOR('',#5424,10.);
#1636=VECTOR('',#5427,10.);
#1637=VECTOR('',#5428,10.);
#1638=VECTOR('',#5429,10.);
#1639=VECTOR('',#5430,10.);
#1640=VECTOR('',#5433,10.);
#1641=VECTOR('',#5434,10.);
#1642=VECTOR('',#5439,1.5);
#1643=VECTOR('',#5442,10.);
#1644=VECTOR('',#5443,10.);
#1645=VECTOR('',#5448,1.5);
#1646=VECTOR('',#5453,10.);
#1647=VECTOR('',#5456,10.);
#1648=VECTOR('',#5457,10.);
#1649=VECTOR('',#5458,10.);
#1650=VECTOR('',#5461,10.);
#1651=VECTOR('',#5462,10.);
#1652=VECTOR('',#5467,10.);
#1653=VECTOR('',#5470,10.);
#1654=VERTEX_POINT('',#5475);
#1655=VERTEX_POINT('',#5476);
#1656=VERTEX_POINT('',#5478);
#1657=VERTEX_POINT('',#5480);
#1658=VERTEX_POINT('',#5482);
#1659=VERTEX_POINT('',#5484);
#1660=VERTEX_POINT('',#5486);
#1661=VERTEX_POINT('',#5488);
#1662=VERTEX_POINT('',#5490);
#1663=VERTEX_POINT('',#5493);
#1664=VERTEX_POINT('',#5494);
#1665=VERTEX_POINT('',#5496);
#1666=VERTEX_POINT('',#5498);
#1667=VERTEX_POINT('',#5500);
#1668=VERTEX_POINT('',#5502);
#1669=VERTEX_POINT('',#5504);
#1670=VERTEX_POINT('',#5506);
#1671=VERTEX_POINT('',#5509);
#1672=VERTEX_POINT('',#5511);
#1673=VERTEX_POINT('',#5513);
#1674=VERTEX_POINT('',#5515);
#1675=VERTEX_POINT('',#5517);
#1676=VERTEX_POINT('',#5519);
#1677=VERTEX_POINT('',#5521);
#1678=VERTEX_POINT('',#5523);
#1679=VERTEX_POINT('',#5525);
#1680=VERTEX_POINT('',#5527);
#1681=VERTEX_POINT('',#5529);
#1682=VERTEX_POINT('',#5531);
#1683=VERTEX_POINT('',#5533);
#1684=VERTEX_POINT('',#5535);
#1685=VERTEX_POINT('',#5537);
#1686=VERTEX_POINT('',#5539);
#1687=VERTEX_POINT('',#5541);
#1688=VERTEX_POINT('',#5543);
#1689=VERTEX_POINT('',#5545);
#1690=VERTEX_POINT('',#5547);
#1691=VERTEX_POINT('',#5549);
#1692=VERTEX_POINT('',#5551);
#1693=VERTEX_POINT('',#5553);
#1694=VERTEX_POINT('',#5555);
#1695=VERTEX_POINT('',#5557);
#1696=VERTEX_POINT('',#5559);
#1697=VERTEX_POINT('',#5561);
#1698=VERTEX_POINT('',#5563);
#1699=VERTEX_POINT('',#5565);
#1700=VERTEX_POINT('',#5567);
#1701=VERTEX_POINT('',#5569);
#1702=VERTEX_POINT('',#5571);
#1703=VERTEX_POINT('',#5573);
#1704=VERTEX_POINT('',#5575);
#1705=VERTEX_POINT('',#5577);
#1706=VERTEX_POINT('',#5579);
#1707=VERTEX_POINT('',#5581);
#1708=VERTEX_POINT('',#5583);
#1709=VERTEX_POINT('',#5585);
#1710=VERTEX_POINT('',#5587);
#1711=VERTEX_POINT('',#5589);
#1712=VERTEX_POINT('',#5591);
#1713=VERTEX_POINT('',#5593);
#1714=VERTEX_POINT('',#5595);
#1715=VERTEX_POINT('',#5597);
#1716=VERTEX_POINT('',#5599);
#1717=VERTEX_POINT('',#5601);
#1718=VERTEX_POINT('',#5603);
#1719=VERTEX_POINT('',#5605);
#1720=VERTEX_POINT('',#5607);
#1721=VERTEX_POINT('',#5609);
#1722=VERTEX_POINT('',#5611);
#1723=VERTEX_POINT('',#5614);
#1724=VERTEX_POINT('',#5616);
#1725=VERTEX_POINT('',#5618);
#1726=VERTEX_POINT('',#5620);
#1727=VERTEX_POINT('',#5624);
#1728=VERTEX_POINT('',#5625);
#1729=VERTEX_POINT('',#5627);
#1730=VERTEX_POINT('',#5629);
#1731=VERTEX_POINT('',#5633);
#1732=VERTEX_POINT('',#5635);
#1733=VERTEX_POINT('',#5637);
#1734=VERTEX_POINT('',#5639);
#1735=VERTEX_POINT('',#5643);
#1736=VERTEX_POINT('',#5645);
#1737=VERTEX_POINT('',#5649);
#1738=VERTEX_POINT('',#5651);
#1739=VERTEX_POINT('',#5653);
#1740=VERTEX_POINT('',#5655);
#1741=VERTEX_POINT('',#5657);
#1742=VERTEX_POINT('',#5659);
#1743=VERTEX_POINT('',#5661);
#1744=VERTEX_POINT('',#5663);
#1745=VERTEX_POINT('',#5665);
#1746=VERTEX_POINT('',#5667);
#1747=VERTEX_POINT('',#5670);
#1748=VERTEX_POINT('',#5673);
#1749=VERTEX_POINT('',#5675);
#1750=VERTEX_POINT('',#5677);
#1751=VERTEX_POINT('',#5680);
#1752=VERTEX_POINT('',#5682);
#1753=VERTEX_POINT('',#5684);
#1754=VERTEX_POINT('',#5688);
#1755=VERTEX_POINT('',#5690);
#1756=VERTEX_POINT('',#5694);
#1757=VERTEX_POINT('',#5695);
#1758=VERTEX_POINT('',#5697);
#1759=VERTEX_POINT('',#5699);
#1760=VERTEX_POINT('',#5701);
#1761=VERTEX_POINT('',#5704);
#1762=VERTEX_POINT('',#5707);
#1763=VERTEX_POINT('',#5710);
#1764=VERTEX_POINT('',#5713);
#1765=VERTEX_POINT('',#5714);
#1766=VERTEX_POINT('',#5716);
#1767=VERTEX_POINT('',#5718);
#1768=VERTEX_POINT('',#5722);
#1769=VERTEX_POINT('',#5724);
#1770=VERTEX_POINT('',#5728);
#1771=VERTEX_POINT('',#5730);
#1772=VERTEX_POINT('',#5738);
#1773=VERTEX_POINT('',#5739);
#1774=VERTEX_POINT('',#5741);
#1775=VERTEX_POINT('',#5743);
#1776=VERTEX_POINT('',#5747);
#1777=VERTEX_POINT('',#5749);
#1778=VERTEX_POINT('',#5753);
#1779=VERTEX_POINT('',#5755);
#1780=VERTEX_POINT('',#5759);
#1781=VERTEX_POINT('',#5761);
#1782=VERTEX_POINT('',#5763);
#1783=VERTEX_POINT('',#5765);
#1784=VERTEX_POINT('',#5768);
#1785=VERTEX_POINT('',#5769);
#1786=VERTEX_POINT('',#5771);
#1787=VERTEX_POINT('',#5773);
#1788=VERTEX_POINT('',#5779);
#1789=VERTEX_POINT('',#5780);
#1790=VERTEX_POINT('',#5785);
#1791=VERTEX_POINT('',#5786);
#1792=VERTEX_POINT('',#5788);
#1793=VERTEX_POINT('',#5790);
#1794=VERTEX_POINT('',#5794);
#1795=VERTEX_POINT('',#5796);
#1796=VERTEX_POINT('',#5808);
#1797=VERTEX_POINT('',#5810);
#1798=VERTEX_POINT('',#5814);
#1799=VERTEX_POINT('',#5818);
#1800=VERTEX_POINT('',#5819);
#1801=VERTEX_POINT('',#5821);
#1802=VERTEX_POINT('',#5823);
#1803=VERTEX_POINT('',#5827);
#1804=VERTEX_POINT('',#5828);
#1805=VERTEX_POINT('',#5830);
#1806=VERTEX_POINT('',#5832);
#1807=VERTEX_POINT('',#5836);
#1808=VERTEX_POINT('',#5837);
#1809=VERTEX_POINT('',#5839);
#1810=VERTEX_POINT('',#5841);
#1811=VERTEX_POINT('',#5843);
#1812=VERTEX_POINT('',#5852);
#1813=VERTEX_POINT('',#5854);
#1814=VERTEX_POINT('',#5856);
#1815=VERTEX_POINT('',#5859);
#1816=VERTEX_POINT('',#5861);
#1817=VERTEX_POINT('',#5867);
#1818=VERTEX_POINT('',#5869);
#1819=VERTEX_POINT('',#5873);
#1820=VERTEX_POINT('',#5874);
#1821=VERTEX_POINT('',#5898);
#1822=VERTEX_POINT('',#5900);
#1823=VERTEX_POINT('',#5925);
#1824=VERTEX_POINT('',#5926);
#1825=VERTEX_POINT('',#5939);
#1826=VERTEX_POINT('',#5953);
#1827=VERTEX_POINT('',#5956);
#1828=VERTEX_POINT('',#5958);
#1829=VERTEX_POINT('',#5971);
#1830=VERTEX_POINT('',#5986);
#1831=VERTEX_POINT('',#5990);
#1832=VERTEX_POINT('',#5994);
#1833=VERTEX_POINT('',#5999);
#1834=VERTEX_POINT('',#6003);
#1835=VERTEX_POINT('',#6007);
#1836=VERTEX_POINT('',#6011);
#1837=VERTEX_POINT('',#6015);
#1838=VERTEX_POINT('',#6019);
#1839=VERTEX_POINT('',#6024);
#1840=VERTEX_POINT('',#6028);
#1841=VERTEX_POINT('',#6032);
#1842=VERTEX_POINT('',#6036);
#1843=VERTEX_POINT('',#6040);
#1844=VERTEX_POINT('',#6044);
#1845=VERTEX_POINT('',#6049);
#1846=VERTEX_POINT('',#6053);
#1847=VERTEX_POINT('',#6057);
#1848=VERTEX_POINT('',#6068);
#1849=VERTEX_POINT('',#6073);
#1850=VERTEX_POINT('',#6077);
#1851=VERTEX_POINT('',#6081);
#1852=VERTEX_POINT('',#6086);
#1853=VERTEX_POINT('',#6090);
#1854=VERTEX_POINT('',#6094);
#1855=VERTEX_POINT('',#6098);
#1856=VERTEX_POINT('',#6105);
#1857=VERTEX_POINT('',#6106);
#1858=VERTEX_POINT('',#6108);
#1859=VERTEX_POINT('',#6110);
#1860=VERTEX_POINT('',#6114);
#1861=VERTEX_POINT('',#6116);
#1862=VERTEX_POINT('',#6120);
#1863=VERTEX_POINT('',#6124);
#1864=VERTEX_POINT('',#6128);
#1865=VERTEX_POINT('',#6134);
#1866=VERTEX_POINT('',#6138);
#1867=VERTEX_POINT('',#6142);
#1868=VERTEX_POINT('',#6146);
#1869=VERTEX_POINT('',#6150);
#1870=VERTEX_POINT('',#6154);
#1871=VERTEX_POINT('',#6158);
#1872=VERTEX_POINT('',#6162);
#1873=VERTEX_POINT('',#6166);
#1874=VERTEX_POINT('',#6170);
#1875=VERTEX_POINT('',#6174);
#1876=VERTEX_POINT('',#6178);
#1877=VERTEX_POINT('',#6182);
#1878=VERTEX_POINT('',#6186);
#1879=VERTEX_POINT('',#6190);
#1880=VERTEX_POINT('',#6194);
#1881=VERTEX_POINT('',#6198);
#1882=VERTEX_POINT('',#6202);
#1883=VERTEX_POINT('',#6206);
#1884=VERTEX_POINT('',#6210);
#1885=VERTEX_POINT('',#6214);
#1886=VERTEX_POINT('',#6218);
#1887=VERTEX_POINT('',#6222);
#1888=VERTEX_POINT('',#6226);
#1889=VERTEX_POINT('',#6231);
#1890=VERTEX_POINT('',#6233);
#1891=VERTEX_POINT('',#6237);
#1892=VERTEX_POINT('',#6239);
#1893=VERTEX_POINT('',#6241);
#1894=VERTEX_POINT('',#6245);
#1895=VERTEX_POINT('',#6250);
#1896=VERTEX_POINT('',#6252);
#1897=VERTEX_POINT('',#6254);
#1898=VERTEX_POINT('',#6256);
#1899=VERTEX_POINT('',#6258);
#1900=VERTEX_POINT('',#6260);
#1901=VERTEX_POINT('',#6264);
#1902=VERTEX_POINT('',#6267);
#1903=VERTEX_POINT('',#6271);
#1904=VERTEX_POINT('',#6281);
#1905=VERTEX_POINT('',#6283);
#1906=VERTEX_POINT('',#6285);
#1907=VERTEX_POINT('',#6289);
#1908=VERTEX_POINT('',#6291);
#1909=VERTEX_POINT('',#6296);
#1910=VERTEX_POINT('',#6298);
#1911=VERTEX_POINT('',#6300);
#1912=VERTEX_POINT('',#6304);
#1913=VERTEX_POINT('',#6309);
#1914=VERTEX_POINT('',#6311);
#1915=VERTEX_POINT('',#6313);
#1916=VERTEX_POINT('',#6315);
#1917=VERTEX_POINT('',#6317);
#1918=VERTEX_POINT('',#6319);
#1919=VERTEX_POINT('',#6323);
#1920=VERTEX_POINT('',#6326);
#1921=VERTEX_POINT('',#6330);
#1922=VERTEX_POINT('',#6341);
#1923=VERTEX_POINT('',#6343);
#1924=VERTEX_POINT('',#6346);
#1925=VERTEX_POINT('',#6348);
#1926=VERTEX_POINT('',#6351);
#1927=VERTEX_POINT('',#6371);
#1928=VERTEX_POINT('',#6373);
#1929=VERTEX_POINT('',#6375);
#1930=VERTEX_POINT('',#6377);
#1931=VERTEX_POINT('',#6383);
#1932=VERTEX_POINT('',#6387);
#1933=VERTEX_POINT('',#6389);
#1934=VERTEX_POINT('',#6393);
#1935=VERTEX_POINT('',#6395);
#1936=VERTEX_POINT('',#6397);
#1937=VERTEX_POINT('',#6399);
#1938=VERTEX_POINT('',#6401);
#1939=VERTEX_POINT('',#6403);
#1940=VERTEX_POINT('',#6405);
#1941=VERTEX_POINT('',#6409);
#1942=VERTEX_POINT('',#6411);
#1943=VERTEX_POINT('',#6413);
#1944=VERTEX_POINT('',#6418);
#1945=VERTEX_POINT('',#6422);
#1946=VERTEX_POINT('',#6426);
#1947=VERTEX_POINT('',#6428);
#1948=VERTEX_POINT('',#6430);
#1949=VERTEX_POINT('',#6432);
#1950=VERTEX_POINT('',#6434);
#1951=VERTEX_POINT('',#6436);
#1952=VERTEX_POINT('',#6440);
#1953=VERTEX_POINT('',#6441);
#1954=VERTEX_POINT('',#6446);
#1955=VERTEX_POINT('',#6450);
#1956=VERTEX_POINT('',#6459);
#1957=VERTEX_POINT('',#6461);
#1958=VERTEX_POINT('',#6468);
#1959=VERTEX_POINT('',#6470);
#1960=VERTEX_POINT('',#6483);
#1961=VERTEX_POINT('',#6490);
#1962=VERTEX_POINT('',#6492);
#1963=VERTEX_POINT('',#6496);
#1964=VERTEX_POINT('',#6498);
#1965=VERTEX_POINT('',#6502);
#1966=VERTEX_POINT('',#6503);
#1967=VERTEX_POINT('',#6505);
#1968=VERTEX_POINT('',#6507);
#1969=VERTEX_POINT('',#6511);
#1970=VERTEX_POINT('',#6513);
#1971=VERTEX_POINT('',#6517);
#1972=VERTEX_POINT('',#6519);
#1973=VERTEX_POINT('',#6528);
#1974=VERTEX_POINT('',#6529);
#1975=VERTEX_POINT('',#6531);
#1976=VERTEX_POINT('',#6533);
#1977=VERTEX_POINT('',#6537);
#1978=VERTEX_POINT('',#6539);
#1979=VERTEX_POINT('',#6543);
#1980=VERTEX_POINT('',#6545);
#1981=VERTEX_POINT('',#6548);
#1982=VERTEX_POINT('',#6551);
#1983=VERTEX_POINT('',#6553);
#1984=VERTEX_POINT('',#6556);
#1985=VERTEX_POINT('',#6559);
#1986=VERTEX_POINT('',#6561);
#1987=VERTEX_POINT('',#6572);
#1988=VERTEX_POINT('',#6573);
#1989=VERTEX_POINT('',#6575);
#1990=VERTEX_POINT('',#6577);
#1991=VERTEX_POINT('',#6581);
#1992=VERTEX_POINT('',#6583);
#1993=VERTEX_POINT('',#6585);
#1994=VERTEX_POINT('',#6587);
#1995=VERTEX_POINT('',#6591);
#1996=VERTEX_POINT('',#6593);
#1997=VERTEX_POINT('',#6595);
#1998=VERTEX_POINT('',#6597);
#1999=VERTEX_POINT('',#6599);
#2000=VERTEX_POINT('',#6601);
#2001=VERTEX_POINT('',#6604);
#2002=VERTEX_POINT('',#6607);
#2003=VERTEX_POINT('',#6608);
#2004=VERTEX_POINT('',#6610);
#2005=VERTEX_POINT('',#6612);
#2006=VERTEX_POINT('',#6616);
#2007=VERTEX_POINT('',#6618);
#2008=VERTEX_POINT('',#6622);
#2009=VERTEX_POINT('',#6624);
#2010=VERTEX_POINT('',#6628);
#2011=VERTEX_POINT('',#6630);
#2012=VERTEX_POINT('',#6635);
#2013=VERTEX_POINT('',#6639);
#2014=VERTEX_POINT('',#6643);
#2015=VERTEX_POINT('',#6647);
#2016=VERTEX_POINT('',#6649);
#2017=VERTEX_POINT('',#6655);
#2018=VERTEX_POINT('',#6657);
#2019=EDGE_CURVE('',#1654,#1655,#910,.T.);
#2020=EDGE_CURVE('',#1656,#1654,#911,.T.);
#2021=EDGE_CURVE('',#1656,#1657,#912,.T.);
#2022=EDGE_CURVE('',#1657,#1658,#913,.T.);
#2023=EDGE_CURVE('',#1658,#1659,#914,.T.);
#2024=EDGE_CURVE('',#1659,#1660,#915,.T.);
#2025=EDGE_CURVE('',#1660,#1661,#916,.T.);
#2026=EDGE_CURVE('',#1662,#1661,#917,.T.);
#2027=EDGE_CURVE('',#1655,#1662,#918,.T.);
#2028=EDGE_CURVE('',#1663,#1664,#919,.T.);
#2029=EDGE_CURVE('',#1665,#1663,#920,.T.);
#2030=EDGE_CURVE('',#1666,#1665,#921,.T.);
#2031=EDGE_CURVE('',#1667,#1666,#922,.T.);
#2032=EDGE_CURVE('',#1667,#1668,#923,.T.);
#2033=EDGE_CURVE('',#1668,#1669,#924,.T.);
#2034=EDGE_CURVE('',#1670,#1669,#925,.T.);
#2035=EDGE_CURVE('',#1664,#1670,#926,.T.);
#2036=EDGE_CURVE('',#1671,#1671,#120,.T.);
#2037=EDGE_CURVE('',#1672,#1672,#121,.T.);
#2038=EDGE_CURVE('',#1673,#1673,#122,.T.);
#2039=EDGE_CURVE('',#1674,#1674,#123,.T.);
#2040=EDGE_CURVE('',#1675,#1675,#124,.T.);
#2041=EDGE_CURVE('',#1676,#1676,#125,.T.);
#2042=EDGE_CURVE('',#1677,#1677,#126,.T.);
#2043=EDGE_CURVE('',#1678,#1678,#127,.T.);
#2044=EDGE_CURVE('',#1679,#1679,#128,.T.);
#2045=EDGE_CURVE('',#1680,#1680,#129,.T.);
#2046=EDGE_CURVE('',#1681,#1681,#130,.T.);
#2047=EDGE_CURVE('',#1682,#1682,#131,.T.);
#2048=EDGE_CURVE('',#1683,#1683,#132,.T.);
#2049=EDGE_CURVE('',#1684,#1684,#133,.T.);
#2050=EDGE_CURVE('',#1685,#1685,#134,.T.);
#2051=EDGE_CURVE('',#1686,#1686,#135,.T.);
#2052=EDGE_CURVE('',#1687,#1687,#136,.T.);
#2053=EDGE_CURVE('',#1688,#1688,#137,.T.);
#2054=EDGE_CURVE('',#1689,#1689,#138,.T.);
#2055=EDGE_CURVE('',#1690,#1690,#139,.T.);
#2056=EDGE_CURVE('',#1691,#1691,#140,.T.);
#2057=EDGE_CURVE('',#1692,#1692,#141,.T.);
#2058=EDGE_CURVE('',#1693,#1693,#142,.T.);
#2059=EDGE_CURVE('',#1694,#1694,#143,.T.);
#2060=EDGE_CURVE('',#1695,#1695,#144,.T.);
#2061=EDGE_CURVE('',#1696,#1696,#145,.T.);
#2062=EDGE_CURVE('',#1697,#1697,#146,.T.);
#2063=EDGE_CURVE('',#1698,#1698,#147,.T.);
#2064=EDGE_CURVE('',#1699,#1699,#148,.T.);
#2065=EDGE_CURVE('',#1700,#1700,#149,.T.);
#2066=EDGE_CURVE('',#1701,#1701,#150,.T.);
#2067=EDGE_CURVE('',#1702,#1702,#151,.T.);
#2068=EDGE_CURVE('',#1703,#1703,#152,.T.);
#2069=EDGE_CURVE('',#1704,#1704,#153,.T.);
#2070=EDGE_CURVE('',#1705,#1705,#154,.T.);
#2071=EDGE_CURVE('',#1706,#1706,#155,.T.);
#2072=EDGE_CURVE('',#1707,#1707,#156,.T.);
#2073=EDGE_CURVE('',#1708,#1708,#157,.T.);
#2074=EDGE_CURVE('',#1709,#1709,#158,.T.);
#2075=EDGE_CURVE('',#1710,#1710,#159,.T.);
#2076=EDGE_CURVE('',#1711,#1711,#160,.T.);
#2077=EDGE_CURVE('',#1712,#1712,#161,.T.);
#2078=EDGE_CURVE('',#1713,#1713,#162,.T.);
#2079=EDGE_CURVE('',#1714,#1714,#163,.T.);
#2080=EDGE_CURVE('',#1715,#1715,#164,.T.);
#2081=EDGE_CURVE('',#1716,#1716,#165,.T.);
#2082=EDGE_CURVE('',#1717,#1717,#166,.T.);
#2083=EDGE_CURVE('',#1718,#1718,#167,.T.);
#2084=EDGE_CURVE('',#1719,#1719,#168,.T.);
#2085=EDGE_CURVE('',#1720,#1720,#169,.T.);
#2086=EDGE_CURVE('',#1721,#1721,#170,.T.);
#2087=EDGE_CURVE('',#1722,#1722,#171,.T.);
#2088=EDGE_CURVE('',#1723,#1723,#172,.T.);
#2089=EDGE_CURVE('',#1723,#1724,#927,.T.);
#2090=EDGE_CURVE('',#1724,#1725,#173,.T.);
#2091=EDGE_CURVE('',#1726,#1725,#29,.T.);
#2092=EDGE_CURVE('',#1726,#1724,#174,.T.);
#2093=EDGE_CURVE('',#1727,#1728,#928,.T.);
#2094=EDGE_CURVE('',#1729,#1727,#929,.T.);
#2095=EDGE_CURVE('',#1730,#1729,#930,.T.);
#2096=EDGE_CURVE('',#1728,#1730,#931,.T.);
#2097=EDGE_CURVE('',#1731,#1725,#932,.F.);
#2098=EDGE_CURVE('',#1732,#1731,#933,.F.);
#2099=EDGE_CURVE('',#1733,#1732,#934,.T.);
#2100=EDGE_CURVE('',#1734,#1733,#935,.T.);
#2101=EDGE_CURVE('',#1726,#1734,#936,.F.);
#2102=EDGE_CURVE('',#1735,#1731,#937,.T.);
#2103=EDGE_CURVE('',#1736,#1735,#938,.T.);
#2104=EDGE_CURVE('',#1732,#1736,#939,.T.);
#2105=EDGE_CURVE('',#1730,#1737,#940,.T.);
#2106=EDGE_CURVE('',#1737,#1738,#941,.F.);
#2107=EDGE_CURVE('',#1738,#1739,#942,.F.);
#2108=EDGE_CURVE('',#1739,#1740,#943,.T.);
#2109=EDGE_CURVE('',#1741,#1740,#944,.F.);
#2110=EDGE_CURVE('',#1741,#1742,#945,.T.);
#2111=EDGE_CURVE('',#1743,#1742,#946,.T.);
#2112=EDGE_CURVE('',#1743,#1744,#947,.T.);
#2113=EDGE_CURVE('',#1745,#1744,#948,.F.);
#2114=EDGE_CURVE('',#1746,#1745,#949,.F.);
#2115=EDGE_CURVE('',#1728,#1746,#950,.T.);
#2116=EDGE_CURVE('',#1736,#1747,#951,.T.);
#2117=EDGE_CURVE('',#1733,#1747,#952,.F.);
#2118=EDGE_CURVE('',#1748,#1748,#175,.T.);
#2119=EDGE_CURVE('',#1749,#1749,#176,.T.);
#2120=EDGE_CURVE('',#1750,#1750,#177,.T.);
#2121=EDGE_CURVE('',#1729,#1751,#953,.T.);
#2122=EDGE_CURVE('',#1751,#1752,#954,.T.);
#2123=EDGE_CURVE('',#1752,#1753,#955,.T.);
#2124=EDGE_CURVE('',#1737,#1753,#956,.T.);
#2125=EDGE_CURVE('',#1751,#1754,#957,.T.);
#2126=EDGE_CURVE('',#1754,#1755,#958,.T.);
#2127=EDGE_CURVE('',#1752,#1755,#959,.T.);
#2128=EDGE_CURVE('',#1756,#1757,#960,.T.);
#2129=EDGE_CURVE('',#1757,#1758,#961,.T.);
#2130=EDGE_CURVE('',#1758,#1759,#962,.T.);
#2131=EDGE_CURVE('',#1760,#1759,#963,.T.);
#2132=EDGE_CURVE('',#1760,#1754,#964,.T.);
#2133=EDGE_CURVE('',#1761,#1727,#965,.T.);
#2134=EDGE_CURVE('',#1756,#1761,#966,.T.);
#2135=EDGE_CURVE('',#1734,#1762,#967,.F.);
#2136=EDGE_CURVE('',#1762,#1735,#968,.T.);
#2137=EDGE_CURVE('',#1763,#1763,#178,.T.);
#2138=EDGE_CURVE('',#1764,#1765,#969,.T.);
#2139=EDGE_CURVE('',#1766,#1764,#970,.F.);
#2140=EDGE_CURVE('',#1767,#1766,#971,.F.);
#2141=EDGE_CURVE('',#1765,#1767,#972,.F.);
#2142=EDGE_CURVE('',#1765,#1768,#973,.T.);
#2143=EDGE_CURVE('',#1769,#1767,#974,.F.);
#2144=EDGE_CURVE('',#1768,#1769,#975,.F.);
#2145=EDGE_CURVE('',#1768,#1770,#976,.T.);
#2146=EDGE_CURVE('',#1771,#1769,#977,.T.);
#2147=EDGE_CURVE('',#1770,#1771,#978,.T.);
#2148=EDGE_CURVE('',#1771,#1766,#979,.T.);
#2149=EDGE_CURVE('',#1764,#1770,#980,.T.);
#2150=EDGE_CURVE('',#1772,#1773,#981,.T.);
#2151=EDGE_CURVE('',#1774,#1772,#982,.T.);
#2152=EDGE_CURVE('',#1774,#1775,#983,.T.);
#2153=EDGE_CURVE('',#1775,#1773,#984,.T.);
#2154=EDGE_CURVE('',#1773,#1776,#985,.T.);
#2155=EDGE_CURVE('',#1776,#1777,#986,.T.);
#2156=EDGE_CURVE('',#1777,#1772,#30,.T.);
#2157=EDGE_CURVE('',#1669,#1778,#987,.T.);
#2158=EDGE_CURVE('',#1668,#1779,#988,.T.);
#2159=EDGE_CURVE('',#1779,#1778,#989,.T.);
#2160=EDGE_CURVE('',#1780,#1666,#990,.T.);
#2161=EDGE_CURVE('',#1780,#1781,#179,.T.);
#2162=EDGE_CURVE('',#1781,#1782,#991,.T.);
#2163=EDGE_CURVE('',#1782,#1783,#180,.T.);
#2164=EDGE_CURVE('',#1667,#1783,#992,.T.);
#2165=EDGE_CURVE('',#1784,#1785,#993,.F.);
#2166=EDGE_CURVE('',#1785,#1786,#181,.F.);
#2167=EDGE_CURVE('',#1786,#1787,#994,.F.);
#2168=EDGE_CURVE('',#1787,#1784,#182,.F.);
#2169=EDGE_CURVE('',#1783,#1779,#995,.T.);
#2170=EDGE_CURVE('',#1788,#1789,#183,.T.);
#2171=EDGE_CURVE('',#1786,#1788,#996,.F.);
#2172=EDGE_CURVE('',#1789,#1785,#997,.F.);
#2173=EDGE_CURVE('',#1790,#1791,#184,.T.);
#2174=EDGE_CURVE('',#1791,#1792,#998,.T.);
#2175=EDGE_CURVE('',#1792,#1793,#185,.T.);
#2176=EDGE_CURVE('',#1656,#1793,#999,.T.);
#2177=EDGE_CURVE('',#1790,#1654,#1000,.T.);
#2178=EDGE_CURVE('',#1789,#1794,#1001,.T.);
#2179=EDGE_CURVE('',#1794,#1795,#186,.T.);
#2180=EDGE_CURVE('',#1795,#1788,#1002,.T.);
#2181=EDGE_CURVE('',#1787,#1795,#1003,.T.);
#2182=EDGE_CURVE('',#1794,#1784,#1004,.T.);
#2183=EDGE_CURVE('',#1781,#1792,#1005,.T.);
#2184=EDGE_CURVE('',#1782,#1791,#1006,.T.);
#2185=EDGE_CURVE('',#1790,#1796,#1007,.T.);
#2186=EDGE_CURVE('',#1796,#1797,#1008,.T.);
#2187=EDGE_CURVE('',#1797,#1783,#1009,.T.);
#2188=EDGE_CURVE('',#1793,#1798,#1010,.T.);
#2189=EDGE_CURVE('',#1798,#1657,#1011,.T.);
#2190=EDGE_CURVE('',#1799,#1800,#1012,.F.);
#2191=EDGE_CURVE('',#1799,#1801,#1013,.T.);
#2192=EDGE_CURVE('',#1802,#1801,#1014,.T.);
#2193=EDGE_CURVE('',#1800,#1802,#1015,.F.);
#2194=EDGE_CURVE('',#1803,#1804,#1016,.T.);
#2195=EDGE_CURVE('',#1805,#1803,#1017,.F.);
#2196=EDGE_CURVE('',#1806,#1805,#1018,.F.);
#2197=EDGE_CURVE('',#1806,#1804,#1019,.T.);
#2198=EDGE_CURVE('',#1807,#1808,#187,.T.);
#2199=EDGE_CURVE('',#1809,#1808,#1020,.T.);
#2200=EDGE_CURVE('',#1809,#1810,#1021,.T.);
#2201=EDGE_CURVE('',#1810,#1811,#188,.T.);
#2202=EDGE_CURVE('',#1665,#1811,#1022,.T.);
#2203=EDGE_CURVE('',#1807,#1663,#1023,.T.);
#2204=EDGE_CURVE('',#1805,#1799,#189,.F.);
#2205=EDGE_CURVE('',#1800,#1806,#190,.F.);
#2206=EDGE_CURVE('',#1801,#1803,#191,.T.);
#2207=EDGE_CURVE('',#1810,#1812,#31,.T.);
#2208=EDGE_CURVE('',#1812,#1813,#1024,.T.);
#2209=EDGE_CURVE('',#1813,#1814,#32,.T.);
#2210=EDGE_CURVE('',#1798,#1814,#192,.T.);
#2211=EDGE_CURVE('',#1798,#1815,#1025,.T.);
#2212=EDGE_CURVE('',#1815,#1816,#1026,.T.);
#2213=EDGE_CURVE('',#1816,#1811,#1027,.T.);
#2214=EDGE_CURVE('',#1804,#1802,#193,.T.);
#2215=EDGE_CURVE('',#1814,#1817,#1028,.T.);
#2216=EDGE_CURVE('',#1817,#1818,#194,.T.);
#2217=EDGE_CURVE('',#1658,#1818,#1029,.T.);
#2218=EDGE_CURVE('',#1819,#1820,#23,.T.);
#2219=EDGE_CURVE('',#1820,#1793,#1030,.T.);
#2220=EDGE_CURVE('',#1780,#1821,#1031,.T.);
#2221=EDGE_CURVE('',#1821,#1822,#24,.T.);
#2222=EDGE_CURVE('',#1822,#1819,#1032,.T.);
#2223=EDGE_CURVE('',#1823,#1824,#25,.T.);
#2224=EDGE_CURVE('',#1824,#1825,#26,.T.);
#2225=EDGE_CURVE('',#1825,#1818,#1033,.T.);
#2226=EDGE_CURVE('',#1826,#1817,#33,.T.);
#2227=EDGE_CURVE('',#1808,#1826,#1034,.F.);
#2228=EDGE_CURVE('',#1807,#1827,#1035,.T.);
#2229=EDGE_CURVE('',#1827,#1828,#27,.T.);
#2230=EDGE_CURVE('',#1828,#1829,#28,.T.);
#2231=EDGE_CURVE('',#1829,#1823,#1036,.T.);
#2232=EDGE_CURVE('',#1698,#1830,#1037,.T.);
#2233=EDGE_CURVE('',#1830,#1830,#195,.T.);
#2234=EDGE_CURVE('',#1697,#1831,#1038,.T.);
#2235=EDGE_CURVE('',#1831,#1831,#196,.T.);
#2236=EDGE_CURVE('',#1696,#1832,#1039,.T.);
#2237=EDGE_CURVE('',#1797,#1832,#197,.T.);
#2238=EDGE_CURVE('',#1832,#1797,#198,.T.);
#2239=EDGE_CURVE('',#1695,#1833,#1040,.T.);
#2240=EDGE_CURVE('',#1833,#1833,#199,.T.);
#2241=EDGE_CURVE('',#1694,#1834,#1041,.T.);
#2242=EDGE_CURVE('',#1834,#1834,#200,.T.);
#2243=EDGE_CURVE('',#1693,#1835,#1042,.T.);
#2244=EDGE_CURVE('',#1835,#1835,#201,.T.);
#2245=EDGE_CURVE('',#1692,#1836,#1043,.T.);
#2246=EDGE_CURVE('',#1836,#1836,#202,.T.);
#2247=EDGE_CURVE('',#1691,#1837,#1044,.T.);
#2248=EDGE_CURVE('',#1837,#1837,#203,.T.);
#2249=EDGE_CURVE('',#1690,#1838,#1045,.T.);
#2250=EDGE_CURVE('',#1822,#1838,#204,.T.);
#2251=EDGE_CURVE('',#1838,#1821,#205,.T.);
#2252=EDGE_CURVE('',#1689,#1839,#1046,.T.);
#2253=EDGE_CURVE('',#1839,#1839,#206,.T.);
#2254=EDGE_CURVE('',#1688,#1840,#1047,.T.);
#2255=EDGE_CURVE('',#1840,#1840,#207,.T.);
#2256=EDGE_CURVE('',#1687,#1841,#1048,.T.);
#2257=EDGE_CURVE('',#1841,#1841,#208,.T.);
#2258=EDGE_CURVE('',#1686,#1842,#1049,.T.);
#2259=EDGE_CURVE('',#1842,#1842,#209,.T.);
#2260=EDGE_CURVE('',#1685,#1843,#1050,.T.);
#2261=EDGE_CURVE('',#1843,#1843,#210,.T.);
#2262=EDGE_CURVE('',#1684,#1844,#1051,.T.);
#2263=EDGE_CURVE('',#1796,#1844,#211,.T.);
#2264=EDGE_CURVE('',#1844,#1796,#212,.T.);
#2265=EDGE_CURVE('',#1683,#1845,#1052,.T.);
#2266=EDGE_CURVE('',#1845,#1845,#213,.T.);
#2267=EDGE_CURVE('',#1682,#1846,#1053,.T.);
#2268=EDGE_CURVE('',#1846,#1846,#214,.T.);
#2269=EDGE_CURVE('',#1681,#1847,#1054,.T.);
#2270=EDGE_CURVE('',#1816,#1847,#215,.T.);
#2271=EDGE_CURVE('',#1847,#1816,#216,.T.);
#2272=EDGE_CURVE('',#1680,#1828,#1055,.T.);
#2273=EDGE_CURVE('',#1829,#1827,#217,.T.);
#2274=EDGE_CURVE('',#1679,#1824,#1056,.T.);
#2275=EDGE_CURVE('',#1825,#1823,#218,.T.);
#2276=EDGE_CURVE('',#1678,#1848,#1057,.T.);
#2277=EDGE_CURVE('',#1815,#1848,#219,.T.);
#2278=EDGE_CURVE('',#1848,#1815,#220,.T.);
#2279=EDGE_CURVE('',#1677,#1849,#1058,.T.);
#2280=EDGE_CURVE('',#1849,#1849,#221,.T.);
#2281=EDGE_CURVE('',#1676,#1850,#1059,.T.);
#2282=EDGE_CURVE('',#1850,#1850,#222,.T.);
#2283=EDGE_CURVE('',#1675,#1851,#1060,.T.);
#2284=EDGE_CURVE('',#1820,#1851,#223,.T.);
#2285=EDGE_CURVE('',#1851,#1819,#224,.T.);
#2286=EDGE_CURVE('',#1674,#1852,#1061,.T.);
#2287=EDGE_CURVE('',#1852,#1852,#225,.T.);
#2288=EDGE_CURVE('',#1673,#1853,#1062,.T.);
#2289=EDGE_CURVE('',#1853,#1853,#226,.T.);
#2290=EDGE_CURVE('',#1672,#1854,#1063,.T.);
#2291=EDGE_CURVE('',#1854,#1854,#227,.T.);
#2292=EDGE_CURVE('',#1807,#1855,#1064,.T.);
#2293=EDGE_CURVE('',#1664,#1855,#1065,.T.);
#2294=EDGE_CURVE('',#1811,#1780,#1066,.T.);
#2295=EDGE_CURVE('',#1856,#1857,#1067,.T.);
#2296=EDGE_CURVE('',#1858,#1857,#1068,.T.);
#2297=EDGE_CURVE('',#1859,#1858,#1069,.T.);
#2298=EDGE_CURVE('',#1859,#1856,#1070,.T.);
#2299=EDGE_CURVE('',#1857,#1860,#1071,.T.);
#2300=EDGE_CURVE('',#1861,#1856,#34,.T.);
#2301=EDGE_CURVE('',#1860,#1861,#1072,.T.);
#2302=EDGE_CURVE('',#1862,#1778,#1073,.T.);
#2303=EDGE_CURVE('',#1862,#1670,#1074,.T.);
#2304=EDGE_CURVE('',#1818,#1863,#1075,.T.);
#2305=EDGE_CURVE('',#1863,#1659,#1076,.T.);
#2306=EDGE_CURVE('',#1863,#1864,#1077,.T.);
#2307=EDGE_CURVE('',#1660,#1864,#1078,.T.);
#2308=EDGE_CURVE('',#1855,#1862,#1079,.T.);
#2309=EDGE_CURVE('',#1671,#1865,#1080,.T.);
#2310=EDGE_CURVE('',#1865,#1865,#228,.T.);
#2311=EDGE_CURVE('',#1721,#1866,#1081,.T.);
#2312=EDGE_CURVE('',#1866,#1866,#229,.T.);
#2313=EDGE_CURVE('',#1720,#1867,#1082,.T.);
#2314=EDGE_CURVE('',#1867,#1867,#230,.T.);
#2315=EDGE_CURVE('',#1719,#1868,#1083,.T.);
#2316=EDGE_CURVE('',#1868,#1868,#231,.T.);
#2317=EDGE_CURVE('',#1718,#1869,#1084,.T.);
#2318=EDGE_CURVE('',#1869,#1869,#232,.T.);
#2319=EDGE_CURVE('',#1717,#1870,#1085,.T.);
#2320=EDGE_CURVE('',#1870,#1870,#233,.T.);
#2321=EDGE_CURVE('',#1716,#1871,#1086,.T.);
#2322=EDGE_CURVE('',#1871,#1871,#234,.T.);
#2323=EDGE_CURVE('',#1715,#1872,#1087,.T.);
#2324=EDGE_CURVE('',#1872,#1872,#235,.T.);
#2325=EDGE_CURVE('',#1714,#1873,#1088,.T.);
#2326=EDGE_CURVE('',#1873,#1873,#236,.T.);
#2327=EDGE_CURVE('',#1713,#1874,#1089,.T.);
#2328=EDGE_CURVE('',#1874,#1874,#237,.T.);
#2329=EDGE_CURVE('',#1712,#1875,#1090,.T.);
#2330=EDGE_CURVE('',#1875,#1875,#238,.T.);
#2331=EDGE_CURVE('',#1711,#1876,#1091,.T.);
#2332=EDGE_CURVE('',#1876,#1876,#239,.T.);
#2333=EDGE_CURVE('',#1710,#1877,#1092,.T.);
#2334=EDGE_CURVE('',#1877,#1877,#240,.T.);
#2335=EDGE_CURVE('',#1709,#1878,#1093,.T.);
#2336=EDGE_CURVE('',#1878,#1878,#241,.T.);
#2337=EDGE_CURVE('',#1708,#1879,#1094,.T.);
#2338=EDGE_CURVE('',#1879,#1879,#242,.T.);
#2339=EDGE_CURVE('',#1707,#1880,#1095,.T.);
#2340=EDGE_CURVE('',#1880,#1880,#243,.T.);
#2341=EDGE_CURVE('',#1706,#1881,#1096,.T.);
#2342=EDGE_CURVE('',#1881,#1881,#244,.T.);
#2343=EDGE_CURVE('',#1705,#1882,#1097,.T.);
#2344=EDGE_CURVE('',#1882,#1882,#245,.T.);
#2345=EDGE_CURVE('',#1704,#1883,#1098,.T.);
#2346=EDGE_CURVE('',#1883,#1883,#246,.T.);
#2347=EDGE_CURVE('',#1703,#1884,#1099,.T.);
#2348=EDGE_CURVE('',#1884,#1884,#247,.T.);
#2349=EDGE_CURVE('',#1702,#1885,#1100,.T.);
#2350=EDGE_CURVE('',#1885,#1885,#248,.T.);
#2351=EDGE_CURVE('',#1701,#1886,#1101,.T.);
#2352=EDGE_CURVE('',#1886,#1886,#249,.T.);
#2353=EDGE_CURVE('',#1700,#1887,#1102,.T.);
#2354=EDGE_CURVE('',#1887,#1887,#250,.T.);
#2355=EDGE_CURVE('',#1699,#1888,#1103,.T.);
#2356=EDGE_CURVE('',#1888,#1888,#251,.T.);
#2357=EDGE_CURVE('',#1740,#1760,#1104,.T.);
#2358=EDGE_CURVE('',#1889,#1739,#1105,.T.);
#2359=EDGE_CURVE('',#1889,#1890,#1106,.T.);
#2360=EDGE_CURVE('',#1890,#1755,#1107,.T.);
#2361=EDGE_CURVE('',#1891,#1890,#1108,.T.);
#2362=EDGE_CURVE('',#1892,#1891,#35,.T.);
#2363=EDGE_CURVE('',#1893,#1892,#1109,.T.);
#2364=EDGE_CURVE('',#1753,#1893,#1110,.T.);
#2365=EDGE_CURVE('',#1891,#1894,#252,.T.);
#2366=EDGE_CURVE('',#1894,#1750,#1111,.T.);
#2367=EDGE_CURVE('',#1894,#1892,#253,.T.);
#2368=EDGE_CURVE('',#1895,#1889,#1112,.T.);
#2369=EDGE_CURVE('',#1896,#1895,#1113,.T.);
#2370=EDGE_CURVE('',#1896,#1897,#1114,.T.);
#2371=EDGE_CURVE('',#1898,#1897,#1115,.T.);
#2372=EDGE_CURVE('',#1898,#1899,#1116,.F.);
#2373=EDGE_CURVE('',#1900,#1899,#1117,.T.);
#2374=EDGE_CURVE('',#1893,#1900,#1118,.T.);
#2375=EDGE_CURVE('',#1901,#1900,#1119,.T.);
#2376=EDGE_CURVE('',#1901,#1898,#1120,.F.);
#2377=EDGE_CURVE('',#1897,#1902,#1121,.T.);
#2378=EDGE_CURVE('',#1738,#1902,#1122,.T.);
#2379=EDGE_CURVE('',#1903,#1896,#1123,.T.);
#2380=EDGE_CURVE('',#1903,#1895,#1124,.T.);
#2381=EDGE_CURVE('',#1899,#1901,#1125,.T.);
#2382=EDGE_CURVE('',#1902,#1903,#1126,.T.);
#2383=EDGE_CURVE('',#1756,#1904,#1127,.T.);
#2384=EDGE_CURVE('',#1905,#1904,#1128,.T.);
#2385=EDGE_CURVE('',#1906,#1905,#1129,.T.);
#2386=EDGE_CURVE('',#1906,#1757,#1130,.T.);
#2387=EDGE_CURVE('',#1746,#1907,#1131,.T.);
#2388=EDGE_CURVE('',#1908,#1907,#1132,.T.);
#2389=EDGE_CURVE('',#1761,#1908,#1133,.T.);
#2390=EDGE_CURVE('',#1908,#1904,#1134,.T.);
#2391=EDGE_CURVE('',#1907,#1909,#1135,.T.);
#2392=EDGE_CURVE('',#1909,#1910,#1136,.T.);
#2393=EDGE_CURVE('',#1910,#1911,#36,.T.);
#2394=EDGE_CURVE('',#1911,#1905,#1137,.T.);
#2395=EDGE_CURVE('',#1912,#1910,#254,.T.);
#2396=EDGE_CURVE('',#1912,#1749,#1138,.T.);
#2397=EDGE_CURVE('',#1911,#1912,#255,.T.);
#2398=EDGE_CURVE('',#1909,#1913,#1139,.T.);
#2399=EDGE_CURVE('',#1913,#1914,#1140,.T.);
#2400=EDGE_CURVE('',#1915,#1914,#1141,.T.);
#2401=EDGE_CURVE('',#1915,#1916,#1142,.T.);
#2402=EDGE_CURVE('',#1917,#1916,#1143,.T.);
#2403=EDGE_CURVE('',#1917,#1918,#1144,.T.);
#2404=EDGE_CURVE('',#1918,#1906,#1145,.T.);
#2405=EDGE_CURVE('',#1745,#1919,#1146,.T.);
#2406=EDGE_CURVE('',#1916,#1919,#1147,.T.);
#2407=EDGE_CURVE('',#1920,#1915,#1148,.T.);
#2408=EDGE_CURVE('',#1920,#1913,#1149,.T.);
#2409=EDGE_CURVE('',#1921,#1917,#1150,.T.);
#2410=EDGE_CURVE('',#1921,#1918,#1151,.T.);
#2411=EDGE_CURVE('',#1914,#1920,#1152,.F.);
#2412=EDGE_CURVE('',#1919,#1921,#1153,.T.);
#2413=EDGE_CURVE('',#1741,#1759,#1154,.F.);
#2414=EDGE_CURVE('',#1758,#1922,#1155,.T.);
#2415=EDGE_CURVE('',#1923,#1922,#1156,.T.);
#2416=EDGE_CURVE('',#1864,#1923,#1157,.T.);
#2417=EDGE_CURVE('',#1790,#1924,#1158,.T.);
#2418=EDGE_CURVE('',#1924,#1925,#1159,.T.);
#2419=EDGE_CURVE('',#1925,#1742,#1160,.T.);
#2420=EDGE_CURVE('',#1926,#1926,#256,.T.);
#2421=EDGE_CURVE('',#1922,#1744,#1161,.T.);
#2422=EDGE_CURVE('',#1925,#1662,#1162,.T.);
#2423=EDGE_CURVE('',#1661,#1923,#1163,.T.);
#2424=EDGE_CURVE('',#1924,#1655,#1164,.T.);
#2425=EDGE_CURVE('',#1763,#1748,#1165,.T.);
#2426=EDGE_CURVE('',#1747,#1762,#1166,.F.);
#2427=EDGE_CURVE('',#1722,#1926,#1167,.T.);
#2428=EDGE_CURVE('',#1860,#1927,#1168,.T.);
#2429=EDGE_CURVE('',#1927,#1928,#1169,.T.);
#2430=EDGE_CURVE('',#1929,#1928,#1170,.F.);
#2431=EDGE_CURVE('',#1930,#1929,#1171,.T.);
#2432=EDGE_CURVE('',#1776,#1930,#1172,.T.);
#2433=EDGE_CURVE('',#1812,#1775,#1173,.T.);
#2434=EDGE_CURVE('',#1858,#1809,#1174,.T.);
#2435=EDGE_CURVE('',#1861,#1931,#257,.F.);
#2436=EDGE_CURVE('',#1931,#1927,#1175,.T.);
#2437=EDGE_CURVE('',#1932,#1932,#258,.T.);
#2438=EDGE_CURVE('',#1932,#1933,#1176,.T.);
#2439=EDGE_CURVE('',#1933,#1933,#259,.T.);
#2440=EDGE_CURVE('',#1774,#1934,#260,.T.);
#2441=EDGE_CURVE('',#1934,#1935,#1177,.T.);
#2442=EDGE_CURVE('',#1936,#1935,#1178,.F.);
#2443=EDGE_CURVE('',#1937,#1936,#1179,.T.);
#2444=EDGE_CURVE('',#1937,#1938,#1180,.T.);
#2445=EDGE_CURVE('',#1939,#1938,#1181,.T.);
#2446=EDGE_CURVE('',#1940,#1939,#1182,.T.);
#2447=EDGE_CURVE('',#1813,#1940,#1183,.F.);
#2448=EDGE_CURVE('',#1941,#1941,#261,.T.);
#2449=EDGE_CURVE('',#1941,#1942,#1184,.T.);
#2450=EDGE_CURVE('',#1943,#1942,#262,.T.);
#2451=EDGE_CURVE('',#1943,#1931,#37,.T.);
#2452=EDGE_CURVE('',#1942,#1856,#263,.T.);
#2453=EDGE_CURVE('',#1859,#1944,#264,.T.);
#2454=EDGE_CURVE('',#1944,#1943,#1185,.T.);
#2455=EDGE_CURVE('',#1941,#1945,#1186,.T.);
#2456=EDGE_CURVE('',#1945,#1945,#265,.T.);
#2457=EDGE_CURVE('',#1826,#1946,#1187,.T.);
#2458=EDGE_CURVE('',#1946,#1947,#1188,.T.);
#2459=EDGE_CURVE('',#1948,#1947,#1189,.T.);
#2460=EDGE_CURVE('',#1949,#1948,#1190,.T.);
#2461=EDGE_CURVE('',#1949,#1950,#1191,.F.);
#2462=EDGE_CURVE('',#1951,#1950,#1192,.F.);
#2463=EDGE_CURVE('',#1944,#1951,#1193,.T.);
#2464=EDGE_CURVE('',#1952,#1953,#266,.T.);
#2465=EDGE_CURVE('',#1934,#1952,#1194,.T.);
#2466=EDGE_CURVE('',#1953,#1772,#267,.T.);
#2467=EDGE_CURVE('',#1954,#1952,#1195,.T.);
#2468=EDGE_CURVE('',#1935,#1954,#1196,.T.);
#2469=EDGE_CURVE('',#1955,#1930,#1197,.T.);
#2470=EDGE_CURVE('',#1777,#1955,#268,.F.);
#2471=EDGE_CURVE('',#1929,#1954,#1198,.T.);
#2472=EDGE_CURVE('',#1952,#1955,#38,.T.);
#2473=EDGE_CURVE('',#1932,#1953,#1199,.T.);
#2474=EDGE_CURVE('',#1940,#1956,#39,.T.);
#2475=EDGE_CURVE('',#1956,#1957,#40,.T.);
#2476=EDGE_CURVE('',#1957,#1946,#41,.T.);
#2477=EDGE_CURVE('',#1937,#1949,#1200,.T.);
#2478=EDGE_CURVE('',#1936,#1950,#1201,.T.);
#2479=EDGE_CURVE('',#1958,#1958,#269,.T.);
#2480=EDGE_CURVE('',#1958,#1959,#1202,.T.);
#2481=EDGE_CURVE('',#1959,#1959,#270,.T.);
#2482=EDGE_CURVE('',#1956,#1957,#271,.T.);
#2483=EDGE_CURVE('',#1947,#1957,#272,.T.);
#2484=EDGE_CURVE('',#1956,#1939,#273,.T.);
#2485=EDGE_CURVE('',#1938,#1948,#1203,.T.);
#2486=EDGE_CURVE('',#1960,#1951,#1204,.T.);
#2487=EDGE_CURVE('',#1928,#1960,#1205,.T.);
#2488=EDGE_CURVE('',#1960,#1943,#1206,.T.);
#2489=EDGE_CURVE('',#1961,#1961,#274,.T.);
#2490=EDGE_CURVE('',#1961,#1962,#1207,.T.);
#2491=EDGE_CURVE('',#1962,#1962,#275,.T.);
#2492=EDGE_CURVE('',#1963,#1963,#276,.T.);
#2493=EDGE_CURVE('',#1963,#1964,#1208,.T.);
#2494=EDGE_CURVE('',#1964,#1964,#277,.T.);
#2495=EDGE_CURVE('',#1965,#1966,#1209,.T.);
#2496=EDGE_CURVE('',#1966,#1967,#1210,.T.);
#2497=EDGE_CURVE('',#1968,#1967,#1211,.T.);
#2498=EDGE_CURVE('',#1965,#1968,#1212,.T.);
#2499=EDGE_CURVE('',#1969,#1965,#1213,.T.);
#2500=EDGE_CURVE('',#1970,#1968,#1214,.T.);
#2501=EDGE_CURVE('',#1969,#1970,#1215,.T.);
#2502=EDGE_CURVE('',#1971,#1969,#1216,.T.);
#2503=EDGE_CURVE('',#1972,#1970,#1217,.T.);
#2504=EDGE_CURVE('',#1971,#1972,#1218,.T.);
#2505=EDGE_CURVE('',#1966,#1971,#1219,.T.);
#2506=EDGE_CURVE('',#1967,#1972,#1220,.T.);
#2507=EDGE_CURVE('',#1973,#1974,#1221,.T.);
#2508=EDGE_CURVE('',#1974,#1975,#1222,.T.);
#2509=EDGE_CURVE('',#1975,#1976,#1223,.T.);
#2510=EDGE_CURVE('',#1976,#1973,#1224,.T.);
#2511=EDGE_CURVE('',#1976,#1977,#1225,.T.);
#2512=EDGE_CURVE('',#1977,#1978,#1226,.T.);
#2513=EDGE_CURVE('',#1973,#1978,#1227,.T.);
#2514=EDGE_CURVE('',#1979,#1975,#1228,.T.);
#2515=EDGE_CURVE('',#1980,#1979,#1229,.T.);
#2516=EDGE_CURVE('',#1980,#1977,#1230,.T.);
#2517=EDGE_CURVE('',#1981,#1981,#278,.T.);
#2518=EDGE_CURVE('',#1978,#1982,#1231,.T.);
#2519=EDGE_CURVE('',#1982,#1983,#1232,.T.);
#2520=EDGE_CURVE('',#1983,#1974,#1233,.T.);
#2521=EDGE_CURVE('',#1984,#1984,#279,.T.);
#2522=EDGE_CURVE('',#1985,#1985,#280,.F.);
#2523=EDGE_CURVE('',#1985,#1986,#1234,.T.);
#2524=EDGE_CURVE('',#1986,#1986,#281,.T.);
#2525=EDGE_CURVE('',#1982,#1980,#1235,.T.);
#2526=EDGE_CURVE('',#1979,#1983,#1236,.T.);
#2527=EDGE_CURVE('',#1981,#1984,#1237,.T.);
#2528=EDGE_CURVE('',#1987,#1988,#1238,.T.);
#2529=EDGE_CURVE('',#1989,#1987,#1239,.T.);
#2530=EDGE_CURVE('',#1990,#1989,#1240,.T.);
#2531=EDGE_CURVE('',#1988,#1990,#1241,.T.);
#2532=EDGE_CURVE('',#1991,#1990,#1242,.T.);
#2533=EDGE_CURVE('',#1992,#1989,#1243,.T.);
#2534=EDGE_CURVE('',#1993,#1992,#1244,.T.);
#2535=EDGE_CURVE('',#1994,#1993,#1245,.T.);
#2536=EDGE_CURVE('',#1991,#1994,#1246,.T.);
#2537=EDGE_CURVE('',#1988,#1995,#1247,.T.);
#2538=EDGE_CURVE('',#1995,#1996,#1248,.T.);
#2539=EDGE_CURVE('',#1997,#1996,#1249,.T.);
#2540=EDGE_CURVE('',#1998,#1997,#1250,.T.);
#2541=EDGE_CURVE('',#1998,#1999,#1251,.T.);
#2542=EDGE_CURVE('',#1999,#2000,#1252,.T.);
#2543=EDGE_CURVE('',#2000,#1987,#1253,.T.);
#2544=EDGE_CURVE('',#2001,#2001,#282,.T.);
#2545=EDGE_CURVE('',#2002,#2003,#1254,.T.);
#2546=EDGE_CURVE('',#2003,#2004,#1255,.T.);
#2547=EDGE_CURVE('',#2005,#2004,#1256,.T.);
#2548=EDGE_CURVE('',#2002,#2005,#1257,.T.);
#2549=EDGE_CURVE('',#2006,#1995,#1258,.T.);
#2550=EDGE_CURVE('',#2007,#2006,#1259,.T.);
#2551=EDGE_CURVE('',#1996,#2007,#1260,.T.);
#2552=EDGE_CURVE('',#2007,#2008,#1261,.T.);
#2553=EDGE_CURVE('',#2009,#2006,#1262,.T.);
#2554=EDGE_CURVE('',#2008,#2009,#1263,.T.);
#2555=EDGE_CURVE('',#2005,#2010,#1264,.T.);
#2556=EDGE_CURVE('',#2010,#2011,#1265,.T.);
#2557=EDGE_CURVE('',#2008,#2011,#1266,.T.);
#2558=EDGE_CURVE('',#2009,#2002,#1267,.T.);
#2559=EDGE_CURVE('',#2011,#2012,#1268,.T.);
#2560=EDGE_CURVE('',#2012,#1997,#1269,.T.);
#2561=EDGE_CURVE('',#2013,#2013,#283,.F.);
#2562=EDGE_CURVE('',#2013,#2001,#1270,.T.);
#2563=EDGE_CURVE('',#2012,#2014,#1271,.T.);
#2564=EDGE_CURVE('',#1998,#2014,#1272,.T.);
#2565=EDGE_CURVE('',#2015,#2015,#284,.T.);
#2566=EDGE_CURVE('',#2015,#2016,#1273,.T.);
#2567=EDGE_CURVE('',#2016,#2016,#285,.T.);
#2568=EDGE_CURVE('',#2014,#2010,#1274,.T.);
#2569=EDGE_CURVE('',#2017,#1991,#1275,.T.);
#2570=EDGE_CURVE('',#2018,#1994,#1276,.T.);
#2571=EDGE_CURVE('',#2017,#2018,#1277,.T.);
#2572=EDGE_CURVE('',#2003,#2017,#1278,.T.);
#2573=EDGE_CURVE('',#2004,#2018,#1279,.T.);
#2574=EDGE_CURVE('',#2000,#1992,#1280,.T.);
#2575=EDGE_CURVE('',#1999,#1993,#1281,.T.);
#2576=ORIENTED_EDGE('',*,*,#2019,.F.);
#2577=ORIENTED_EDGE('',*,*,#2020,.F.);
#2578=ORIENTED_EDGE('',*,*,#2021,.T.);
#2579=ORIENTED_EDGE('',*,*,#2022,.T.);
#2580=ORIENTED_EDGE('',*,*,#2023,.T.);
#2581=ORIENTED_EDGE('',*,*,#2024,.T.);
#2582=ORIENTED_EDGE('',*,*,#2025,.T.);
#2583=ORIENTED_EDGE('',*,*,#2026,.F.);
#2584=ORIENTED_EDGE('',*,*,#2027,.F.);
#2585=ORIENTED_EDGE('',*,*,#2028,.F.);
#2586=ORIENTED_EDGE('',*,*,#2029,.F.);
#2587=ORIENTED_EDGE('',*,*,#2030,.F.);
#2588=ORIENTED_EDGE('',*,*,#2031,.F.);
#2589=ORIENTED_EDGE('',*,*,#2032,.T.);
#2590=ORIENTED_EDGE('',*,*,#2033,.T.);
#2591=ORIENTED_EDGE('',*,*,#2034,.F.);
#2592=ORIENTED_EDGE('',*,*,#2035,.F.);
#2593=ORIENTED_EDGE('',*,*,#2036,.T.);
#2594=ORIENTED_EDGE('',*,*,#2037,.T.);
#2595=ORIENTED_EDGE('',*,*,#2038,.T.);
#2596=ORIENTED_EDGE('',*,*,#2039,.T.);
#2597=ORIENTED_EDGE('',*,*,#2040,.T.);
#2598=ORIENTED_EDGE('',*,*,#2041,.T.);
#2599=ORIENTED_EDGE('',*,*,#2042,.T.);
#2600=ORIENTED_EDGE('',*,*,#2043,.T.);
#2601=ORIENTED_EDGE('',*,*,#2044,.T.);
#2602=ORIENTED_EDGE('',*,*,#2045,.T.);
#2603=ORIENTED_EDGE('',*,*,#2046,.T.);
#2604=ORIENTED_EDGE('',*,*,#2047,.T.);
#2605=ORIENTED_EDGE('',*,*,#2048,.T.);
#2606=ORIENTED_EDGE('',*,*,#2049,.T.);
#2607=ORIENTED_EDGE('',*,*,#2050,.T.);
#2608=ORIENTED_EDGE('',*,*,#2051,.T.);
#2609=ORIENTED_EDGE('',*,*,#2052,.T.);
#2610=ORIENTED_EDGE('',*,*,#2053,.T.);
#2611=ORIENTED_EDGE('',*,*,#2054,.T.);
#2612=ORIENTED_EDGE('',*,*,#2055,.T.);
#2613=ORIENTED_EDGE('',*,*,#2056,.T.);
#2614=ORIENTED_EDGE('',*,*,#2057,.T.);
#2615=ORIENTED_EDGE('',*,*,#2058,.T.);
#2616=ORIENTED_EDGE('',*,*,#2059,.T.);
#2617=ORIENTED_EDGE('',*,*,#2060,.T.);
#2618=ORIENTED_EDGE('',*,*,#2061,.T.);
#2619=ORIENTED_EDGE('',*,*,#2062,.T.);
#2620=ORIENTED_EDGE('',*,*,#2063,.T.);
#2621=ORIENTED_EDGE('',*,*,#2064,.T.);
#2622=ORIENTED_EDGE('',*,*,#2065,.T.);
#2623=ORIENTED_EDGE('',*,*,#2066,.T.);
#2624=ORIENTED_EDGE('',*,*,#2067,.T.);
#2625=ORIENTED_EDGE('',*,*,#2068,.T.);
#2626=ORIENTED_EDGE('',*,*,#2069,.T.);
#2627=ORIENTED_EDGE('',*,*,#2070,.T.);
#2628=ORIENTED_EDGE('',*,*,#2071,.T.);
#2629=ORIENTED_EDGE('',*,*,#2072,.T.);
#2630=ORIENTED_EDGE('',*,*,#2073,.T.);
#2631=ORIENTED_EDGE('',*,*,#2074,.T.);
#2632=ORIENTED_EDGE('',*,*,#2075,.T.);
#2633=ORIENTED_EDGE('',*,*,#2076,.T.);
#2634=ORIENTED_EDGE('',*,*,#2077,.T.);
#2635=ORIENTED_EDGE('',*,*,#2078,.T.);
#2636=ORIENTED_EDGE('',*,*,#2079,.T.);
#2637=ORIENTED_EDGE('',*,*,#2080,.T.);
#2638=ORIENTED_EDGE('',*,*,#2081,.T.);
#2639=ORIENTED_EDGE('',*,*,#2082,.T.);
#2640=ORIENTED_EDGE('',*,*,#2083,.T.);
#2641=ORIENTED_EDGE('',*,*,#2084,.T.);
#2642=ORIENTED_EDGE('',*,*,#2085,.T.);
#2643=ORIENTED_EDGE('',*,*,#2086,.T.);
#2644=ORIENTED_EDGE('',*,*,#2087,.T.);
#2645=ORIENTED_EDGE('',*,*,#2088,.F.);
#2646=ORIENTED_EDGE('',*,*,#2089,.T.);
#2647=ORIENTED_EDGE('',*,*,#2090,.T.);
#2648=ORIENTED_EDGE('',*,*,#2091,.F.);
#2649=ORIENTED_EDGE('',*,*,#2092,.T.);
#2650=ORIENTED_EDGE('',*,*,#2089,.F.);
#2651=ORIENTED_EDGE('',*,*,#2093,.F.);
#2652=ORIENTED_EDGE('',*,*,#2094,.F.);
#2653=ORIENTED_EDGE('',*,*,#2095,.F.);
#2654=ORIENTED_EDGE('',*,*,#2096,.F.);
#2655=ORIENTED_EDGE('',*,*,#2091,.T.);
#2656=ORIENTED_EDGE('',*,*,#2097,.F.);
#2657=ORIENTED_EDGE('',*,*,#2098,.F.);
#2658=ORIENTED_EDGE('',*,*,#2099,.F.);
#2659=ORIENTED_EDGE('',*,*,#2100,.F.);
#2660=ORIENTED_EDGE('',*,*,#2101,.F.);
#2661=ORIENTED_EDGE('',*,*,#2098,.T.);
#2662=ORIENTED_EDGE('',*,*,#2102,.F.);
#2663=ORIENTED_EDGE('',*,*,#2103,.F.);
#2664=ORIENTED_EDGE('',*,*,#2104,.F.);
#2665=ORIENTED_EDGE('',*,*,#2096,.T.);
#2666=ORIENTED_EDGE('',*,*,#2105,.T.);
#2667=ORIENTED_EDGE('',*,*,#2106,.T.);
#2668=ORIENTED_EDGE('',*,*,#2107,.T.);
#2669=ORIENTED_EDGE('',*,*,#2108,.T.);
#2670=ORIENTED_EDGE('',*,*,#2109,.F.);
#2671=ORIENTED_EDGE('',*,*,#2110,.T.);
#2672=ORIENTED_EDGE('',*,*,#2111,.F.);
#2673=ORIENTED_EDGE('',*,*,#2112,.T.);
#2674=ORIENTED_EDGE('',*,*,#2113,.F.);
#2675=ORIENTED_EDGE('',*,*,#2114,.F.);
#2676=ORIENTED_EDGE('',*,*,#2115,.F.);
#2677=ORIENTED_EDGE('',*,*,#2104,.T.);
#2678=ORIENTED_EDGE('',*,*,#2116,.T.);
#2679=ORIENTED_EDGE('',*,*,#2117,.F.);
#2680=ORIENTED_EDGE('',*,*,#2099,.T.);
#2681=ORIENTED_EDGE('',*,*,#2088,.T.);
#2682=ORIENTED_EDGE('',*,*,#2118,.T.);
#2683=ORIENTED_EDGE('',*,*,#2119,.T.);
#2684=ORIENTED_EDGE('',*,*,#2120,.F.);
#2685=ORIENTED_EDGE('',*,*,#2095,.T.);
#2686=ORIENTED_EDGE('',*,*,#2121,.T.);
#2687=ORIENTED_EDGE('',*,*,#2122,.T.);
#2688=ORIENTED_EDGE('',*,*,#2123,.T.);
#2689=ORIENTED_EDGE('',*,*,#2124,.F.);
#2690=ORIENTED_EDGE('',*,*,#2105,.F.);
#2691=ORIENTED_EDGE('',*,*,#2125,.T.);
#2692=ORIENTED_EDGE('',*,*,#2126,.T.);
#2693=ORIENTED_EDGE('',*,*,#2127,.F.);
#2694=ORIENTED_EDGE('',*,*,#2122,.F.);
#2695=ORIENTED_EDGE('',*,*,#2128,.T.);
#2696=ORIENTED_EDGE('',*,*,#2129,.T.);
#2697=ORIENTED_EDGE('',*,*,#2130,.T.);
#2698=ORIENTED_EDGE('',*,*,#2131,.F.);
#2699=ORIENTED_EDGE('',*,*,#2132,.T.);
#2700=ORIENTED_EDGE('',*,*,#2125,.F.);
#2701=ORIENTED_EDGE('',*,*,#2121,.F.);
#2702=ORIENTED_EDGE('',*,*,#2094,.T.);
#2703=ORIENTED_EDGE('',*,*,#2133,.F.);
#2704=ORIENTED_EDGE('',*,*,#2134,.F.);
#2705=ORIENTED_EDGE('',*,*,#2097,.T.);
#2706=ORIENTED_EDGE('',*,*,#2090,.F.);
#2707=ORIENTED_EDGE('',*,*,#2092,.F.);
#2708=ORIENTED_EDGE('',*,*,#2101,.T.);
#2709=ORIENTED_EDGE('',*,*,#2135,.T.);
#2710=ORIENTED_EDGE('',*,*,#2136,.T.);
#2711=ORIENTED_EDGE('',*,*,#2102,.T.);
#2712=ORIENTED_EDGE('',*,*,#2137,.T.);
#2713=ORIENTED_EDGE('',*,*,#2138,.F.);
#2714=ORIENTED_EDGE('',*,*,#2139,.F.);
#2715=ORIENTED_EDGE('',*,*,#2140,.F.);
#2716=ORIENTED_EDGE('',*,*,#2141,.F.);
#2717=ORIENTED_EDGE('',*,*,#2142,.F.);
#2718=ORIENTED_EDGE('',*,*,#2141,.T.);
#2719=ORIENTED_EDGE('',*,*,#2143,.F.);
#2720=ORIENTED_EDGE('',*,*,#2144,.F.);
#2721=ORIENTED_EDGE('',*,*,#2145,.F.);
#2722=ORIENTED_EDGE('',*,*,#2144,.T.);
#2723=ORIENTED_EDGE('',*,*,#2146,.F.);
#2724=ORIENTED_EDGE('',*,*,#2147,.F.);
#2725=ORIENTED_EDGE('',*,*,#2148,.F.);
#2726=ORIENTED_EDGE('',*,*,#2146,.T.);
#2727=ORIENTED_EDGE('',*,*,#2143,.T.);
#2728=ORIENTED_EDGE('',*,*,#2140,.T.);
#2729=ORIENTED_EDGE('',*,*,#2149,.F.);
#2730=ORIENTED_EDGE('',*,*,#2138,.T.);
#2731=ORIENTED_EDGE('',*,*,#2142,.T.);
#2732=ORIENTED_EDGE('',*,*,#2145,.T.);
#2733=ORIENTED_EDGE('',*,*,#2150,.F.);
#2734=ORIENTED_EDGE('',*,*,#2151,.F.);
#2735=ORIENTED_EDGE('',*,*,#2152,.T.);
#2736=ORIENTED_EDGE('',*,*,#2153,.T.);
#2737=ORIENTED_EDGE('',*,*,#2154,.T.);
#2738=ORIENTED_EDGE('',*,*,#2155,.T.);
#2739=ORIENTED_EDGE('',*,*,#2156,.T.);
#2740=ORIENTED_EDGE('',*,*,#2150,.T.);
#2741=ORIENTED_EDGE('',*,*,#2157,.F.);
#2742=ORIENTED_EDGE('',*,*,#2033,.F.);
#2743=ORIENTED_EDGE('',*,*,#2158,.T.);
#2744=ORIENTED_EDGE('',*,*,#2159,.T.);
#2745=ORIENTED_EDGE('',*,*,#2031,.T.);
#2746=ORIENTED_EDGE('',*,*,#2160,.F.);
#2747=ORIENTED_EDGE('',*,*,#2161,.T.);
#2748=ORIENTED_EDGE('',*,*,#2162,.T.);
#2749=ORIENTED_EDGE('',*,*,#2163,.T.);
#2750=ORIENTED_EDGE('',*,*,#2164,.F.);
#2751=ORIENTED_EDGE('',*,*,#2165,.T.);
#2752=ORIENTED_EDGE('',*,*,#2166,.T.);
#2753=ORIENTED_EDGE('',*,*,#2167,.T.);
#2754=ORIENTED_EDGE('',*,*,#2168,.T.);
#2755=ORIENTED_EDGE('',*,*,#2164,.T.);
#2756=ORIENTED_EDGE('',*,*,#2169,.T.);
#2757=ORIENTED_EDGE('',*,*,#2158,.F.);
#2758=ORIENTED_EDGE('',*,*,#2032,.F.);
#2759=ORIENTED_EDGE('',*,*,#2170,.F.);
#2760=ORIENTED_EDGE('',*,*,#2171,.F.);
#2761=ORIENTED_EDGE('',*,*,#2166,.F.);
#2762=ORIENTED_EDGE('',*,*,#2172,.F.);
#2763=ORIENTED_EDGE('',*,*,#2173,.T.);
#2764=ORIENTED_EDGE('',*,*,#2174,.T.);
#2765=ORIENTED_EDGE('',*,*,#2175,.T.);
#2766=ORIENTED_EDGE('',*,*,#2176,.F.);
#2767=ORIENTED_EDGE('',*,*,#2020,.T.);
#2768=ORIENTED_EDGE('',*,*,#2177,.F.);
#2769=ORIENTED_EDGE('',*,*,#2178,.T.);
#2770=ORIENTED_EDGE('',*,*,#2179,.T.);
#2771=ORIENTED_EDGE('',*,*,#2180,.T.);
#2772=ORIENTED_EDGE('',*,*,#2170,.T.);
#2773=ORIENTED_EDGE('',*,*,#2168,.F.);
#2774=ORIENTED_EDGE('',*,*,#2181,.T.);
#2775=ORIENTED_EDGE('',*,*,#2179,.F.);
#2776=ORIENTED_EDGE('',*,*,#2182,.T.);
#2777=ORIENTED_EDGE('',*,*,#2165,.F.);
#2778=ORIENTED_EDGE('',*,*,#2182,.F.);
#2779=ORIENTED_EDGE('',*,*,#2178,.F.);
#2780=ORIENTED_EDGE('',*,*,#2172,.T.);
#2781=ORIENTED_EDGE('',*,*,#2167,.F.);
#2782=ORIENTED_EDGE('',*,*,#2171,.T.);
#2783=ORIENTED_EDGE('',*,*,#2180,.F.);
#2784=ORIENTED_EDGE('',*,*,#2181,.F.);
#2785=ORIENTED_EDGE('',*,*,#2162,.F.);
#2786=ORIENTED_EDGE('',*,*,#2183,.T.);
#2787=ORIENTED_EDGE('',*,*,#2174,.F.);
#2788=ORIENTED_EDGE('',*,*,#2184,.F.);
#2789=ORIENTED_EDGE('',*,*,#2185,.T.);
#2790=ORIENTED_EDGE('',*,*,#2186,.T.);
#2791=ORIENTED_EDGE('',*,*,#2187,.T.);
#2792=ORIENTED_EDGE('',*,*,#2163,.F.);
#2793=ORIENTED_EDGE('',*,*,#2184,.T.);
#2794=ORIENTED_EDGE('',*,*,#2173,.F.);
#2795=ORIENTED_EDGE('',*,*,#2188,.T.);
#2796=ORIENTED_EDGE('',*,*,#2189,.T.);
#2797=ORIENTED_EDGE('',*,*,#2021,.F.);
#2798=ORIENTED_EDGE('',*,*,#2176,.T.);
#2799=ORIENTED_EDGE('',*,*,#2190,.F.);
#2800=ORIENTED_EDGE('',*,*,#2191,.T.);
#2801=ORIENTED_EDGE('',*,*,#2192,.F.);
#2802=ORIENTED_EDGE('',*,*,#2193,.F.);
#2803=ORIENTED_EDGE('',*,*,#2194,.F.);
#2804=ORIENTED_EDGE('',*,*,#2195,.F.);
#2805=ORIENTED_EDGE('',*,*,#2196,.F.);
#2806=ORIENTED_EDGE('',*,*,#2197,.T.);
#2807=ORIENTED_EDGE('',*,*,#2198,.T.);
#2808=ORIENTED_EDGE('',*,*,#2199,.F.);
#2809=ORIENTED_EDGE('',*,*,#2200,.T.);
#2810=ORIENTED_EDGE('',*,*,#2201,.T.);
#2811=ORIENTED_EDGE('',*,*,#2202,.F.);
#2812=ORIENTED_EDGE('',*,*,#2029,.T.);
#2813=ORIENTED_EDGE('',*,*,#2203,.F.);
#2814=ORIENTED_EDGE('',*,*,#2196,.T.);
#2815=ORIENTED_EDGE('',*,*,#2204,.T.);
#2816=ORIENTED_EDGE('',*,*,#2190,.T.);
#2817=ORIENTED_EDGE('',*,*,#2205,.T.);
#2818=ORIENTED_EDGE('',*,*,#2206,.F.);
#2819=ORIENTED_EDGE('',*,*,#2191,.F.);
#2820=ORIENTED_EDGE('',*,*,#2204,.F.);
#2821=ORIENTED_EDGE('',*,*,#2195,.T.);
#2822=ORIENTED_EDGE('',*,*,#2207,.T.);
#2823=ORIENTED_EDGE('',*,*,#2208,.T.);
#2824=ORIENTED_EDGE('',*,*,#2209,.T.);
#2825=ORIENTED_EDGE('',*,*,#2210,.F.);
#2826=ORIENTED_EDGE('',*,*,#2211,.T.);
#2827=ORIENTED_EDGE('',*,*,#2212,.T.);
#2828=ORIENTED_EDGE('',*,*,#2213,.T.);
#2829=ORIENTED_EDGE('',*,*,#2201,.F.);
#2830=ORIENTED_EDGE('',*,*,#2205,.F.);
#2831=ORIENTED_EDGE('',*,*,#2193,.T.);
#2832=ORIENTED_EDGE('',*,*,#2214,.F.);
#2833=ORIENTED_EDGE('',*,*,#2197,.F.);
#2834=ORIENTED_EDGE('',*,*,#2022,.F.);
#2835=ORIENTED_EDGE('',*,*,#2189,.F.);
#2836=ORIENTED_EDGE('',*,*,#2210,.T.);
#2837=ORIENTED_EDGE('',*,*,#2215,.T.);
#2838=ORIENTED_EDGE('',*,*,#2216,.T.);
#2839=ORIENTED_EDGE('',*,*,#2217,.F.);
#2840=ORIENTED_EDGE('',*,*,#2194,.T.);
#2841=ORIENTED_EDGE('',*,*,#2214,.T.);
#2842=ORIENTED_EDGE('',*,*,#2192,.T.);
#2843=ORIENTED_EDGE('',*,*,#2206,.T.);
#2844=ORIENTED_EDGE('',*,*,#2218,.T.);
#2845=ORIENTED_EDGE('',*,*,#2219,.T.);
#2846=ORIENTED_EDGE('',*,*,#2175,.F.);
#2847=ORIENTED_EDGE('',*,*,#2183,.F.);
#2848=ORIENTED_EDGE('',*,*,#2161,.F.);
#2849=ORIENTED_EDGE('',*,*,#2220,.T.);
#2850=ORIENTED_EDGE('',*,*,#2221,.T.);
#2851=ORIENTED_EDGE('',*,*,#2222,.T.);
#2852=ORIENTED_EDGE('',*,*,#2223,.T.);
#2853=ORIENTED_EDGE('',*,*,#2224,.T.);
#2854=ORIENTED_EDGE('',*,*,#2225,.T.);
#2855=ORIENTED_EDGE('',*,*,#2216,.F.);
#2856=ORIENTED_EDGE('',*,*,#2226,.F.);
#2857=ORIENTED_EDGE('',*,*,#2227,.F.);
#2858=ORIENTED_EDGE('',*,*,#2198,.F.);
#2859=ORIENTED_EDGE('',*,*,#2228,.T.);
#2860=ORIENTED_EDGE('',*,*,#2229,.T.);
#2861=ORIENTED_EDGE('',*,*,#2230,.T.);
#2862=ORIENTED_EDGE('',*,*,#2231,.T.);
#2863=ORIENTED_EDGE('',*,*,#2063,.F.);
#2864=ORIENTED_EDGE('',*,*,#2232,.T.);
#2865=ORIENTED_EDGE('',*,*,#2233,.F.);
#2866=ORIENTED_EDGE('',*,*,#2232,.F.);
#2867=ORIENTED_EDGE('',*,*,#2062,.F.);
#2868=ORIENTED_EDGE('',*,*,#2234,.T.);
#2869=ORIENTED_EDGE('',*,*,#2235,.F.);
#2870=ORIENTED_EDGE('',*,*,#2234,.F.);
#2871=ORIENTED_EDGE('',*,*,#2061,.F.);
#2872=ORIENTED_EDGE('',*,*,#2236,.T.);
#2873=ORIENTED_EDGE('',*,*,#2237,.F.);
#2874=ORIENTED_EDGE('',*,*,#2238,.F.);
#2875=ORIENTED_EDGE('',*,*,#2236,.F.);
#2876=ORIENTED_EDGE('',*,*,#2060,.F.);
#2877=ORIENTED_EDGE('',*,*,#2239,.T.);
#2878=ORIENTED_EDGE('',*,*,#2240,.F.);
#2879=ORIENTED_EDGE('',*,*,#2239,.F.);
#2880=ORIENTED_EDGE('',*,*,#2059,.F.);
#2881=ORIENTED_EDGE('',*,*,#2241,.T.);
#2882=ORIENTED_EDGE('',*,*,#2242,.F.);
#2883=ORIENTED_EDGE('',*,*,#2241,.F.);
#2884=ORIENTED_EDGE('',*,*,#2058,.F.);
#2885=ORIENTED_EDGE('',*,*,#2243,.T.);
#2886=ORIENTED_EDGE('',*,*,#2244,.F.);
#2887=ORIENTED_EDGE('',*,*,#2243,.F.);
#2888=ORIENTED_EDGE('',*,*,#2057,.F.);
#2889=ORIENTED_EDGE('',*,*,#2245,.T.);
#2890=ORIENTED_EDGE('',*,*,#2246,.F.);
#2891=ORIENTED_EDGE('',*,*,#2245,.F.);
#2892=ORIENTED_EDGE('',*,*,#2056,.F.);
#2893=ORIENTED_EDGE('',*,*,#2247,.T.);
#2894=ORIENTED_EDGE('',*,*,#2248,.F.);
#2895=ORIENTED_EDGE('',*,*,#2247,.F.);
#2896=ORIENTED_EDGE('',*,*,#2055,.F.);
#2897=ORIENTED_EDGE('',*,*,#2249,.T.);
#2898=ORIENTED_EDGE('',*,*,#2250,.F.);
#2899=ORIENTED_EDGE('',*,*,#2221,.F.);
#2900=ORIENTED_EDGE('',*,*,#2251,.F.);
#2901=ORIENTED_EDGE('',*,*,#2249,.F.);
#2902=ORIENTED_EDGE('',*,*,#2054,.F.);
#2903=ORIENTED_EDGE('',*,*,#2252,.T.);
#2904=ORIENTED_EDGE('',*,*,#2253,.F.);
#2905=ORIENTED_EDGE('',*,*,#2252,.F.);
#2906=ORIENTED_EDGE('',*,*,#2053,.F.);
#2907=ORIENTED_EDGE('',*,*,#2254,.T.);
#2908=ORIENTED_EDGE('',*,*,#2255,.F.);
#2909=ORIENTED_EDGE('',*,*,#2254,.F.);
#2910=ORIENTED_EDGE('',*,*,#2052,.F.);
#2911=ORIENTED_EDGE('',*,*,#2256,.T.);
#2912=ORIENTED_EDGE('',*,*,#2257,.F.);
#2913=ORIENTED_EDGE('',*,*,#2256,.F.);
#2914=ORIENTED_EDGE('',*,*,#2051,.F.);
#2915=ORIENTED_EDGE('',*,*,#2258,.T.);
#2916=ORIENTED_EDGE('',*,*,#2259,.F.);
#2917=ORIENTED_EDGE('',*,*,#2258,.F.);
#2918=ORIENTED_EDGE('',*,*,#2050,.F.);
#2919=ORIENTED_EDGE('',*,*,#2260,.T.);
#2920=ORIENTED_EDGE('',*,*,#2261,.F.);
#2921=ORIENTED_EDGE('',*,*,#2260,.F.);
#2922=ORIENTED_EDGE('',*,*,#2049,.F.);
#2923=ORIENTED_EDGE('',*,*,#2262,.T.);
#2924=ORIENTED_EDGE('',*,*,#2263,.F.);
#2925=ORIENTED_EDGE('',*,*,#2264,.F.);
#2926=ORIENTED_EDGE('',*,*,#2262,.F.);
#2927=ORIENTED_EDGE('',*,*,#2048,.F.);
#2928=ORIENTED_EDGE('',*,*,#2265,.T.);
#2929=ORIENTED_EDGE('',*,*,#2266,.F.);
#2930=ORIENTED_EDGE('',*,*,#2265,.F.);
#2931=ORIENTED_EDGE('',*,*,#2047,.F.);
#2932=ORIENTED_EDGE('',*,*,#2267,.T.);
#2933=ORIENTED_EDGE('',*,*,#2268,.F.);
#2934=ORIENTED_EDGE('',*,*,#2267,.F.);
#2935=ORIENTED_EDGE('',*,*,#2046,.F.);
#2936=ORIENTED_EDGE('',*,*,#2269,.T.);
#2937=ORIENTED_EDGE('',*,*,#2270,.F.);
#2938=ORIENTED_EDGE('',*,*,#2271,.F.);
#2939=ORIENTED_EDGE('',*,*,#2269,.F.);
#2940=ORIENTED_EDGE('',*,*,#2045,.F.);
#2941=ORIENTED_EDGE('',*,*,#2272,.T.);
#2942=ORIENTED_EDGE('',*,*,#2229,.F.);
#2943=ORIENTED_EDGE('',*,*,#2273,.F.);
#2944=ORIENTED_EDGE('',*,*,#2230,.F.);
#2945=ORIENTED_EDGE('',*,*,#2272,.F.);
#2946=ORIENTED_EDGE('',*,*,#2044,.F.);
#2947=ORIENTED_EDGE('',*,*,#2274,.T.);
#2948=ORIENTED_EDGE('',*,*,#2223,.F.);
#2949=ORIENTED_EDGE('',*,*,#2275,.F.);
#2950=ORIENTED_EDGE('',*,*,#2224,.F.);
#2951=ORIENTED_EDGE('',*,*,#2274,.F.);
#2952=ORIENTED_EDGE('',*,*,#2043,.F.);
#2953=ORIENTED_EDGE('',*,*,#2276,.T.);
#2954=ORIENTED_EDGE('',*,*,#2277,.F.);
#2955=ORIENTED_EDGE('',*,*,#2278,.F.);
#2956=ORIENTED_EDGE('',*,*,#2276,.F.);
#2957=ORIENTED_EDGE('',*,*,#2042,.F.);
#2958=ORIENTED_EDGE('',*,*,#2279,.T.);
#2959=ORIENTED_EDGE('',*,*,#2280,.F.);
#2960=ORIENTED_EDGE('',*,*,#2279,.F.);
#2961=ORIENTED_EDGE('',*,*,#2041,.F.);
#2962=ORIENTED_EDGE('',*,*,#2281,.T.);
#2963=ORIENTED_EDGE('',*,*,#2282,.F.);
#2964=ORIENTED_EDGE('',*,*,#2281,.F.);
#2965=ORIENTED_EDGE('',*,*,#2040,.F.);
#2966=ORIENTED_EDGE('',*,*,#2283,.T.);
#2967=ORIENTED_EDGE('',*,*,#2284,.F.);
#2968=ORIENTED_EDGE('',*,*,#2218,.F.);
#2969=ORIENTED_EDGE('',*,*,#2285,.F.);
#2970=ORIENTED_EDGE('',*,*,#2283,.F.);
#2971=ORIENTED_EDGE('',*,*,#2039,.F.);
#2972=ORIENTED_EDGE('',*,*,#2286,.T.);
#2973=ORIENTED_EDGE('',*,*,#2287,.F.);
#2974=ORIENTED_EDGE('',*,*,#2286,.F.);
#2975=ORIENTED_EDGE('',*,*,#2038,.F.);
#2976=ORIENTED_EDGE('',*,*,#2288,.T.);
#2977=ORIENTED_EDGE('',*,*,#2289,.F.);
#2978=ORIENTED_EDGE('',*,*,#2288,.F.);
#2979=ORIENTED_EDGE('',*,*,#2037,.F.);
#2980=ORIENTED_EDGE('',*,*,#2290,.T.);
#2981=ORIENTED_EDGE('',*,*,#2291,.F.);
#2982=ORIENTED_EDGE('',*,*,#2290,.F.);
#2983=ORIENTED_EDGE('',*,*,#2292,.F.);
#2984=ORIENTED_EDGE('',*,*,#2203,.T.);
#2985=ORIENTED_EDGE('',*,*,#2028,.T.);
#2986=ORIENTED_EDGE('',*,*,#2293,.T.);
#2987=ORIENTED_EDGE('',*,*,#2030,.T.);
#2988=ORIENTED_EDGE('',*,*,#2202,.T.);
#2989=ORIENTED_EDGE('',*,*,#2294,.T.);
#2990=ORIENTED_EDGE('',*,*,#2160,.T.);
#2991=ORIENTED_EDGE('',*,*,#2294,.F.);
#2992=ORIENTED_EDGE('',*,*,#2213,.F.);
#2993=ORIENTED_EDGE('',*,*,#2270,.T.);
#2994=ORIENTED_EDGE('',*,*,#2271,.T.);
#2995=ORIENTED_EDGE('',*,*,#2212,.F.);
#2996=ORIENTED_EDGE('',*,*,#2277,.T.);
#2997=ORIENTED_EDGE('',*,*,#2278,.T.);
#2998=ORIENTED_EDGE('',*,*,#2211,.F.);
#2999=ORIENTED_EDGE('',*,*,#2188,.F.);
#3000=ORIENTED_EDGE('',*,*,#2219,.F.);
#3001=ORIENTED_EDGE('',*,*,#2284,.T.);
#3002=ORIENTED_EDGE('',*,*,#2285,.T.);
#3003=ORIENTED_EDGE('',*,*,#2222,.F.);
#3004=ORIENTED_EDGE('',*,*,#2250,.T.);
#3005=ORIENTED_EDGE('',*,*,#2251,.T.);
#3006=ORIENTED_EDGE('',*,*,#2220,.F.);
#3007=ORIENTED_EDGE('',*,*,#2282,.T.);
#3008=ORIENTED_EDGE('',*,*,#2280,.T.);
#3009=ORIENTED_EDGE('',*,*,#2268,.T.);
#3010=ORIENTED_EDGE('',*,*,#2266,.T.);
#3011=ORIENTED_EDGE('',*,*,#2248,.T.);
#3012=ORIENTED_EDGE('',*,*,#2246,.T.);
#3013=ORIENTED_EDGE('',*,*,#2244,.T.);
#3014=ORIENTED_EDGE('',*,*,#2242,.T.);
#3015=ORIENTED_EDGE('',*,*,#2240,.T.);
#3016=ORIENTED_EDGE('',*,*,#2295,.T.);
#3017=ORIENTED_EDGE('',*,*,#2296,.F.);
#3018=ORIENTED_EDGE('',*,*,#2297,.F.);
#3019=ORIENTED_EDGE('',*,*,#2298,.T.);
#3020=ORIENTED_EDGE('',*,*,#2299,.F.);
#3021=ORIENTED_EDGE('',*,*,#2295,.F.);
#3022=ORIENTED_EDGE('',*,*,#2300,.F.);
#3023=ORIENTED_EDGE('',*,*,#2301,.F.);
#3024=ORIENTED_EDGE('',*,*,#2302,.F.);
#3025=ORIENTED_EDGE('',*,*,#2303,.T.);
#3026=ORIENTED_EDGE('',*,*,#2034,.T.);
#3027=ORIENTED_EDGE('',*,*,#2157,.T.);
#3028=ORIENTED_EDGE('',*,*,#2304,.T.);
#3029=ORIENTED_EDGE('',*,*,#2305,.T.);
#3030=ORIENTED_EDGE('',*,*,#2023,.F.);
#3031=ORIENTED_EDGE('',*,*,#2217,.T.);
#3032=ORIENTED_EDGE('',*,*,#2305,.F.);
#3033=ORIENTED_EDGE('',*,*,#2306,.T.);
#3034=ORIENTED_EDGE('',*,*,#2307,.F.);
#3035=ORIENTED_EDGE('',*,*,#2024,.F.);
#3036=ORIENTED_EDGE('',*,*,#2293,.F.);
#3037=ORIENTED_EDGE('',*,*,#2035,.T.);
#3038=ORIENTED_EDGE('',*,*,#2303,.F.);
#3039=ORIENTED_EDGE('',*,*,#2308,.F.);
#3040=ORIENTED_EDGE('',*,*,#2036,.F.);
#3041=ORIENTED_EDGE('',*,*,#2309,.T.);
#3042=ORIENTED_EDGE('',*,*,#2310,.F.);
#3043=ORIENTED_EDGE('',*,*,#2309,.F.);
#3044=ORIENTED_EDGE('',*,*,#2086,.F.);
#3045=ORIENTED_EDGE('',*,*,#2311,.T.);
#3046=ORIENTED_EDGE('',*,*,#2312,.F.);
#3047=ORIENTED_EDGE('',*,*,#2311,.F.);
#3048=ORIENTED_EDGE('',*,*,#2085,.F.);
#3049=ORIENTED_EDGE('',*,*,#2313,.T.);
#3050=ORIENTED_EDGE('',*,*,#2314,.F.);
#3051=ORIENTED_EDGE('',*,*,#2313,.F.);
#3052=ORIENTED_EDGE('',*,*,#2084,.F.);
#3053=ORIENTED_EDGE('',*,*,#2315,.T.);
#3054=ORIENTED_EDGE('',*,*,#2316,.F.);
#3055=ORIENTED_EDGE('',*,*,#2315,.F.);
#3056=ORIENTED_EDGE('',*,*,#2083,.F.);
#3057=ORIENTED_EDGE('',*,*,#2317,.T.);
#3058=ORIENTED_EDGE('',*,*,#2318,.F.);
#3059=ORIENTED_EDGE('',*,*,#2317,.F.);
#3060=ORIENTED_EDGE('',*,*,#2082,.F.);
#3061=ORIENTED_EDGE('',*,*,#2319,.T.);
#3062=ORIENTED_EDGE('',*,*,#2320,.F.);
#3063=ORIENTED_EDGE('',*,*,#2319,.F.);
#3064=ORIENTED_EDGE('',*,*,#2081,.F.);
#3065=ORIENTED_EDGE('',*,*,#2321,.T.);
#3066=ORIENTED_EDGE('',*,*,#2322,.F.);
#3067=ORIENTED_EDGE('',*,*,#2321,.F.);
#3068=ORIENTED_EDGE('',*,*,#2080,.F.);
#3069=ORIENTED_EDGE('',*,*,#2323,.T.);
#3070=ORIENTED_EDGE('',*,*,#2324,.F.);
#3071=ORIENTED_EDGE('',*,*,#2323,.F.);
#3072=ORIENTED_EDGE('',*,*,#2079,.F.);
#3073=ORIENTED_EDGE('',*,*,#2325,.T.);
#3074=ORIENTED_EDGE('',*,*,#2326,.F.);
#3075=ORIENTED_EDGE('',*,*,#2325,.F.);
#3076=ORIENTED_EDGE('',*,*,#2078,.F.);
#3077=ORIENTED_EDGE('',*,*,#2327,.T.);
#3078=ORIENTED_EDGE('',*,*,#2328,.F.);
#3079=ORIENTED_EDGE('',*,*,#2327,.F.);
#3080=ORIENTED_EDGE('',*,*,#2077,.F.);
#3081=ORIENTED_EDGE('',*,*,#2329,.T.);
#3082=ORIENTED_EDGE('',*,*,#2330,.F.);
#3083=ORIENTED_EDGE('',*,*,#2329,.F.);
#3084=ORIENTED_EDGE('',*,*,#2076,.F.);
#3085=ORIENTED_EDGE('',*,*,#2331,.T.);
#3086=ORIENTED_EDGE('',*,*,#2332,.F.);
#3087=ORIENTED_EDGE('',*,*,#2331,.F.);
#3088=ORIENTED_EDGE('',*,*,#2075,.F.);
#3089=ORIENTED_EDGE('',*,*,#2333,.T.);
#3090=ORIENTED_EDGE('',*,*,#2334,.F.);
#3091=ORIENTED_EDGE('',*,*,#2333,.F.);
#3092=ORIENTED_EDGE('',*,*,#2074,.F.);
#3093=ORIENTED_EDGE('',*,*,#2335,.T.);
#3094=ORIENTED_EDGE('',*,*,#2336,.F.);
#3095=ORIENTED_EDGE('',*,*,#2335,.F.);
#3096=ORIENTED_EDGE('',*,*,#2073,.F.);
#3097=ORIENTED_EDGE('',*,*,#2337,.T.);
#3098=ORIENTED_EDGE('',*,*,#2338,.F.);
#3099=ORIENTED_EDGE('',*,*,#2337,.F.);
#3100=ORIENTED_EDGE('',*,*,#2072,.F.);
#3101=ORIENTED_EDGE('',*,*,#2339,.T.);
#3102=ORIENTED_EDGE('',*,*,#2340,.F.);
#3103=ORIENTED_EDGE('',*,*,#2339,.F.);
#3104=ORIENTED_EDGE('',*,*,#2071,.F.);
#3105=ORIENTED_EDGE('',*,*,#2341,.T.);
#3106=ORIENTED_EDGE('',*,*,#2342,.F.);
#3107=ORIENTED_EDGE('',*,*,#2341,.F.);
#3108=ORIENTED_EDGE('',*,*,#2070,.F.);
#3109=ORIENTED_EDGE('',*,*,#2343,.T.);
#3110=ORIENTED_EDGE('',*,*,#2344,.F.);
#3111=ORIENTED_EDGE('',*,*,#2343,.F.);
#3112=ORIENTED_EDGE('',*,*,#2069,.F.);
#3113=ORIENTED_EDGE('',*,*,#2345,.T.);
#3114=ORIENTED_EDGE('',*,*,#2346,.F.);
#3115=ORIENTED_EDGE('',*,*,#2345,.F.);
#3116=ORIENTED_EDGE('',*,*,#2068,.F.);
#3117=ORIENTED_EDGE('',*,*,#2347,.T.);
#3118=ORIENTED_EDGE('',*,*,#2348,.F.);
#3119=ORIENTED_EDGE('',*,*,#2347,.F.);
#3120=ORIENTED_EDGE('',*,*,#2067,.F.);
#3121=ORIENTED_EDGE('',*,*,#2349,.T.);
#3122=ORIENTED_EDGE('',*,*,#2350,.F.);
#3123=ORIENTED_EDGE('',*,*,#2349,.F.);
#3124=ORIENTED_EDGE('',*,*,#2066,.F.);
#3125=ORIENTED_EDGE('',*,*,#2351,.T.);
#3126=ORIENTED_EDGE('',*,*,#2352,.F.);
#3127=ORIENTED_EDGE('',*,*,#2351,.F.);
#3128=ORIENTED_EDGE('',*,*,#2065,.F.);
#3129=ORIENTED_EDGE('',*,*,#2353,.T.);
#3130=ORIENTED_EDGE('',*,*,#2354,.F.);
#3131=ORIENTED_EDGE('',*,*,#2353,.F.);
#3132=ORIENTED_EDGE('',*,*,#2064,.F.);
#3133=ORIENTED_EDGE('',*,*,#2355,.T.);
#3134=ORIENTED_EDGE('',*,*,#2356,.F.);
#3135=ORIENTED_EDGE('',*,*,#2355,.F.);
#3136=ORIENTED_EDGE('',*,*,#2132,.F.);
#3137=ORIENTED_EDGE('',*,*,#2357,.F.);
#3138=ORIENTED_EDGE('',*,*,#2108,.F.);
#3139=ORIENTED_EDGE('',*,*,#2358,.F.);
#3140=ORIENTED_EDGE('',*,*,#2359,.T.);
#3141=ORIENTED_EDGE('',*,*,#2360,.T.);
#3142=ORIENTED_EDGE('',*,*,#2126,.F.);
#3143=ORIENTED_EDGE('',*,*,#2360,.F.);
#3144=ORIENTED_EDGE('',*,*,#2361,.F.);
#3145=ORIENTED_EDGE('',*,*,#2362,.F.);
#3146=ORIENTED_EDGE('',*,*,#2363,.F.);
#3147=ORIENTED_EDGE('',*,*,#2364,.F.);
#3148=ORIENTED_EDGE('',*,*,#2123,.F.);
#3149=ORIENTED_EDGE('',*,*,#2127,.T.);
#3150=ORIENTED_EDGE('',*,*,#2362,.T.);
#3151=ORIENTED_EDGE('',*,*,#2365,.T.);
#3152=ORIENTED_EDGE('',*,*,#2366,.T.);
#3153=ORIENTED_EDGE('',*,*,#2120,.T.);
#3154=ORIENTED_EDGE('',*,*,#2366,.F.);
#3155=ORIENTED_EDGE('',*,*,#2367,.T.);
#3156=ORIENTED_EDGE('',*,*,#2361,.T.);
#3157=ORIENTED_EDGE('',*,*,#2359,.F.);
#3158=ORIENTED_EDGE('',*,*,#2368,.F.);
#3159=ORIENTED_EDGE('',*,*,#2369,.F.);
#3160=ORIENTED_EDGE('',*,*,#2370,.T.);
#3161=ORIENTED_EDGE('',*,*,#2371,.F.);
#3162=ORIENTED_EDGE('',*,*,#2372,.T.);
#3163=ORIENTED_EDGE('',*,*,#2373,.F.);
#3164=ORIENTED_EDGE('',*,*,#2374,.F.);
#3165=ORIENTED_EDGE('',*,*,#2363,.T.);
#3166=ORIENTED_EDGE('',*,*,#2367,.F.);
#3167=ORIENTED_EDGE('',*,*,#2365,.F.);
#3168=ORIENTED_EDGE('',*,*,#2364,.T.);
#3169=ORIENTED_EDGE('',*,*,#2374,.T.);
#3170=ORIENTED_EDGE('',*,*,#2375,.F.);
#3171=ORIENTED_EDGE('',*,*,#2376,.T.);
#3172=ORIENTED_EDGE('',*,*,#2371,.T.);
#3173=ORIENTED_EDGE('',*,*,#2377,.T.);
#3174=ORIENTED_EDGE('',*,*,#2378,.F.);
#3175=ORIENTED_EDGE('',*,*,#2106,.F.);
#3176=ORIENTED_EDGE('',*,*,#2124,.T.);
#3177=ORIENTED_EDGE('',*,*,#2379,.T.);
#3178=ORIENTED_EDGE('',*,*,#2369,.T.);
#3179=ORIENTED_EDGE('',*,*,#2380,.F.);
#3180=ORIENTED_EDGE('',*,*,#2381,.T.);
#3181=ORIENTED_EDGE('',*,*,#2375,.T.);
#3182=ORIENTED_EDGE('',*,*,#2373,.T.);
#3183=ORIENTED_EDGE('',*,*,#2379,.F.);
#3184=ORIENTED_EDGE('',*,*,#2382,.F.);
#3185=ORIENTED_EDGE('',*,*,#2377,.F.);
#3186=ORIENTED_EDGE('',*,*,#2370,.F.);
#3187=ORIENTED_EDGE('',*,*,#2381,.F.);
#3188=ORIENTED_EDGE('',*,*,#2372,.F.);
#3189=ORIENTED_EDGE('',*,*,#2376,.F.);
#3190=ORIENTED_EDGE('',*,*,#2358,.T.);
#3191=ORIENTED_EDGE('',*,*,#2107,.F.);
#3192=ORIENTED_EDGE('',*,*,#2378,.T.);
#3193=ORIENTED_EDGE('',*,*,#2382,.T.);
#3194=ORIENTED_EDGE('',*,*,#2380,.T.);
#3195=ORIENTED_EDGE('',*,*,#2368,.T.);
#3196=ORIENTED_EDGE('',*,*,#2128,.F.);
#3197=ORIENTED_EDGE('',*,*,#2383,.T.);
#3198=ORIENTED_EDGE('',*,*,#2384,.F.);
#3199=ORIENTED_EDGE('',*,*,#2385,.F.);
#3200=ORIENTED_EDGE('',*,*,#2386,.T.);
#3201=ORIENTED_EDGE('',*,*,#2093,.T.);
#3202=ORIENTED_EDGE('',*,*,#2115,.T.);
#3203=ORIENTED_EDGE('',*,*,#2387,.T.);
#3204=ORIENTED_EDGE('',*,*,#2388,.F.);
#3205=ORIENTED_EDGE('',*,*,#2389,.F.);
#3206=ORIENTED_EDGE('',*,*,#2133,.T.);
#3207=ORIENTED_EDGE('',*,*,#2390,.F.);
#3208=ORIENTED_EDGE('',*,*,#2388,.T.);
#3209=ORIENTED_EDGE('',*,*,#2391,.T.);
#3210=ORIENTED_EDGE('',*,*,#2392,.T.);
#3211=ORIENTED_EDGE('',*,*,#2393,.T.);
#3212=ORIENTED_EDGE('',*,*,#2394,.T.);
#3213=ORIENTED_EDGE('',*,*,#2384,.T.);
#3214=ORIENTED_EDGE('',*,*,#2393,.F.);
#3215=ORIENTED_EDGE('',*,*,#2395,.F.);
#3216=ORIENTED_EDGE('',*,*,#2396,.T.);
#3217=ORIENTED_EDGE('',*,*,#2119,.F.);
#3218=ORIENTED_EDGE('',*,*,#2396,.F.);
#3219=ORIENTED_EDGE('',*,*,#2397,.F.);
#3220=ORIENTED_EDGE('',*,*,#2394,.F.);
#3221=ORIENTED_EDGE('',*,*,#2397,.T.);
#3222=ORIENTED_EDGE('',*,*,#2395,.T.);
#3223=ORIENTED_EDGE('',*,*,#2392,.F.);
#3224=ORIENTED_EDGE('',*,*,#2398,.T.);
#3225=ORIENTED_EDGE('',*,*,#2399,.T.);
#3226=ORIENTED_EDGE('',*,*,#2400,.F.);
#3227=ORIENTED_EDGE('',*,*,#2401,.T.);
#3228=ORIENTED_EDGE('',*,*,#2402,.F.);
#3229=ORIENTED_EDGE('',*,*,#2403,.T.);
#3230=ORIENTED_EDGE('',*,*,#2404,.T.);
#3231=ORIENTED_EDGE('',*,*,#2385,.T.);
#3232=ORIENTED_EDGE('',*,*,#2391,.F.);
#3233=ORIENTED_EDGE('',*,*,#2387,.F.);
#3234=ORIENTED_EDGE('',*,*,#2114,.T.);
#3235=ORIENTED_EDGE('',*,*,#2405,.T.);
#3236=ORIENTED_EDGE('',*,*,#2406,.F.);
#3237=ORIENTED_EDGE('',*,*,#2401,.F.);
#3238=ORIENTED_EDGE('',*,*,#2407,.F.);
#3239=ORIENTED_EDGE('',*,*,#2408,.T.);
#3240=ORIENTED_EDGE('',*,*,#2398,.F.);
#3241=ORIENTED_EDGE('',*,*,#2409,.F.);
#3242=ORIENTED_EDGE('',*,*,#2410,.T.);
#3243=ORIENTED_EDGE('',*,*,#2403,.F.);
#3244=ORIENTED_EDGE('',*,*,#2411,.F.);
#3245=ORIENTED_EDGE('',*,*,#2399,.F.);
#3246=ORIENTED_EDGE('',*,*,#2408,.F.);
#3247=ORIENTED_EDGE('',*,*,#2409,.T.);
#3248=ORIENTED_EDGE('',*,*,#2402,.T.);
#3249=ORIENTED_EDGE('',*,*,#2406,.T.);
#3250=ORIENTED_EDGE('',*,*,#2412,.T.);
#3251=ORIENTED_EDGE('',*,*,#2411,.T.);
#3252=ORIENTED_EDGE('',*,*,#2407,.T.);
#3253=ORIENTED_EDGE('',*,*,#2400,.T.);
#3254=ORIENTED_EDGE('',*,*,#2134,.T.);
#3255=ORIENTED_EDGE('',*,*,#2389,.T.);
#3256=ORIENTED_EDGE('',*,*,#2390,.T.);
#3257=ORIENTED_EDGE('',*,*,#2383,.F.);
#3258=ORIENTED_EDGE('',*,*,#2110,.F.);
#3259=ORIENTED_EDGE('',*,*,#2413,.T.);
#3260=ORIENTED_EDGE('',*,*,#2130,.F.);
#3261=ORIENTED_EDGE('',*,*,#2414,.T.);
#3262=ORIENTED_EDGE('',*,*,#2415,.F.);
#3263=ORIENTED_EDGE('',*,*,#2416,.F.);
#3264=ORIENTED_EDGE('',*,*,#2306,.F.);
#3265=ORIENTED_EDGE('',*,*,#2304,.F.);
#3266=ORIENTED_EDGE('',*,*,#2225,.F.);
#3267=ORIENTED_EDGE('',*,*,#2275,.T.);
#3268=ORIENTED_EDGE('',*,*,#2231,.F.);
#3269=ORIENTED_EDGE('',*,*,#2273,.T.);
#3270=ORIENTED_EDGE('',*,*,#2228,.F.);
#3271=ORIENTED_EDGE('',*,*,#2292,.T.);
#3272=ORIENTED_EDGE('',*,*,#2308,.T.);
#3273=ORIENTED_EDGE('',*,*,#2302,.T.);
#3274=ORIENTED_EDGE('',*,*,#2159,.F.);
#3275=ORIENTED_EDGE('',*,*,#2169,.F.);
#3276=ORIENTED_EDGE('',*,*,#2187,.F.);
#3277=ORIENTED_EDGE('',*,*,#2237,.T.);
#3278=ORIENTED_EDGE('',*,*,#2238,.T.);
#3279=ORIENTED_EDGE('',*,*,#2186,.F.);
#3280=ORIENTED_EDGE('',*,*,#2263,.T.);
#3281=ORIENTED_EDGE('',*,*,#2264,.T.);
#3282=ORIENTED_EDGE('',*,*,#2185,.F.);
#3283=ORIENTED_EDGE('',*,*,#2417,.T.);
#3284=ORIENTED_EDGE('',*,*,#2418,.T.);
#3285=ORIENTED_EDGE('',*,*,#2419,.T.);
#3286=ORIENTED_EDGE('',*,*,#2147,.T.);
#3287=ORIENTED_EDGE('',*,*,#2148,.T.);
#3288=ORIENTED_EDGE('',*,*,#2139,.T.);
#3289=ORIENTED_EDGE('',*,*,#2149,.T.);
#3290=ORIENTED_EDGE('',*,*,#2420,.T.);
#3291=ORIENTED_EDGE('',*,*,#2356,.T.);
#3292=ORIENTED_EDGE('',*,*,#2354,.T.);
#3293=ORIENTED_EDGE('',*,*,#2352,.T.);
#3294=ORIENTED_EDGE('',*,*,#2350,.T.);
#3295=ORIENTED_EDGE('',*,*,#2348,.T.);
#3296=ORIENTED_EDGE('',*,*,#2346,.T.);
#3297=ORIENTED_EDGE('',*,*,#2344,.T.);
#3298=ORIENTED_EDGE('',*,*,#2342,.T.);
#3299=ORIENTED_EDGE('',*,*,#2340,.T.);
#3300=ORIENTED_EDGE('',*,*,#2338,.T.);
#3301=ORIENTED_EDGE('',*,*,#2336,.T.);
#3302=ORIENTED_EDGE('',*,*,#2334,.T.);
#3303=ORIENTED_EDGE('',*,*,#2332,.T.);
#3304=ORIENTED_EDGE('',*,*,#2330,.T.);
#3305=ORIENTED_EDGE('',*,*,#2328,.T.);
#3306=ORIENTED_EDGE('',*,*,#2326,.T.);
#3307=ORIENTED_EDGE('',*,*,#2324,.T.);
#3308=ORIENTED_EDGE('',*,*,#2322,.T.);
#3309=ORIENTED_EDGE('',*,*,#2320,.T.);
#3310=ORIENTED_EDGE('',*,*,#2318,.T.);
#3311=ORIENTED_EDGE('',*,*,#2316,.T.);
#3312=ORIENTED_EDGE('',*,*,#2314,.T.);
#3313=ORIENTED_EDGE('',*,*,#2312,.T.);
#3314=ORIENTED_EDGE('',*,*,#2310,.T.);
#3315=ORIENTED_EDGE('',*,*,#2233,.T.);
#3316=ORIENTED_EDGE('',*,*,#2235,.T.);
#3317=ORIENTED_EDGE('',*,*,#2253,.T.);
#3318=ORIENTED_EDGE('',*,*,#2255,.T.);
#3319=ORIENTED_EDGE('',*,*,#2257,.T.);
#3320=ORIENTED_EDGE('',*,*,#2259,.T.);
#3321=ORIENTED_EDGE('',*,*,#2261,.T.);
#3322=ORIENTED_EDGE('',*,*,#2287,.T.);
#3323=ORIENTED_EDGE('',*,*,#2289,.T.);
#3324=ORIENTED_EDGE('',*,*,#2291,.T.);
#3325=ORIENTED_EDGE('',*,*,#2421,.T.);
#3326=ORIENTED_EDGE('',*,*,#2112,.F.);
#3327=ORIENTED_EDGE('',*,*,#2111,.T.);
#3328=ORIENTED_EDGE('',*,*,#2419,.F.);
#3329=ORIENTED_EDGE('',*,*,#2422,.T.);
#3330=ORIENTED_EDGE('',*,*,#2026,.T.);
#3331=ORIENTED_EDGE('',*,*,#2423,.T.);
#3332=ORIENTED_EDGE('',*,*,#2415,.T.);
#3333=ORIENTED_EDGE('',*,*,#2424,.T.);
#3334=ORIENTED_EDGE('',*,*,#2027,.T.);
#3335=ORIENTED_EDGE('',*,*,#2422,.F.);
#3336=ORIENTED_EDGE('',*,*,#2418,.F.);
#3337=ORIENTED_EDGE('',*,*,#2357,.T.);
#3338=ORIENTED_EDGE('',*,*,#2131,.T.);
#3339=ORIENTED_EDGE('',*,*,#2413,.F.);
#3340=ORIENTED_EDGE('',*,*,#2109,.T.);
#3341=ORIENTED_EDGE('',*,*,#2137,.F.);
#3342=ORIENTED_EDGE('',*,*,#2425,.T.);
#3343=ORIENTED_EDGE('',*,*,#2118,.F.);
#3344=ORIENTED_EDGE('',*,*,#2425,.F.);
#3345=ORIENTED_EDGE('',*,*,#2136,.F.);
#3346=ORIENTED_EDGE('',*,*,#2426,.F.);
#3347=ORIENTED_EDGE('',*,*,#2116,.F.);
#3348=ORIENTED_EDGE('',*,*,#2103,.T.);
#3349=ORIENTED_EDGE('',*,*,#2421,.F.);
#3350=ORIENTED_EDGE('',*,*,#2414,.F.);
#3351=ORIENTED_EDGE('',*,*,#2129,.F.);
#3352=ORIENTED_EDGE('',*,*,#2386,.F.);
#3353=ORIENTED_EDGE('',*,*,#2404,.F.);
#3354=ORIENTED_EDGE('',*,*,#2410,.F.);
#3355=ORIENTED_EDGE('',*,*,#2412,.F.);
#3356=ORIENTED_EDGE('',*,*,#2405,.F.);
#3357=ORIENTED_EDGE('',*,*,#2113,.T.);
#3358=ORIENTED_EDGE('',*,*,#2100,.T.);
#3359=ORIENTED_EDGE('',*,*,#2117,.T.);
#3360=ORIENTED_EDGE('',*,*,#2426,.T.);
#3361=ORIENTED_EDGE('',*,*,#2135,.F.);
#3362=ORIENTED_EDGE('',*,*,#2087,.F.);
#3363=ORIENTED_EDGE('',*,*,#2427,.T.);
#3364=ORIENTED_EDGE('',*,*,#2420,.F.);
#3365=ORIENTED_EDGE('',*,*,#2427,.F.);
#3366=ORIENTED_EDGE('',*,*,#2025,.F.);
#3367=ORIENTED_EDGE('',*,*,#2307,.T.);
#3368=ORIENTED_EDGE('',*,*,#2416,.T.);
#3369=ORIENTED_EDGE('',*,*,#2423,.F.);
#3370=ORIENTED_EDGE('',*,*,#2019,.T.);
#3371=ORIENTED_EDGE('',*,*,#2424,.F.);
#3372=ORIENTED_EDGE('',*,*,#2417,.F.);
#3373=ORIENTED_EDGE('',*,*,#2177,.T.);
#3374=ORIENTED_EDGE('',*,*,#2428,.T.);
#3375=ORIENTED_EDGE('',*,*,#2429,.T.);
#3376=ORIENTED_EDGE('',*,*,#2430,.F.);
#3377=ORIENTED_EDGE('',*,*,#2431,.F.);
#3378=ORIENTED_EDGE('',*,*,#2432,.F.);
#3379=ORIENTED_EDGE('',*,*,#2154,.F.);
#3380=ORIENTED_EDGE('',*,*,#2153,.F.);
#3381=ORIENTED_EDGE('',*,*,#2433,.F.);
#3382=ORIENTED_EDGE('',*,*,#2207,.F.);
#3383=ORIENTED_EDGE('',*,*,#2200,.F.);
#3384=ORIENTED_EDGE('',*,*,#2434,.F.);
#3385=ORIENTED_EDGE('',*,*,#2296,.T.);
#3386=ORIENTED_EDGE('',*,*,#2299,.T.);
#3387=ORIENTED_EDGE('',*,*,#2435,.T.);
#3388=ORIENTED_EDGE('',*,*,#2436,.T.);
#3389=ORIENTED_EDGE('',*,*,#2428,.F.);
#3390=ORIENTED_EDGE('',*,*,#2301,.T.);
#3391=ORIENTED_EDGE('',*,*,#2437,.F.);
#3392=ORIENTED_EDGE('',*,*,#2438,.T.);
#3393=ORIENTED_EDGE('',*,*,#2439,.F.);
#3394=ORIENTED_EDGE('',*,*,#2438,.F.);
#3395=ORIENTED_EDGE('',*,*,#2440,.T.);
#3396=ORIENTED_EDGE('',*,*,#2441,.T.);
#3397=ORIENTED_EDGE('',*,*,#2442,.F.);
#3398=ORIENTED_EDGE('',*,*,#2443,.F.);
#3399=ORIENTED_EDGE('',*,*,#2444,.T.);
#3400=ORIENTED_EDGE('',*,*,#2445,.F.);
#3401=ORIENTED_EDGE('',*,*,#2446,.F.);
#3402=ORIENTED_EDGE('',*,*,#2447,.F.);
#3403=ORIENTED_EDGE('',*,*,#2208,.F.);
#3404=ORIENTED_EDGE('',*,*,#2433,.T.);
#3405=ORIENTED_EDGE('',*,*,#2152,.F.);
#3406=ORIENTED_EDGE('',*,*,#2439,.T.);
#3407=ORIENTED_EDGE('',*,*,#2448,.F.);
#3408=ORIENTED_EDGE('',*,*,#2449,.T.);
#3409=ORIENTED_EDGE('',*,*,#2450,.F.);
#3410=ORIENTED_EDGE('',*,*,#2451,.T.);
#3411=ORIENTED_EDGE('',*,*,#2435,.F.);
#3412=ORIENTED_EDGE('',*,*,#2300,.T.);
#3413=ORIENTED_EDGE('',*,*,#2452,.F.);
#3414=ORIENTED_EDGE('',*,*,#2449,.F.);
#3415=ORIENTED_EDGE('',*,*,#2453,.T.);
#3416=ORIENTED_EDGE('',*,*,#2454,.T.);
#3417=ORIENTED_EDGE('',*,*,#2450,.T.);
#3418=ORIENTED_EDGE('',*,*,#2452,.T.);
#3419=ORIENTED_EDGE('',*,*,#2298,.F.);
#3420=ORIENTED_EDGE('',*,*,#2448,.T.);
#3421=ORIENTED_EDGE('',*,*,#2455,.T.);
#3422=ORIENTED_EDGE('',*,*,#2456,.T.);
#3423=ORIENTED_EDGE('',*,*,#2455,.F.);
#3424=ORIENTED_EDGE('',*,*,#2457,.T.);
#3425=ORIENTED_EDGE('',*,*,#2458,.T.);
#3426=ORIENTED_EDGE('',*,*,#2459,.F.);
#3427=ORIENTED_EDGE('',*,*,#2460,.F.);
#3428=ORIENTED_EDGE('',*,*,#2461,.T.);
#3429=ORIENTED_EDGE('',*,*,#2462,.F.);
#3430=ORIENTED_EDGE('',*,*,#2463,.F.);
#3431=ORIENTED_EDGE('',*,*,#2453,.F.);
#3432=ORIENTED_EDGE('',*,*,#2297,.T.);
#3433=ORIENTED_EDGE('',*,*,#2434,.T.);
#3434=ORIENTED_EDGE('',*,*,#2199,.T.);
#3435=ORIENTED_EDGE('',*,*,#2227,.T.);
#3436=ORIENTED_EDGE('',*,*,#2456,.F.);
#3437=ORIENTED_EDGE('',*,*,#2464,.F.);
#3438=ORIENTED_EDGE('',*,*,#2465,.F.);
#3439=ORIENTED_EDGE('',*,*,#2440,.F.);
#3440=ORIENTED_EDGE('',*,*,#2151,.T.);
#3441=ORIENTED_EDGE('',*,*,#2466,.F.);
#3442=ORIENTED_EDGE('',*,*,#2467,.F.);
#3443=ORIENTED_EDGE('',*,*,#2468,.F.);
#3444=ORIENTED_EDGE('',*,*,#2441,.F.);
#3445=ORIENTED_EDGE('',*,*,#2465,.T.);
#3446=ORIENTED_EDGE('',*,*,#2432,.T.);
#3447=ORIENTED_EDGE('',*,*,#2469,.F.);
#3448=ORIENTED_EDGE('',*,*,#2470,.F.);
#3449=ORIENTED_EDGE('',*,*,#2155,.F.);
#3450=ORIENTED_EDGE('',*,*,#2471,.T.);
#3451=ORIENTED_EDGE('',*,*,#2467,.T.);
#3452=ORIENTED_EDGE('',*,*,#2472,.T.);
#3453=ORIENTED_EDGE('',*,*,#2469,.T.);
#3454=ORIENTED_EDGE('',*,*,#2431,.T.);
#3455=ORIENTED_EDGE('',*,*,#2437,.T.);
#3456=ORIENTED_EDGE('',*,*,#2473,.T.);
#3457=ORIENTED_EDGE('',*,*,#2466,.T.);
#3458=ORIENTED_EDGE('',*,*,#2156,.F.);
#3459=ORIENTED_EDGE('',*,*,#2470,.T.);
#3460=ORIENTED_EDGE('',*,*,#2472,.F.);
#3461=ORIENTED_EDGE('',*,*,#2464,.T.);
#3462=ORIENTED_EDGE('',*,*,#2473,.F.);
#3463=ORIENTED_EDGE('',*,*,#2447,.T.);
#3464=ORIENTED_EDGE('',*,*,#2474,.T.);
#3465=ORIENTED_EDGE('',*,*,#2475,.T.);
#3466=ORIENTED_EDGE('',*,*,#2476,.T.);
#3467=ORIENTED_EDGE('',*,*,#2457,.F.);
#3468=ORIENTED_EDGE('',*,*,#2226,.T.);
#3469=ORIENTED_EDGE('',*,*,#2215,.F.);
#3470=ORIENTED_EDGE('',*,*,#2209,.F.);
#3471=ORIENTED_EDGE('',*,*,#2477,.F.);
#3472=ORIENTED_EDGE('',*,*,#2443,.T.);
#3473=ORIENTED_EDGE('',*,*,#2478,.T.);
#3474=ORIENTED_EDGE('',*,*,#2461,.F.);
#3475=ORIENTED_EDGE('',*,*,#2479,.F.);
#3476=ORIENTED_EDGE('',*,*,#2480,.T.);
#3477=ORIENTED_EDGE('',*,*,#2481,.F.);
#3478=ORIENTED_EDGE('',*,*,#2480,.F.);
#3479=ORIENTED_EDGE('',*,*,#2482,.T.);
#3480=ORIENTED_EDGE('',*,*,#2475,.F.);
#3481=ORIENTED_EDGE('',*,*,#2483,.T.);
#3482=ORIENTED_EDGE('',*,*,#2482,.F.);
#3483=ORIENTED_EDGE('',*,*,#2484,.T.);
#3484=ORIENTED_EDGE('',*,*,#2445,.T.);
#3485=ORIENTED_EDGE('',*,*,#2485,.T.);
#3486=ORIENTED_EDGE('',*,*,#2459,.T.);
#3487=ORIENTED_EDGE('',*,*,#2481,.T.);
#3488=ORIENTED_EDGE('',*,*,#2477,.T.);
#3489=ORIENTED_EDGE('',*,*,#2460,.T.);
#3490=ORIENTED_EDGE('',*,*,#2485,.F.);
#3491=ORIENTED_EDGE('',*,*,#2444,.F.);
#3492=ORIENTED_EDGE('',*,*,#2474,.F.);
#3493=ORIENTED_EDGE('',*,*,#2446,.T.);
#3494=ORIENTED_EDGE('',*,*,#2484,.F.);
#3495=ORIENTED_EDGE('',*,*,#2476,.F.);
#3496=ORIENTED_EDGE('',*,*,#2483,.F.);
#3497=ORIENTED_EDGE('',*,*,#2458,.F.);
#3498=ORIENTED_EDGE('',*,*,#2486,.T.);
#3499=ORIENTED_EDGE('',*,*,#2462,.T.);
#3500=ORIENTED_EDGE('',*,*,#2478,.F.);
#3501=ORIENTED_EDGE('',*,*,#2442,.T.);
#3502=ORIENTED_EDGE('',*,*,#2468,.T.);
#3503=ORIENTED_EDGE('',*,*,#2471,.F.);
#3504=ORIENTED_EDGE('',*,*,#2430,.T.);
#3505=ORIENTED_EDGE('',*,*,#2487,.T.);
#3506=ORIENTED_EDGE('',*,*,#2479,.T.);
#3507=ORIENTED_EDGE('',*,*,#2488,.T.);
#3508=ORIENTED_EDGE('',*,*,#2454,.F.);
#3509=ORIENTED_EDGE('',*,*,#2463,.T.);
#3510=ORIENTED_EDGE('',*,*,#2486,.F.);
#3511=ORIENTED_EDGE('',*,*,#2487,.F.);
#3512=ORIENTED_EDGE('',*,*,#2429,.F.);
#3513=ORIENTED_EDGE('',*,*,#2436,.F.);
#3514=ORIENTED_EDGE('',*,*,#2451,.F.);
#3515=ORIENTED_EDGE('',*,*,#2488,.F.);
#3516=ORIENTED_EDGE('',*,*,#2489,.F.);
#3517=ORIENTED_EDGE('',*,*,#2490,.T.);
#3518=ORIENTED_EDGE('',*,*,#2491,.T.);
#3519=ORIENTED_EDGE('',*,*,#2490,.F.);
#3520=ORIENTED_EDGE('',*,*,#2492,.F.);
#3521=ORIENTED_EDGE('',*,*,#2493,.T.);
#3522=ORIENTED_EDGE('',*,*,#2494,.T.);
#3523=ORIENTED_EDGE('',*,*,#2493,.F.);
#3524=ORIENTED_EDGE('',*,*,#2495,.T.);
#3525=ORIENTED_EDGE('',*,*,#2496,.T.);
#3526=ORIENTED_EDGE('',*,*,#2497,.F.);
#3527=ORIENTED_EDGE('',*,*,#2498,.F.);
#3528=ORIENTED_EDGE('',*,*,#2499,.T.);
#3529=ORIENTED_EDGE('',*,*,#2498,.T.);
#3530=ORIENTED_EDGE('',*,*,#2500,.F.);
#3531=ORIENTED_EDGE('',*,*,#2501,.F.);
#3532=ORIENTED_EDGE('',*,*,#2502,.T.);
#3533=ORIENTED_EDGE('',*,*,#2501,.T.);
#3534=ORIENTED_EDGE('',*,*,#2503,.F.);
#3535=ORIENTED_EDGE('',*,*,#2504,.F.);
#3536=ORIENTED_EDGE('',*,*,#2505,.T.);
#3537=ORIENTED_EDGE('',*,*,#2504,.T.);
#3538=ORIENTED_EDGE('',*,*,#2506,.F.);
#3539=ORIENTED_EDGE('',*,*,#2496,.F.);
#3540=ORIENTED_EDGE('',*,*,#2506,.T.);
#3541=ORIENTED_EDGE('',*,*,#2503,.T.);
#3542=ORIENTED_EDGE('',*,*,#2500,.T.);
#3543=ORIENTED_EDGE('',*,*,#2497,.T.);
#3544=ORIENTED_EDGE('',*,*,#2492,.T.);
#3545=ORIENTED_EDGE('',*,*,#2489,.T.);
#3546=ORIENTED_EDGE('',*,*,#2505,.F.);
#3547=ORIENTED_EDGE('',*,*,#2495,.F.);
#3548=ORIENTED_EDGE('',*,*,#2499,.F.);
#3549=ORIENTED_EDGE('',*,*,#2502,.F.);
#3550=ORIENTED_EDGE('',*,*,#2494,.F.);
#3551=ORIENTED_EDGE('',*,*,#2491,.F.);
#3552=ORIENTED_EDGE('',*,*,#2507,.T.);
#3553=ORIENTED_EDGE('',*,*,#2508,.T.);
#3554=ORIENTED_EDGE('',*,*,#2509,.T.);
#3555=ORIENTED_EDGE('',*,*,#2510,.T.);
#3556=ORIENTED_EDGE('',*,*,#2510,.F.);
#3557=ORIENTED_EDGE('',*,*,#2511,.T.);
#3558=ORIENTED_EDGE('',*,*,#2512,.T.);
#3559=ORIENTED_EDGE('',*,*,#2513,.F.);
#3560=ORIENTED_EDGE('',*,*,#2509,.F.);
#3561=ORIENTED_EDGE('',*,*,#2514,.F.);
#3562=ORIENTED_EDGE('',*,*,#2515,.F.);
#3563=ORIENTED_EDGE('',*,*,#2516,.T.);
#3564=ORIENTED_EDGE('',*,*,#2511,.F.);
#3565=ORIENTED_EDGE('',*,*,#2517,.T.);
#3566=ORIENTED_EDGE('',*,*,#2507,.F.);
#3567=ORIENTED_EDGE('',*,*,#2513,.T.);
#3568=ORIENTED_EDGE('',*,*,#2518,.T.);
#3569=ORIENTED_EDGE('',*,*,#2519,.T.);
#3570=ORIENTED_EDGE('',*,*,#2520,.T.);
#3571=ORIENTED_EDGE('',*,*,#2521,.T.);
#3572=ORIENTED_EDGE('',*,*,#2522,.F.);
#3573=ORIENTED_EDGE('',*,*,#2523,.T.);
#3574=ORIENTED_EDGE('',*,*,#2524,.T.);
#3575=ORIENTED_EDGE('',*,*,#2523,.F.);
#3576=ORIENTED_EDGE('',*,*,#2525,.T.);
#3577=ORIENTED_EDGE('',*,*,#2515,.T.);
#3578=ORIENTED_EDGE('',*,*,#2526,.T.);
#3579=ORIENTED_EDGE('',*,*,#2519,.F.);
#3580=ORIENTED_EDGE('',*,*,#2517,.F.);
#3581=ORIENTED_EDGE('',*,*,#2527,.T.);
#3582=ORIENTED_EDGE('',*,*,#2521,.F.);
#3583=ORIENTED_EDGE('',*,*,#2527,.F.);
#3584=ORIENTED_EDGE('',*,*,#2508,.F.);
#3585=ORIENTED_EDGE('',*,*,#2520,.F.);
#3586=ORIENTED_EDGE('',*,*,#2526,.F.);
#3587=ORIENTED_EDGE('',*,*,#2514,.T.);
#3588=ORIENTED_EDGE('',*,*,#2522,.T.);
#3589=ORIENTED_EDGE('',*,*,#2512,.F.);
#3590=ORIENTED_EDGE('',*,*,#2516,.F.);
#3591=ORIENTED_EDGE('',*,*,#2525,.F.);
#3592=ORIENTED_EDGE('',*,*,#2518,.F.);
#3593=ORIENTED_EDGE('',*,*,#2524,.F.);
#3594=ORIENTED_EDGE('',*,*,#2528,.F.);
#3595=ORIENTED_EDGE('',*,*,#2529,.F.);
#3596=ORIENTED_EDGE('',*,*,#2530,.F.);
#3597=ORIENTED_EDGE('',*,*,#2531,.F.);
#3598=ORIENTED_EDGE('',*,*,#2532,.T.);
#3599=ORIENTED_EDGE('',*,*,#2530,.T.);
#3600=ORIENTED_EDGE('',*,*,#2533,.F.);
#3601=ORIENTED_EDGE('',*,*,#2534,.F.);
#3602=ORIENTED_EDGE('',*,*,#2535,.F.);
#3603=ORIENTED_EDGE('',*,*,#2536,.F.);
#3604=ORIENTED_EDGE('',*,*,#2537,.T.);
#3605=ORIENTED_EDGE('',*,*,#2538,.T.);
#3606=ORIENTED_EDGE('',*,*,#2539,.F.);
#3607=ORIENTED_EDGE('',*,*,#2540,.F.);
#3608=ORIENTED_EDGE('',*,*,#2541,.T.);
#3609=ORIENTED_EDGE('',*,*,#2542,.T.);
#3610=ORIENTED_EDGE('',*,*,#2543,.T.);
#3611=ORIENTED_EDGE('',*,*,#2528,.T.);
#3612=ORIENTED_EDGE('',*,*,#2544,.F.);
#3613=ORIENTED_EDGE('',*,*,#2545,.T.);
#3614=ORIENTED_EDGE('',*,*,#2546,.T.);
#3615=ORIENTED_EDGE('',*,*,#2547,.F.);
#3616=ORIENTED_EDGE('',*,*,#2548,.F.);
#3617=ORIENTED_EDGE('',*,*,#2538,.F.);
#3618=ORIENTED_EDGE('',*,*,#2549,.F.);
#3619=ORIENTED_EDGE('',*,*,#2550,.F.);
#3620=ORIENTED_EDGE('',*,*,#2551,.F.);
#3621=ORIENTED_EDGE('',*,*,#2552,.F.);
#3622=ORIENTED_EDGE('',*,*,#2550,.T.);
#3623=ORIENTED_EDGE('',*,*,#2553,.F.);
#3624=ORIENTED_EDGE('',*,*,#2554,.F.);
#3625=ORIENTED_EDGE('',*,*,#2548,.T.);
#3626=ORIENTED_EDGE('',*,*,#2555,.T.);
#3627=ORIENTED_EDGE('',*,*,#2556,.T.);
#3628=ORIENTED_EDGE('',*,*,#2557,.F.);
#3629=ORIENTED_EDGE('',*,*,#2554,.T.);
#3630=ORIENTED_EDGE('',*,*,#2558,.T.);
#3631=ORIENTED_EDGE('',*,*,#2552,.T.);
#3632=ORIENTED_EDGE('',*,*,#2557,.T.);
#3633=ORIENTED_EDGE('',*,*,#2559,.T.);
#3634=ORIENTED_EDGE('',*,*,#2560,.T.);
#3635=ORIENTED_EDGE('',*,*,#2539,.T.);
#3636=ORIENTED_EDGE('',*,*,#2551,.T.);
#3637=ORIENTED_EDGE('',*,*,#2561,.F.);
#3638=ORIENTED_EDGE('',*,*,#2562,.T.);
#3639=ORIENTED_EDGE('',*,*,#2544,.T.);
#3640=ORIENTED_EDGE('',*,*,#2562,.F.);
#3641=ORIENTED_EDGE('',*,*,#2540,.T.);
#3642=ORIENTED_EDGE('',*,*,#2560,.F.);
#3643=ORIENTED_EDGE('',*,*,#2563,.T.);
#3644=ORIENTED_EDGE('',*,*,#2564,.F.);
#3645=ORIENTED_EDGE('',*,*,#2565,.T.);
#3646=ORIENTED_EDGE('',*,*,#2566,.T.);
#3647=ORIENTED_EDGE('',*,*,#2567,.F.);
#3648=ORIENTED_EDGE('',*,*,#2566,.F.);
#3649=ORIENTED_EDGE('',*,*,#2556,.F.);
#3650=ORIENTED_EDGE('',*,*,#2568,.F.);
#3651=ORIENTED_EDGE('',*,*,#2563,.F.);
#3652=ORIENTED_EDGE('',*,*,#2559,.F.);
#3653=ORIENTED_EDGE('',*,*,#2561,.T.);
#3654=ORIENTED_EDGE('',*,*,#2569,.T.);
#3655=ORIENTED_EDGE('',*,*,#2536,.T.);
#3656=ORIENTED_EDGE('',*,*,#2570,.F.);
#3657=ORIENTED_EDGE('',*,*,#2571,.F.);
#3658=ORIENTED_EDGE('',*,*,#2572,.T.);
#3659=ORIENTED_EDGE('',*,*,#2571,.T.);
#3660=ORIENTED_EDGE('',*,*,#2573,.F.);
#3661=ORIENTED_EDGE('',*,*,#2546,.F.);
#3662=ORIENTED_EDGE('',*,*,#2532,.F.);
#3663=ORIENTED_EDGE('',*,*,#2569,.F.);
#3664=ORIENTED_EDGE('',*,*,#2572,.F.);
#3665=ORIENTED_EDGE('',*,*,#2545,.F.);
#3666=ORIENTED_EDGE('',*,*,#2558,.F.);
#3667=ORIENTED_EDGE('',*,*,#2553,.T.);
#3668=ORIENTED_EDGE('',*,*,#2549,.T.);
#3669=ORIENTED_EDGE('',*,*,#2537,.F.);
#3670=ORIENTED_EDGE('',*,*,#2531,.T.);
#3671=ORIENTED_EDGE('',*,*,#2565,.F.);
#3672=ORIENTED_EDGE('',*,*,#2529,.T.);
#3673=ORIENTED_EDGE('',*,*,#2543,.F.);
#3674=ORIENTED_EDGE('',*,*,#2574,.T.);
#3675=ORIENTED_EDGE('',*,*,#2533,.T.);
#3676=ORIENTED_EDGE('',*,*,#2541,.F.);
#3677=ORIENTED_EDGE('',*,*,#2564,.T.);
#3678=ORIENTED_EDGE('',*,*,#2568,.T.);
#3679=ORIENTED_EDGE('',*,*,#2555,.F.);
#3680=ORIENTED_EDGE('',*,*,#2547,.T.);
#3681=ORIENTED_EDGE('',*,*,#2573,.T.);
#3682=ORIENTED_EDGE('',*,*,#2570,.T.);
#3683=ORIENTED_EDGE('',*,*,#2535,.T.);
#3684=ORIENTED_EDGE('',*,*,#2575,.F.);
#3685=ORIENTED_EDGE('',*,*,#2567,.T.);
#3686=ORIENTED_EDGE('',*,*,#2542,.F.);
#3687=ORIENTED_EDGE('',*,*,#2575,.T.);
#3688=ORIENTED_EDGE('',*,*,#2534,.T.);
#3689=ORIENTED_EDGE('',*,*,#2574,.F.);
#3690=PLANE('',#4001);
#3691=PLANE('',#4059);
#3692=PLANE('',#4060);
#3693=PLANE('',#4061);
#3694=PLANE('',#4062);
#3695=PLANE('',#4066);
#3696=PLANE('',#4067);
#3697=PLANE('',#4068);
#3698=PLANE('',#4070);
#3699=PLANE('',#4071);
#3700=PLANE('',#4072);
#3701=PLANE('',#4073);
#3702=PLANE('',#4074);
#3703=PLANE('',#4075);
#3704=PLANE('',#4076);
#3705=PLANE('',#4078);
#3706=PLANE('',#4079);
#3707=PLANE('',#4084);
#3708=PLANE('',#4087);
#3709=PLANE('',#4092);
#3710=PLANE('',#4093);
#3711=PLANE('',#4094);
#3712=PLANE('',#4096);
#3713=PLANE('',#4097);
#3714=PLANE('',#4098);
#3715=PLANE('',#4099);
#3716=PLANE('',#4112);
#3717=PLANE('',#4177);
#3718=PLANE('',#4178);
#3719=PLANE('',#4179);
#3720=PLANE('',#4180);
#3721=PLANE('',#4181);
#3722=PLANE('',#4183);
#3723=PLANE('',#4184);
#3724=PLANE('',#4185);
#3725=PLANE('',#4186);
#3726=PLANE('',#4235);
#3727=PLANE('',#4236);
#3728=PLANE('',#4241);
#3729=PLANE('',#4242);
#3730=PLANE('',#4243);
#3731=PLANE('',#4244);
#3732=PLANE('',#4245);
#3733=PLANE('',#4246);
#3734=PLANE('',#4247);
#3735=PLANE('',#4248);
#3736=PLANE('',#4249);
#3737=PLANE('',#4250);
#3738=PLANE('',#4255);
#3739=PLANE('',#4256);
#3740=PLANE('',#4257);
#3741=PLANE('',#4258);
#3742=PLANE('',#4259);
#3743=PLANE('',#4260);
#3744=PLANE('',#4261);
#3745=PLANE('',#4262);
#3746=PLANE('',#4264);
#3747=PLANE('',#4265);
#3748=PLANE('',#4266);
#3749=PLANE('',#4268);
#3750=PLANE('',#4269);
#3751=PLANE('',#4270);
#3752=PLANE('',#4272);
#3753=PLANE('',#4273);
#3754=PLANE('',#4274);
#3755=PLANE('',#4275);
#3756=PLANE('',#4280);
#3757=PLANE('',#4291);
#3758=PLANE('',#4295);
#3759=PLANE('',#4296);
#3760=PLANE('',#4298);
#3761=PLANE('',#4301);
#3762=PLANE('',#4305);
#3763=PLANE('',#4311);
#3764=PLANE('',#4314);
#3765=PLANE('',#4317);
#3766=PLANE('',#4318);
#3767=PLANE('',#4319);
#3768=PLANE('',#4326);
#3769=PLANE('',#4327);
#3770=PLANE('',#4328);
#3771=PLANE('',#4329);
#3772=PLANE('',#4330);
#3773=PLANE('',#4331);
#3774=PLANE('',#4332);
#3775=PLANE('',#4333);
#3776=PLANE('',#4334);
#3777=PLANE('',#4336);
#3778=PLANE('',#4341);
#3779=PLANE('',#4343);
#3780=PLANE('',#4344);
#3781=PLANE('',#4345);
#3782=PLANE('',#4346);
#3783=PLANE('',#4347);
#3784=PLANE('',#4349);
#3785=PLANE('',#4350);
#3786=PLANE('',#4351);
#3787=PLANE('',#4352);
#3788=PLANE('',#4353);
#3789=PLANE('',#4356);
#3790=PLANE('',#4360);
#3791=PLANE('',#4361);
#3792=PLANE('',#4362);
#3793=PLANE('',#4363);
#3794=PLANE('',#4364);
#3795=PLANE('',#4365);
#3796=PLANE('',#4366);
#3797=ADVANCED_FACE('',(#411,#286,#287,#288,#289,#290,#291,#292,#293,#294,
#295,#296,#297,#298,#299,#300,#301,#302,#303,#304,#305,#306,#307,#308,#309,
#310,#311,#312,#313,#314,#315,#316,#317,#318,#319,#320,#321,#322,#323,#324,
#325,#326,#327,#328,#329,#330,#331,#332,#333,#334,#335,#336,#337,#338),
#3690,.T.);
#3798=ADVANCED_FACE('',(#412),#42,.F.);
#3799=ADVANCED_FACE('',(#413),#3691,.T.);
#3800=ADVANCED_FACE('',(#414),#3692,.T.);
#3801=ADVANCED_FACE('',(#415),#3693,.F.);
#3802=ADVANCED_FACE('',(#416,#339,#340,#341,#342,#343),#3694,.F.);
#3803=ADVANCED_FACE('',(#417),#3695,.F.);
#3804=ADVANCED_FACE('',(#418),#3696,.F.);
#3805=ADVANCED_FACE('',(#419,#344,#345),#3697,.T.);
#3806=ADVANCED_FACE('',(#420),#3698,.T.);
#3807=ADVANCED_FACE('',(#421),#3699,.T.);
#3808=ADVANCED_FACE('',(#422),#3700,.T.);
#3809=ADVANCED_FACE('',(#423),#3701,.T.);
#3810=ADVANCED_FACE('',(#424),#3702,.F.);
#3811=ADVANCED_FACE('',(#425),#3703,.T.);
#3812=ADVANCED_FACE('',(#426),#3704,.T.);
#3813=ADVANCED_FACE('',(#427),#3705,.T.);
#3814=ADVANCED_FACE('',(#428,#346),#3706,.T.);
#3815=ADVANCED_FACE('',(#429),#3707,.T.);
#3816=ADVANCED_FACE('',(#430),#43,.F.);
#3817=ADVANCED_FACE('',(#431,#347),#3708,.F.);
#3818=ADVANCED_FACE('',(#432),#44,.F.);
#3819=ADVANCED_FACE('',(#433),#3709,.T.);
#3820=ADVANCED_FACE('',(#434),#3710,.T.);
#3821=ADVANCED_FACE('',(#435),#3711,.T.);
#3822=ADVANCED_FACE('',(#436),#45,.T.);
#3823=ADVANCED_FACE('',(#437),#3712,.F.);
#3824=ADVANCED_FACE('',(#438),#3713,.T.);
#3825=ADVANCED_FACE('',(#439),#3714,.T.);
#3826=ADVANCED_FACE('',(#440,#348),#3715,.T.);
#3827=ADVANCED_FACE('',(#441),#46,.F.);
#3828=ADVANCED_FACE('',(#442),#47,.T.);
#3829=ADVANCED_FACE('',(#443),#48,.F.);
#3830=ADVANCED_FACE('',(#444,#349),#3716,.F.);
#3831=ADVANCED_FACE('',(#445),#49,.T.);
#3832=ADVANCED_FACE('',(#446),#50,.T.);
#3833=ADVANCED_FACE('',(#447),#51,.F.);
#3834=ADVANCED_FACE('',(#448),#52,.F.);
#3835=ADVANCED_FACE('',(#449),#53,.F.);
#3836=ADVANCED_FACE('',(#450),#54,.F.);
#3837=ADVANCED_FACE('',(#451),#55,.F.);
#3838=ADVANCED_FACE('',(#452),#56,.F.);
#3839=ADVANCED_FACE('',(#453),#57,.F.);
#3840=ADVANCED_FACE('',(#454),#58,.F.);
#3841=ADVANCED_FACE('',(#455),#59,.F.);
#3842=ADVANCED_FACE('',(#456),#60,.F.);
#3843=ADVANCED_FACE('',(#457),#61,.F.);
#3844=ADVANCED_FACE('',(#458),#62,.F.);
#3845=ADVANCED_FACE('',(#459),#63,.F.);
#3846=ADVANCED_FACE('',(#460),#64,.F.);
#3847=ADVANCED_FACE('',(#461),#65,.F.);
#3848=ADVANCED_FACE('',(#462),#66,.F.);
#3849=ADVANCED_FACE('',(#463),#67,.F.);
#3850=ADVANCED_FACE('',(#464),#68,.F.);
#3851=ADVANCED_FACE('',(#465),#69,.F.);
#3852=ADVANCED_FACE('',(#466),#70,.F.);
#3853=ADVANCED_FACE('',(#467),#71,.F.);
#3854=ADVANCED_FACE('',(#468),#72,.F.);
#3855=ADVANCED_FACE('',(#469),#73,.F.);
#3856=ADVANCED_FACE('',(#470),#74,.F.);
#3857=ADVANCED_FACE('',(#471),#75,.F.);
#3858=ADVANCED_FACE('',(#472),#76,.F.);
#3859=ADVANCED_FACE('',(#473),#77,.F.);
#3860=ADVANCED_FACE('',(#474),#3717,.F.);
#3861=ADVANCED_FACE('',(#475),#3718,.F.);
#3862=ADVANCED_FACE('',(#476,#350,#351,#352,#353,#354,#355,#356,#357,#358),
#3719,.F.);
#3863=ADVANCED_FACE('',(#477),#3720,.F.);
#3864=ADVANCED_FACE('',(#478),#3721,.F.);
#3865=ADVANCED_FACE('',(#479),#3722,.F.);
#3866=ADVANCED_FACE('',(#480),#3723,.F.);
#3867=ADVANCED_FACE('',(#481),#3724,.T.);
#3868=ADVANCED_FACE('',(#482),#3725,.T.);
#3869=ADVANCED_FACE('',(#483),#78,.F.);
#3870=ADVANCED_FACE('',(#484),#79,.F.);
#3871=ADVANCED_FACE('',(#485),#80,.F.);
#3872=ADVANCED_FACE('',(#486),#81,.F.);
#3873=ADVANCED_FACE('',(#487),#82,.F.);
#3874=ADVANCED_FACE('',(#488),#83,.F.);
#3875=ADVANCED_FACE('',(#489),#84,.F.);
#3876=ADVANCED_FACE('',(#490),#85,.F.);
#3877=ADVANCED_FACE('',(#491),#86,.F.);
#3878=ADVANCED_FACE('',(#492),#87,.F.);
#3879=ADVANCED_FACE('',(#493),#88,.F.);
#3880=ADVANCED_FACE('',(#494),#89,.F.);
#3881=ADVANCED_FACE('',(#495),#90,.F.);
#3882=ADVANCED_FACE('',(#496),#91,.F.);
#3883=ADVANCED_FACE('',(#497),#92,.F.);
#3884=ADVANCED_FACE('',(#498),#93,.F.);
#3885=ADVANCED_FACE('',(#499),#94,.F.);
#3886=ADVANCED_FACE('',(#500),#95,.F.);
#3887=ADVANCED_FACE('',(#501),#96,.F.);
#3888=ADVANCED_FACE('',(#502),#97,.F.);
#3889=ADVANCED_FACE('',(#503),#98,.F.);
#3890=ADVANCED_FACE('',(#504),#99,.F.);
#3891=ADVANCED_FACE('',(#505),#100,.F.);
#3892=ADVANCED_FACE('',(#506),#101,.F.);
#3893=ADVANCED_FACE('',(#507),#3726,.F.);
#3894=ADVANCED_FACE('',(#508),#3727,.F.);
#3895=ADVANCED_FACE('',(#509),#102,.F.);
#3896=ADVANCED_FACE('',(#510),#3728,.F.);
#3897=ADVANCED_FACE('',(#511),#3729,.F.);
#3898=ADVANCED_FACE('',(#512),#3730,.F.);
#3899=ADVANCED_FACE('',(#513),#3731,.F.);
#3900=ADVANCED_FACE('',(#514),#3732,.F.);
#3901=ADVANCED_FACE('',(#515),#3733,.F.);
#3902=ADVANCED_FACE('',(#516),#3734,.F.);
#3903=ADVANCED_FACE('',(#517),#3735,.T.);
#3904=ADVANCED_FACE('',(#518),#3736,.T.);
#3905=ADVANCED_FACE('',(#519),#3737,.T.);
#3906=ADVANCED_FACE('',(#520),#103,.F.);
#3907=ADVANCED_FACE('',(#521),#3738,.T.);
#3908=ADVANCED_FACE('',(#522),#3739,.T.);
#3909=ADVANCED_FACE('',(#523),#3740,.T.);
#3910=ADVANCED_FACE('',(#524),#3741,.T.);
#3911=ADVANCED_FACE('',(#525),#3742,.T.);
#3912=ADVANCED_FACE('',(#526),#3743,.T.);
#3913=ADVANCED_FACE('',(#527),#3744,.T.);
#3914=ADVANCED_FACE('',(#528,#359,#360,#361,#362,#363,#364,#365,#366,#367,
#368,#369,#370,#371,#372,#373,#374,#375,#376,#377,#378,#379,#380,#381,#382,
#383,#384,#385,#386,#387,#388,#389,#390,#391,#392,#393,#394),#3745,.F.);
#3915=ADVANCED_FACE('',(#529),#3746,.T.);
#3916=ADVANCED_FACE('',(#530),#3747,.T.);
#3917=ADVANCED_FACE('',(#531),#3748,.T.);
#3918=ADVANCED_FACE('',(#532),#104,.F.);
#3919=ADVANCED_FACE('',(#533),#3749,.T.);
#3920=ADVANCED_FACE('',(#534),#3750,.T.);
#3921=ADVANCED_FACE('',(#535),#3751,.T.);
#3922=ADVANCED_FACE('',(#536),#105,.F.);
#3923=ADVANCED_FACE('',(#537),#3752,.F.);
#3924=ADVANCED_FACE('',(#538),#3753,.T.);
#3925=ADVANCED_FACE('',(#539),#3754,.T.);
#3926=ADVANCED_FACE('',(#540),#3755,.T.);
#3927=ADVANCED_FACE('',(#541),#106,.F.);
#3928=ADVANCED_FACE('',(#542,#395),#3756,.T.);
#3929=ADVANCED_FACE('',(#543),#21,.T.);
#3930=ADVANCED_FACE('',(#544),#107,.T.);
#3931=ADVANCED_FACE('',(#545),#108,.F.);
#3932=ADVANCED_FACE('',(#546,#396),#3757,.T.);
#3933=ADVANCED_FACE('',(#547),#109,.T.);
#3934=ADVANCED_FACE('',(#548),#3758,.T.);
#3935=ADVANCED_FACE('',(#549),#3759,.F.);
#3936=ADVANCED_FACE('',(#550),#3760,.T.);
#3937=ADVANCED_FACE('',(#551),#22,.T.);
#3938=ADVANCED_FACE('',(#552),#3761,.T.);
#3939=ADVANCED_FACE('',(#553),#3762,.T.);
#3940=ADVANCED_FACE('',(#554),#110,.F.);
#3941=ADVANCED_FACE('',(#555),#111,.F.);
#3942=ADVANCED_FACE('',(#556,#397),#3763,.T.);
#3943=ADVANCED_FACE('',(#557),#3764,.T.);
#3944=ADVANCED_FACE('',(#558),#112,.T.);
#3945=ADVANCED_FACE('',(#559),#113,.T.);
#3946=ADVANCED_FACE('',(#560,#398),#3765,.F.);
#3947=ADVANCED_FACE('',(#561),#3766,.F.);
#3948=ADVANCED_FACE('',(#562),#3767,.F.);
#3949=ADVANCED_FACE('',(#563),#114,.F.);
#3950=ADVANCED_FACE('',(#564),#115,.F.);
#3951=ADVANCED_FACE('',(#565),#3768,.T.);
#3952=ADVANCED_FACE('',(#566),#3769,.T.);
#3953=ADVANCED_FACE('',(#567),#3770,.T.);
#3954=ADVANCED_FACE('',(#568),#3771,.T.);
#3955=ADVANCED_FACE('',(#569,#399,#400),#3772,.T.);
#3956=ADVANCED_FACE('',(#570,#401,#402),#3773,.F.);
#3957=ADVANCED_FACE('',(#571),#3774,.T.);
#3958=ADVANCED_FACE('',(#572),#3775,.T.);
#3959=ADVANCED_FACE('',(#573,#403),#3776,.T.);
#3960=ADVANCED_FACE('',(#574,#404),#3777,.T.);
#3961=ADVANCED_FACE('',(#575),#116,.F.);
#3962=ADVANCED_FACE('',(#576),#3778,.T.);
#3963=ADVANCED_FACE('',(#577),#117,.F.);
#3964=ADVANCED_FACE('',(#578,#405),#3779,.T.);
#3965=ADVANCED_FACE('',(#579,#406),#3780,.T.);
#3966=ADVANCED_FACE('',(#580),#3781,.F.);
#3967=ADVANCED_FACE('',(#581),#3782,.T.);
#3968=ADVANCED_FACE('',(#582,#407),#3783,.T.);
#3969=ADVANCED_FACE('',(#583),#3784,.T.);
#3970=ADVANCED_FACE('',(#584),#3785,.F.);
#3971=ADVANCED_FACE('',(#585),#3786,.F.);
#3972=ADVANCED_FACE('',(#586),#3787,.T.);
#3973=ADVANCED_FACE('',(#587),#3788,.T.);
#3974=ADVANCED_FACE('',(#588),#118,.F.);
#3975=ADVANCED_FACE('',(#589),#3789,.T.);
#3976=ADVANCED_FACE('',(#590),#119,.F.);
#3977=ADVANCED_FACE('',(#591,#408),#3790,.T.);
#3978=ADVANCED_FACE('',(#592),#3791,.T.);
#3979=ADVANCED_FACE('',(#593),#3792,.T.);
#3980=ADVANCED_FACE('',(#594,#409),#3793,.T.);
#3981=ADVANCED_FACE('',(#595),#3794,.T.);
#3982=ADVANCED_FACE('',(#596,#410),#3795,.T.);
#3983=ADVANCED_FACE('',(#597),#3796,.T.);
#3984=CLOSED_SHELL('',(#3797,#3798,#3799,#3800,#3801,#3802,#3803,#3804,
#3805,#3806,#3807,#3808,#3809,#3810,#3811,#3812,#3813,#3814,#3815,#3816,
#3817,#3818,#3819,#3820,#3821,#3822,#3823,#3824,#3825,#3826,#3827,#3828,
#3829,#3830,#3831,#3832,#3833,#3834,#3835,#3836,#3837,#3838,#3839,#3840,
#3841,#3842,#3843,#3844,#3845,#3846,#3847,#3848,#3849,#3850,#3851,#3852,
#3853,#3854,#3855,#3856,#3857,#3858,#3859,#3860,#3861,#3862,#3863,#3864,
#3865,#3866,#3867,#3868,#3869,#3870,#3871,#3872,#3873,#3874,#3875,#3876,
#3877,#3878,#3879,#3880,#3881,#3882,#3883,#3884,#3885,#3886,#3887,#3888,
#3889,#3890,#3891,#3892,#3893,#3894,#3895,#3896,#3897,#3898,#3899,#3900,
#3901,#3902,#3903,#3904,#3905,#3906,#3907,#3908,#3909,#3910,#3911,#3912,
#3913,#3914,#3915,#3916,#3917,#3918,#3919,#3920,#3921,#3922,#3923,#3924,
#3925,#3926,#3927,#3928,#3929,#3930,#3931,#3932,#3933,#3934,#3935,#3936,
#3937,#3938,#3939,#3940,#3941,#3942,#3943,#3944,#3945,#3946,#3947,#3948));
#3985=CLOSED_SHELL('',(#3949,#3950,#3951,#3952,#3953,#3954,#3955,#3956));
#3986=CLOSED_SHELL('',(#3957,#3958,#3959,#3960,#3961,#3962,#3963,#3964,
#3965));
#3987=CLOSED_SHELL('',(#3966,#3967,#3968,#3969,#3970,#3971,#3972,#3973,
#3974,#3975,#3976,#3977,#3978,#3979,#3980,#3981,#3982,#3983));
#3988=DERIVED_UNIT_ELEMENT(#3990,1.);
#3989=DERIVED_UNIT_ELEMENT(#6674,-3.);
#3990=(
MASS_UNIT()
NAMED_UNIT(*)
SI_UNIT(.KILO.,.GRAM.)
);
#3991=DERIVED_UNIT((#3988,#3989));
#3992=MEASURE_REPRESENTATION_ITEM('density measure',
POSITIVE_RATIO_MEASURE(7850.),#3991);
#3993=PROPERTY_DEFINITION_REPRESENTATION(#3998,#3995);
#3994=PROPERTY_DEFINITION_REPRESENTATION(#3999,#3996);
#3995=REPRESENTATION('material name',(#3997),#6671);
#3996=REPRESENTATION('density',(#3992),#6671);
#3997=DESCRIPTIVE_REPRESENTATION_ITEM('Steel','Steel');
#3998=PROPERTY_DEFINITION('material property','material name',#6681);
#3999=PROPERTY_DEFINITION('material property','density of part',#6681);
#4000=AXIS2_PLACEMENT_3D('',#5473,#4367,#4368);
#4001=AXIS2_PLACEMENT_3D('',#5474,#4369,#4370);
#4002=AXIS2_PLACEMENT_3D('',#5510,#4388,#4389);
#4003=AXIS2_PLACEMENT_3D('',#5512,#4390,#4391);
#4004=AXIS2_PLACEMENT_3D('',#5514,#4392,#4393);
#4005=AXIS2_PLACEMENT_3D('',#5516,#4394,#4395);
#4006=AXIS2_PLACEMENT_3D('',#5518,#4396,#4397);
#4007=AXIS2_PLACEMENT_3D('',#5520,#4398,#4399);
#4008=AXIS2_PLACEMENT_3D('',#5522,#4400,#4401);
#4009=AXIS2_PLACEMENT_3D('',#5524,#4402,#4403);
#4010=AXIS2_PLACEMENT_3D('',#5526,#4404,#4405);
#4011=AXIS2_PLACEMENT_3D('',#5528,#4406,#4407);
#4012=AXIS2_PLACEMENT_3D('',#5530,#4408,#4409);
#4013=AXIS2_PLACEMENT_3D('',#5532,#4410,#4411);
#4014=AXIS2_PLACEMENT_3D('',#5534,#4412,#4413);
#4015=AXIS2_PLACEMENT_3D('',#5536,#4414,#4415);
#4016=AXIS2_PLACEMENT_3D('',#5538,#4416,#4417);
#4017=AXIS2_PLACEMENT_3D('',#5540,#4418,#4419);
#4018=AXIS2_PLACEMENT_3D('',#5542,#4420,#4421);
#4019=AXIS2_PLACEMENT_3D('',#5544,#4422,#4423);
#4020=AXIS2_PLACEMENT_3D('',#5546,#4424,#4425);
#4021=AXIS2_PLACEMENT_3D('',#5548,#4426,#4427);
#4022=AXIS2_PLACEMENT_3D('',#5550,#4428,#4429);
#4023=AXIS2_PLACEMENT_3D('',#5552,#4430,#4431);
#4024=AXIS2_PLACEMENT_3D('',#5554,#4432,#4433);
#4025=AXIS2_PLACEMENT_3D('',#5556,#4434,#4435);
#4026=AXIS2_PLACEMENT_3D('',#5558,#4436,#4437);
#4027=AXIS2_PLACEMENT_3D('',#5560,#4438,#4439);
#4028=AXIS2_PLACEMENT_3D('',#5562,#4440,#4441);
#4029=AXIS2_PLACEMENT_3D('',#5564,#4442,#4443);
#4030=AXIS2_PLACEMENT_3D('',#5566,#4444,#4445);
#4031=AXIS2_PLACEMENT_3D('',#5568,#4446,#4447);
#4032=AXIS2_PLACEMENT_3D('',#5570,#4448,#4449);
#4033=AXIS2_PLACEMENT_3D('',#5572,#4450,#4451);
#4034=AXIS2_PLACEMENT_3D('',#5574,#4452,#4453);
#4035=AXIS2_PLACEMENT_3D('',#5576,#4454,#4455);
#4036=AXIS2_PLACEMENT_3D('',#5578,#4456,#4457);
#4037=AXIS2_PLACEMENT_3D('',#5580,#4458,#4459);
#4038=AXIS2_PLACEMENT_3D('',#5582,#4460,#4461);
#4039=AXIS2_PLACEMENT_3D('',#5584,#4462,#4463);
#4040=AXIS2_PLACEMENT_3D('',#5586,#4464,#4465);
#4041=AXIS2_PLACEMENT_3D('',#5588,#4466,#4467);
#4042=AXIS2_PLACEMENT_3D('',#5590,#4468,#4469);
#4043=AXIS2_PLACEMENT_3D('',#5592,#4470,#4471);
#4044=AXIS2_PLACEMENT_3D('',#5594,#4472,#4473);
#4045=AXIS2_PLACEMENT_3D('',#5596,#4474,#4475);
#4046=AXIS2_PLACEMENT_3D('',#5598,#4476,#4477);
#4047=AXIS2_PLACEMENT_3D('',#5600,#4478,#4479);
#4048=AXIS2_PLACEMENT_3D('',#5602,#4480,#4481);
#4049=AXIS2_PLACEMENT_3D('',#5604,#4482,#4483);
#4050=AXIS2_PLACEMENT_3D('',#5606,#4484,#4485);
#4051=AXIS2_PLACEMENT_3D('',#5608,#4486,#4487);
#4052=AXIS2_PLACEMENT_3D('',#5610,#4488,#4489);
#4053=AXIS2_PLACEMENT_3D('',#5612,#4490,#4491);
#4054=AXIS2_PLACEMENT_3D('',#5613,#4492,#4493);
#4055=AXIS2_PLACEMENT_3D('',#5615,#4494,#4495);
#4056=AXIS2_PLACEMENT_3D('',#5619,#4497,#4498);
#4057=AXIS2_PLACEMENT_3D('',#5621,#4499,#4500);
#4058=AXIS2_PLACEMENT_3D('',#5622,#4501,#4502);
#4059=AXIS2_PLACEMENT_3D('',#5623,#4503,#4504);
#4060=AXIS2_PLACEMENT_3D('',#5632,#4509,#4510);
#4061=AXIS2_PLACEMENT_3D('',#5642,#4516,#4517);
#4062=AXIS2_PLACEMENT_3D('',#5648,#4521,#4522);
#4063=AXIS2_PLACEMENT_3D('',#5674,#4536,#4537);
#4064=AXIS2_PLACEMENT_3D('',#5676,#4538,#4539);
#4065=AXIS2_PLACEMENT_3D('',#5678,#4540,#4541);
#4066=AXIS2_PLACEMENT_3D('',#5679,#4542,#4543);
#4067=AXIS2_PLACEMENT_3D('',#5687,#4548,#4549);
#4068=AXIS2_PLACEMENT_3D('',#5693,#4553,#4554);
#4069=AXIS2_PLACEMENT_3D('',#5711,#4564,#4565);
#4070=AXIS2_PLACEMENT_3D('',#5712,#4566,#4567);
#4071=AXIS2_PLACEMENT_3D('',#5721,#4572,#4573);
#4072=AXIS2_PLACEMENT_3D('',#5727,#4577,#4578);
#4073=AXIS2_PLACEMENT_3D('',#5733,#4582,#4583);
#4074=AXIS2_PLACEMENT_3D('',#5735,#4585,#4586);
#4075=AXIS2_PLACEMENT_3D('',#5737,#4588,#4589);
#4076=AXIS2_PLACEMENT_3D('',#5746,#4594,#4595);
#4077=AXIS2_PLACEMENT_3D('',#5751,#4598,#4599);
#4078=AXIS2_PLACEMENT_3D('',#5752,#4600,#4601);
#4079=AXIS2_PLACEMENT_3D('',#5758,#4605,#4606);
#4080=AXIS2_PLACEMENT_3D('',#5762,#4608,#4609);
#4081=AXIS2_PLACEMENT_3D('',#5766,#4611,#4612);
#4082=AXIS2_PLACEMENT_3D('',#5772,#4615,#4616);
#4083=AXIS2_PLACEMENT_3D('',#5775,#4618,#4619);
#4084=AXIS2_PLACEMENT_3D('',#5776,#4620,#4621);
#4085=AXIS2_PLACEMENT_3D('',#5778,#4623,#4624);
#4086=AXIS2_PLACEMENT_3D('',#5781,#4625,#4626);
#4087=AXIS2_PLACEMENT_3D('',#5784,#4629,#4630);
#4088=AXIS2_PLACEMENT_3D('',#5787,#4631,#4632);
#4089=AXIS2_PLACEMENT_3D('',#5791,#4634,#4635);
#4090=AXIS2_PLACEMENT_3D('',#5797,#4639,#4640);
#4091=AXIS2_PLACEMENT_3D('',#5799,#4642,#4643);
#4092=AXIS2_PLACEMENT_3D('',#5802,#4646,#4647);
#4093=AXIS2_PLACEMENT_3D('',#5803,#4648,#4649);
#4094=AXIS2_PLACEMENT_3D('',#5804,#4650,#4651);
#4095=AXIS2_PLACEMENT_3D('',#5807,#4654,#4655);
#4096=AXIS2_PLACEMENT_3D('',#5813,#4659,#4660);
#4097=AXIS2_PLACEMENT_3D('',#5817,#4663,#4664);
#4098=AXIS2_PLACEMENT_3D('',#5826,#4669,#4670);
#4099=AXIS2_PLACEMENT_3D('',#5835,#4675,#4676);
#4100=AXIS2_PLACEMENT_3D('',#5838,#4677,#4678);
#4101=AXIS2_PLACEMENT_3D('',#5844,#4681,#4682);
#4102=AXIS2_PLACEMENT_3D('',#5847,#4685,#4686);
#4103=AXIS2_PLACEMENT_3D('',#5848,#4687,#4688);
#4104=AXIS2_PLACEMENT_3D('',#5849,#4689,#4690);
#4105=AXIS2_PLACEMENT_3D('',#5850,#4691,#4692);
#4106=AXIS2_PLACEMENT_3D('',#5851,#4693,#4694);
#4107=AXIS2_PLACEMENT_3D('',#5853,#4695,#4696);
#4108=AXIS2_PLACEMENT_3D('',#5857,#4698,#4699);
#4109=AXIS2_PLACEMENT_3D('',#5858,#4700,#4701);
#4110=AXIS2_PLACEMENT_3D('',#5864,#4705,#4706);
#4111=AXIS2_PLACEMENT_3D('',#5865,#4707,#4708);
#4112=AXIS2_PLACEMENT_3D('',#5866,#4709,#4710);
#4113=AXIS2_PLACEMENT_3D('',#5870,#4712,#4713);
#4114=AXIS2_PLACEMENT_3D('',#5872,#4715,#4716);
#4115=AXIS2_PLACEMENT_3D('',#5924,#4720,#4721);
#4116=AXIS2_PLACEMENT_3D('',#5954,#4723,#4724);
#4117=AXIS2_PLACEMENT_3D('',#5985,#4728,#4729);
#4118=AXIS2_PLACEMENT_3D('',#5988,#4731,#4732);
#4119=AXIS2_PLACEMENT_3D('',#5989,#4733,#4734);
#4120=AXIS2_PLACEMENT_3D('',#5992,#4736,#4737);
#4121=AXIS2_PLACEMENT_3D('',#5993,#4738,#4739);
#4122=AXIS2_PLACEMENT_3D('',#5996,#4741,#4742);
#4123=AXIS2_PLACEMENT_3D('',#5997,#4743,#4744);
#4124=AXIS2_PLACEMENT_3D('',#5998,#4745,#4746);
#4125=AXIS2_PLACEMENT_3D('',#6001,#4748,#4749);
#4126=AXIS2_PLACEMENT_3D('',#6002,#4750,#4751);
#4127=AXIS2_PLACEMENT_3D('',#6005,#4753,#4754);
#4128=AXIS2_PLACEMENT_3D('',#6006,#4755,#4756);
#4129=AXIS2_PLACEMENT_3D('',#6009,#4758,#4759);
#4130=AXIS2_PLACEMENT_3D('',#6010,#4760,#4761);
#4131=AXIS2_PLACEMENT_3D('',#6013,#4763,#4764);
#4132=AXIS2_PLACEMENT_3D('',#6014,#4765,#4766);
#4133=AXIS2_PLACEMENT_3D('',#6017,#4768,#4769);
#4134=AXIS2_PLACEMENT_3D('',#6018,#4770,#4771);
#4135=AXIS2_PLACEMENT_3D('',#6021,#4773,#4774);
#4136=AXIS2_PLACEMENT_3D('',#6022,#4775,#4776);
#4137=AXIS2_PLACEMENT_3D('',#6023,#4777,#4778);
#4138=AXIS2_PLACEMENT_3D('',#6026,#4780,#4781);
#4139=AXIS2_PLACEMENT_3D('',#6027,#4782,#4783);
#4140=AXIS2_PLACEMENT_3D('',#6030,#4785,#4786);
#4141=AXIS2_PLACEMENT_3D('',#6031,#4787,#4788);
#4142=AXIS2_PLACEMENT_3D('',#6034,#4790,#4791);
#4143=AXIS2_PLACEMENT_3D('',#6035,#4792,#4793);
#4144=AXIS2_PLACEMENT_3D('',#6038,#4795,#4796);
#4145=AXIS2_PLACEMENT_3D('',#6039,#4797,#4798);
#4146=AXIS2_PLACEMENT_3D('',#6042,#4800,#4801);
#4147=AXIS2_PLACEMENT_3D('',#6043,#4802,#4803);
#4148=AXIS2_PLACEMENT_3D('',#6046,#4805,#4806);
#4149=AXIS2_PLACEMENT_3D('',#6047,#4807,#4808);
#4150=AXIS2_PLACEMENT_3D('',#6048,#4809,#4810);
#4151=AXIS2_PLACEMENT_3D('',#6051,#4812,#4813);
#4152=AXIS2_PLACEMENT_3D('',#6052,#4814,#4815);
#4153=AXIS2_PLACEMENT_3D('',#6055,#4817,#4818);
#4154=AXIS2_PLACEMENT_3D('',#6056,#4819,#4820);
#4155=AXIS2_PLACEMENT_3D('',#6059,#4822,#4823);
#4156=AXIS2_PLACEMENT_3D('',#6060,#4824,#4825);
#4157=AXIS2_PLACEMENT_3D('',#6061,#4826,#4827);
#4158=AXIS2_PLACEMENT_3D('',#6063,#4829,#4830);
#4159=AXIS2_PLACEMENT_3D('',#6064,#4831,#4832);
#4160=AXIS2_PLACEMENT_3D('',#6066,#4834,#4835);
#4161=AXIS2_PLACEMENT_3D('',#6067,#4836,#4837);
#4162=AXIS2_PLACEMENT_3D('',#6070,#4839,#4840);
#4163=AXIS2_PLACEMENT_3D('',#6071,#4841,#4842);
#4164=AXIS2_PLACEMENT_3D('',#6072,#4843,#4844);
#4165=AXIS2_PLACEMENT_3D('',#6075,#4846,#4847);
#4166=AXIS2_PLACEMENT_3D('',#6076,#4848,#4849);
#4167=AXIS2_PLACEMENT_3D('',#6079,#4851,#4852);
#4168=AXIS2_PLACEMENT_3D('',#6080,#4853,#4854);
#4169=AXIS2_PLACEMENT_3D('',#6083,#4856,#4857);
#4170=AXIS2_PLACEMENT_3D('',#6084,#4858,#4859);
#4171=AXIS2_PLACEMENT_3D('',#6085,#4860,#4861);
#4172=AXIS2_PLACEMENT_3D('',#6088,#4863,#4864);
#4173=AXIS2_PLACEMENT_3D('',#6089,#4865,#4866);
#4174=AXIS2_PLACEMENT_3D('',#6092,#4868,#4869);
#4175=AXIS2_PLACEMENT_3D('',#6093,#4870,#4871);
#4176=AXIS2_PLACEMENT_3D('',#6096,#4873,#4874);
#4177=AXIS2_PLACEMENT_3D('',#6097,#4875,#4876);
#4178=AXIS2_PLACEMENT_3D('',#6101,#4879,#4880);
#4179=AXIS2_PLACEMENT_3D('',#6103,#4882,#4883);
#4180=AXIS2_PLACEMENT_3D('',#6104,#4884,#4885);
#4181=AXIS2_PLACEMENT_3D('',#6113,#4890,#4891);
#4182=AXIS2_PLACEMENT_3D('',#6117,#4893,#4894);
#4183=AXIS2_PLACEMENT_3D('',#6119,#4896,#4897);
#4184=AXIS2_PLACEMENT_3D('',#6123,#4900,#4901);
#4185=AXIS2_PLACEMENT_3D('',#6127,#4904,#4905);
#4186=AXIS2_PLACEMENT_3D('',#6131,#4908,#4909);
#4187=AXIS2_PLACEMENT_3D('',#6133,#4911,#4912);
#4188=AXIS2_PLACEMENT_3D('',#6136,#4914,#4915);
#4189=AXIS2_PLACEMENT_3D('',#6137,#4916,#4917);
#4190=AXIS2_PLACEMENT_3D('',#6140,#4919,#4920);
#4191=AXIS2_PLACEMENT_3D('',#6141,#4921,#4922);
#4192=AXIS2_PLACEMENT_3D('',#6144,#4924,#4925);
#4193=AXIS2_PLACEMENT_3D('',#6145,#4926,#4927);
#4194=AXIS2_PLACEMENT_3D('',#6148,#4929,#4930);
#4195=AXIS2_PLACEMENT_3D('',#6149,#4931,#4932);
#4196=AXIS2_PLACEMENT_3D('',#6152,#4934,#4935);
#4197=AXIS2_PLACEMENT_3D('',#6153,#4936,#4937);
#4198=AXIS2_PLACEMENT_3D('',#6156,#4939,#4940);
#4199=AXIS2_PLACEMENT_3D('',#6157,#4941,#4942);
#4200=AXIS2_PLACEMENT_3D('',#6160,#4944,#4945);
#4201=AXIS2_PLACEMENT_3D('',#6161,#4946,#4947);
#4202=AXIS2_PLACEMENT_3D('',#6164,#4949,#4950);
#4203=AXIS2_PLACEMENT_3D('',#6165,#4951,#4952);
#4204=AXIS2_PLACEMENT_3D('',#6168,#4954,#4955);
#4205=AXIS2_PLACEMENT_3D('',#6169,#4956,#4957);
#4206=AXIS2_PLACEMENT_3D('',#6172,#4959,#4960);
#4207=AXIS2_PLACEMENT_3D('',#6173,#4961,#4962);
#4208=AXIS2_PLACEMENT_3D('',#6176,#4964,#4965);
#4209=AXIS2_PLACEMENT_3D('',#6177,#4966,#4967);
#4210=AXIS2_PLACEMENT_3D('',#6180,#4969,#4970);
#4211=AXIS2_PLACEMENT_3D('',#6181,#4971,#4972);
#4212=AXIS2_PLACEMENT_3D('',#6184,#4974,#4975);
#4213=AXIS2_PLACEMENT_3D('',#6185,#4976,#4977);
#4214=AXIS2_PLACEMENT_3D('',#6188,#4979,#4980);
#4215=AXIS2_PLACEMENT_3D('',#6189,#4981,#4982);
#4216=AXIS2_PLACEMENT_3D('',#6192,#4984,#4985);
#4217=AXIS2_PLACEMENT_3D('',#6193,#4986,#4987);
#4218=AXIS2_PLACEMENT_3D('',#6196,#4989,#4990);
#4219=AXIS2_PLACEMENT_3D('',#6197,#4991,#4992);
#4220=AXIS2_PLACEMENT_3D('',#6200,#4994,#4995);
#4221=AXIS2_PLACEMENT_3D('',#6201,#4996,#4997);
#4222=AXIS2_PLACEMENT_3D('',#6204,#4999,#5000);
#4223=AXIS2_PLACEMENT_3D('',#6205,#5001,#5002);
#4224=AXIS2_PLACEMENT_3D('',#6208,#5004,#5005);
#4225=AXIS2_PLACEMENT_3D('',#6209,#5006,#5007);
#4226=AXIS2_PLACEMENT_3D('',#6212,#5009,#5010);
#4227=AXIS2_PLACEMENT_3D('',#6213,#5011,#5012);
#4228=AXIS2_PLACEMENT_3D('',#6216,#5014,#5015);
#4229=AXIS2_PLACEMENT_3D('',#6217,#5016,#5017);
#4230=AXIS2_PLACEMENT_3D('',#6220,#5019,#5020);
#4231=AXIS2_PLACEMENT_3D('',#6221,#5021,#5022);
#4232=AXIS2_PLACEMENT_3D('',#6224,#5024,#5025);
#4233=AXIS2_PLACEMENT_3D('',#6225,#5026,#5027);
#4234=AXIS2_PLACEMENT_3D('',#6228,#5029,#5030);
#4235=AXIS2_PLACEMENT_3D('',#6229,#5031,#5032);
#4236=AXIS2_PLACEMENT_3D('',#6236,#5037,#5038);
#4237=AXIS2_PLACEMENT_3D('',#6240,#5040,#5041);
#4238=AXIS2_PLACEMENT_3D('',#6244,#5044,#5045);
#4239=AXIS2_PLACEMENT_3D('',#6246,#5046,#5047);
#4240=AXIS2_PLACEMENT_3D('',#6248,#5049,#5050);
#4241=AXIS2_PLACEMENT_3D('',#6249,#5051,#5052);
#4242=AXIS2_PLACEMENT_3D('',#6263,#5060,#5061);
#4243=AXIS2_PLACEMENT_3D('',#6270,#5066,#5067);
#4244=AXIS2_PLACEMENT_3D('',#6274,#5070,#5071);
#4245=AXIS2_PLACEMENT_3D('',#6276,#5073,#5074);
#4246=AXIS2_PLACEMENT_3D('',#6278,#5076,#5077);
#4247=AXIS2_PLACEMENT_3D('',#6279,#5078,#5079);
#4248=AXIS2_PLACEMENT_3D('',#6280,#5080,#5081);
#4249=AXIS2_PLACEMENT_3D('',#6288,#5086,#5087);
#4250=AXIS2_PLACEMENT_3D('',#6294,#5091,#5092);
#4251=AXIS2_PLACEMENT_3D('',#6301,#5096,#5097);
#4252=AXIS2_PLACEMENT_3D('',#6303,#5099,#5100);
#4253=AXIS2_PLACEMENT_3D('',#6305,#5101,#5102);
#4254=AXIS2_PLACEMENT_3D('',#6307,#5104,#5105);
#4255=AXIS2_PLACEMENT_3D('',#6308,#5106,#5107);
#4256=AXIS2_PLACEMENT_3D('',#6322,#5115,#5116);
#4257=AXIS2_PLACEMENT_3D('',#6329,#5121,#5122);
#4258=AXIS2_PLACEMENT_3D('',#6333,#5125,#5126);
#4259=AXIS2_PLACEMENT_3D('',#6335,#5128,#5129);
#4260=AXIS2_PLACEMENT_3D('',#6337,#5131,#5132);
#4261=AXIS2_PLACEMENT_3D('',#6338,#5133,#5134);
#4262=AXIS2_PLACEMENT_3D('',#6339,#5135,#5136);
#4263=AXIS2_PLACEMENT_3D('',#6352,#5144,#5145);
#4264=AXIS2_PLACEMENT_3D('',#6353,#5146,#5147);
#4265=AXIS2_PLACEMENT_3D('',#6357,#5151,#5152);
#4266=AXIS2_PLACEMENT_3D('',#6359,#5154,#5155);
#4267=AXIS2_PLACEMENT_3D('',#6360,#5156,#5157);
#4268=AXIS2_PLACEMENT_3D('',#6362,#5159,#5160);
#4269=AXIS2_PLACEMENT_3D('',#6364,#5162,#5163);
#4270=AXIS2_PLACEMENT_3D('',#6365,#5164,#5165);
#4271=AXIS2_PLACEMENT_3D('',#6366,#5166,#5167);
#4272=AXIS2_PLACEMENT_3D('',#6368,#5169,#5170);
#4273=AXIS2_PLACEMENT_3D('',#6369,#5171,#5172);
#4274=AXIS2_PLACEMENT_3D('',#6370,#5173,#5174);
#4275=AXIS2_PLACEMENT_3D('',#6382,#5182,#5183);
#4276=AXIS2_PLACEMENT_3D('',#6384,#5184,#5185);
#4277=AXIS2_PLACEMENT_3D('',#6386,#5187,#5188);
#4278=AXIS2_PLACEMENT_3D('',#6388,#5189,#5190);
#4279=AXIS2_PLACEMENT_3D('',#6391,#5192,#5193);
#4280=AXIS2_PLACEMENT_3D('',#6392,#5194,#5195);
#4281=AXIS2_PLACEMENT_3D('',#6394,#5196,#5197);
#4282=AXIS2_PLACEMENT_3D('',#6408,#5205,#5206);
#4283=AXIS2_PLACEMENT_3D('',#6410,#5207,#5208);
#4284=AXIS2_PLACEMENT_3D('',#6414,#5210,#5211);
#4285=AXIS2_PLACEMENT_3D('',#6415,#5212,#5213);
#4286=AXIS2_PLACEMENT_3D('',#6416,#5214,#5215);
#4287=AXIS2_PLACEMENT_3D('',#6417,#5216,#5217);
#4288=AXIS2_PLACEMENT_3D('',#6419,#5218,#5219);
#4289=AXIS2_PLACEMENT_3D('',#6421,#5221,#5222);
#4290=AXIS2_PLACEMENT_3D('',#6424,#5224,#5225);
#4291=AXIS2_PLACEMENT_3D('',#6425,#5226,#5227);
#4292=AXIS2_PLACEMENT_3D('',#6439,#5235,#5236);
#4293=AXIS2_PLACEMENT_3D('',#6442,#5237,#5238);
#4294=AXIS2_PLACEMENT_3D('',#6444,#5240,#5241);
#4295=AXIS2_PLACEMENT_3D('',#6445,#5242,#5243);
#4296=AXIS2_PLACEMENT_3D('',#6449,#5246,#5247);
#4297=AXIS2_PLACEMENT_3D('',#6452,#5249,#5250);
#4298=AXIS2_PLACEMENT_3D('',#6453,#5251,#5252);
#4299=AXIS2_PLACEMENT_3D('',#6455,#5254,#5255);
#4300=AXIS2_PLACEMENT_3D('',#6456,#5256,#5257);
#4301=AXIS2_PLACEMENT_3D('',#6458,#5259,#5260);
#4302=AXIS2_PLACEMENT_3D('',#6460,#5261,#5262);
#4303=AXIS2_PLACEMENT_3D('',#6462,#5263,#5264);
#4304=AXIS2_PLACEMENT_3D('',#6463,#5265,#5266);
#4305=AXIS2_PLACEMENT_3D('',#6464,#5267,#5268);
#4306=AXIS2_PLACEMENT_3D('',#6467,#5271,#5272);
#4307=AXIS2_PLACEMENT_3D('',#6469,#5273,#5274);
#4308=AXIS2_PLACEMENT_3D('',#6472,#5276,#5277);
#4309=AXIS2_PLACEMENT_3D('',#6473,#5278,#5279);
#4310=AXIS2_PLACEMENT_3D('',#6474,#5280,#5281);
#4311=AXIS2_PLACEMENT_3D('',#6475,#5282,#5283);
#4312=AXIS2_PLACEMENT_3D('',#6476,#5284,#5285);
#4313=AXIS2_PLACEMENT_3D('',#6477,#5286,#5287);
#4314=AXIS2_PLACEMENT_3D('',#6479,#5289,#5290);
#4315=AXIS2_PLACEMENT_3D('',#6480,#5291,#5292);
#4316=AXIS2_PLACEMENT_3D('',#6481,#5293,#5294);
#4317=AXIS2_PLACEMENT_3D('',#6482,#5295,#5296);
#4318=AXIS2_PLACEMENT_3D('',#6486,#5299,#5300);
#4319=AXIS2_PLACEMENT_3D('',#6488,#5302,#5303);
#4320=AXIS2_PLACEMENT_3D('',#6489,#5304,#5305);
#4321=AXIS2_PLACEMENT_3D('',#6491,#5306,#5307);
#4322=AXIS2_PLACEMENT_3D('',#6494,#5309,#5310);
#4323=AXIS2_PLACEMENT_3D('',#6495,#5311,#5312);
#4324=AXIS2_PLACEMENT_3D('',#6497,#5313,#5314);
#4325=AXIS2_PLACEMENT_3D('',#6500,#5316,#5317);
#4326=AXIS2_PLACEMENT_3D('',#6501,#5318,#5319);
#4327=AXIS2_PLACEMENT_3D('',#6510,#5324,#5325);
#4328=AXIS2_PLACEMENT_3D('',#6516,#5329,#5330);
#4329=AXIS2_PLACEMENT_3D('',#6522,#5334,#5335);
#4330=AXIS2_PLACEMENT_3D('',#6525,#5338,#5339);
#4331=AXIS2_PLACEMENT_3D('',#6526,#5340,#5341);
#4332=AXIS2_PLACEMENT_3D('',#6527,#5342,#5343);
#4333=AXIS2_PLACEMENT_3D('',#6536,#5348,#5349);
#4334=AXIS2_PLACEMENT_3D('',#6542,#5353,#5354);
#4335=AXIS2_PLACEMENT_3D('',#6549,#5358,#5359);
#4336=AXIS2_PLACEMENT_3D('',#6550,#5360,#5361);
#4337=AXIS2_PLACEMENT_3D('',#6557,#5365,#5366);
#4338=AXIS2_PLACEMENT_3D('',#6558,#5367,#5368);
#4339=AXIS2_PLACEMENT_3D('',#6560,#5369,#5370);
#4340=AXIS2_PLACEMENT_3D('',#6563,#5372,#5373);
#4341=AXIS2_PLACEMENT_3D('',#6564,#5374,#5375);
#4342=AXIS2_PLACEMENT_3D('',#6567,#5378,#5379);
#4343=AXIS2_PLACEMENT_3D('',#6569,#5381,#5382);
#4344=AXIS2_PLACEMENT_3D('',#6570,#5383,#5384);
#4345=AXIS2_PLACEMENT_3D('',#6571,#5385,#5386);
#4346=AXIS2_PLACEMENT_3D('',#6580,#5391,#5392);
#4347=AXIS2_PLACEMENT_3D('',#6590,#5398,#5399);
#4348=AXIS2_PLACEMENT_3D('',#6605,#5407,#5408);
#4349=AXIS2_PLACEMENT_3D('',#6606,#5409,#5410);
#4350=AXIS2_PLACEMENT_3D('',#6615,#5415,#5416);
#4351=AXIS2_PLACEMENT_3D('',#6621,#5420,#5421);
#4352=AXIS2_PLACEMENT_3D('',#6627,#5425,#5426);
#4353=AXIS2_PLACEMENT_3D('',#6634,#5431,#5432);
#4354=AXIS2_PLACEMENT_3D('',#6638,#5435,#5436);
#4355=AXIS2_PLACEMENT_3D('',#6640,#5437,#5438);
#4356=AXIS2_PLACEMENT_3D('',#6642,#5440,#5441);
#4357=AXIS2_PLACEMENT_3D('',#6646,#5444,#5445);
#4358=AXIS2_PLACEMENT_3D('',#6648,#5446,#5447);
#4359=AXIS2_PLACEMENT_3D('',#6651,#5449,#5450);
#4360=AXIS2_PLACEMENT_3D('',#6652,#5451,#5452);
#4361=AXIS2_PLACEMENT_3D('',#6654,#5454,#5455);
#4362=AXIS2_PLACEMENT_3D('',#6660,#5459,#5460);
#4363=AXIS2_PLACEMENT_3D('',#6663,#5463,#5464);
#4364=AXIS2_PLACEMENT_3D('',#6664,#5465,#5466);
#4365=AXIS2_PLACEMENT_3D('',#6666,#5468,#5469);
#4366=AXIS2_PLACEMENT_3D('',#6668,#5471,#5472);
#4367=DIRECTION('axis',(0.,0.,1.));
#4368=DIRECTION('refdir',(1.,0.,0.));
#4369=DIRECTION('center_axis',(1.28933212672184E-30,1.,2.59052039079203E-15));
#4370=DIRECTION('ref_axis',(-1.,1.75288275043826E-29,-6.26881588555868E-15));
#4371=DIRECTION('',(-0.707106781186548,4.34084385636103E-16,0.707106781186547));
#4372=DIRECTION('',(-6.33004822551605E-15,-1.60812264967647E-16,1.));
#4373=DIRECTION('',(-0.707106781186548,7.48102877372858E-16,-0.707106781186547));
#4374=DIRECTION('',(-1.,0.,0.));
#4375=DIRECTION('',(-0.707106781186547,4.34084385636103E-16,0.707106781186548));
#4376=DIRECTION('',(0.,-2.22044604925031E-16,1.));
#4377=DIRECTION('',(0.707106781186548,4.34084385636103E-16,0.707106781186547));
#4378=DIRECTION('',(-1.,-6.26179828581764E-31,4.44089209850072E-16));
#4379=DIRECTION('',(0.,-2.22044604925031E-16,1.));
#4380=DIRECTION('',(-0.707106781186547,7.56499093729457E-16,0.707106781186548));
#4381=DIRECTION('',(-1.,0.,0.));
#4382=DIRECTION('',(-0.707106781186548,1.83177453513107E-15,-0.707106781186547));
#4383=DIRECTION('',(0.,2.22044604925031E-16,-1.));
#4384=DIRECTION('',(-0.707106781186548,7.56499093729457E-16,0.707106781186547));
#4385=DIRECTION('',(-1.,3.80091331849845E-15,4.75114164812307E-16));
#4386=DIRECTION('',(0.707106781186548,7.56499093729457E-16,0.707106781186547));
#4387=DIRECTION('',(0.,-2.22044604925031E-16,1.));
#4388=DIRECTION('center_axis',(-1.28933212672184E-30,-1.,-2.59052039079203E-15));
#4389=DIRECTION('ref_axis',(-1.,0.,0.));
#4390=DIRECTION('center_axis',(-1.28933212672184E-30,-1.,-2.59052039079203E-15));
#4391=DIRECTION('ref_axis',(-1.,0.,0.));
#4392=DIRECTION('center_axis',(-1.28933212672184E-30,-1.,-2.59052039079203E-15));
#4393=DIRECTION('ref_axis',(-1.,0.,0.));
#4394=DIRECTION('center_axis',(-1.28933212672184E-30,-1.,-2.59052039079203E-15));
#4395=DIRECTION('ref_axis',(-1.,0.,0.));
#4396=DIRECTION('center_axis',(-1.28933212672184E-30,-1.,-2.59052039079203E-15));
#4397=DIRECTION('ref_axis',(-1.,0.,0.));
#4398=DIRECTION('center_axis',(-1.28933212672184E-30,-1.,-2.59052039079203E-15));
#4399=DIRECTION('ref_axis',(-1.,0.,0.));
#4400=DIRECTION('center_axis',(-1.28933212672184E-30,-1.,-2.59052039079203E-15));
#4401=DIRECTION('ref_axis',(-1.,0.,0.));
#4402=DIRECTION('center_axis',(-1.28933212672184E-30,-1.,-2.59052039079203E-15));
#4403=DIRECTION('ref_axis',(-1.,0.,0.));
#4404=DIRECTION('center_axis',(-1.28933212672184E-30,-1.,-2.59052039079203E-15));
#4405=DIRECTION('ref_axis',(-1.,0.,0.));
#4406=DIRECTION('center_axis',(-1.28933212672184E-30,-1.,-2.59052039079203E-15));
#4407=DIRECTION('ref_axis',(-1.,0.,0.));
#4408=DIRECTION('center_axis',(-1.28933212672184E-30,-1.,-2.59052039079203E-15));
#4409=DIRECTION('ref_axis',(-1.,0.,0.));
#4410=DIRECTION('center_axis',(-1.28933212672184E-30,-1.,-2.59052039079203E-15));
#4411=DIRECTION('ref_axis',(-1.,0.,0.));
#4412=DIRECTION('center_axis',(-1.28933212672184E-30,-1.,-2.59052039079203E-15));
#4413=DIRECTION('ref_axis',(-1.,0.,0.));
#4414=DIRECTION('center_axis',(-1.28933212672184E-30,-1.,-2.59052039079203E-15));
#4415=DIRECTION('ref_axis',(-1.,0.,0.));
#4416=DIRECTION('center_axis',(-1.28933212672184E-30,-1.,-2.59052039079203E-15));
#4417=DIRECTION('ref_axis',(-1.,0.,0.));
#4418=DIRECTION('center_axis',(-1.28933212672184E-30,-1.,-2.59052039079203E-15));
#4419=DIRECTION('ref_axis',(-1.,0.,0.));
#4420=DIRECTION('center_axis',(-1.28933212672184E-30,-1.,-2.59052039079203E-15));
#4421=DIRECTION('ref_axis',(-1.,0.,0.));
#4422=DIRECTION('center_axis',(-1.28933212672184E-30,-1.,-2.59052039079203E-15));
#4423=DIRECTION('ref_axis',(-1.,0.,0.));
#4424=DIRECTION('center_axis',(-1.28933212672184E-30,-1.,-2.59052039079203E-15));
#4425=DIRECTION('ref_axis',(-1.,0.,0.));
#4426=DIRECTION('center_axis',(-1.28933212672184E-30,-1.,-2.59052039079203E-15));
#4427=DIRECTION('ref_axis',(-1.,0.,0.));
#4428=DIRECTION('center_axis',(-1.28933212672184E-30,-1.,-2.59052039079203E-15));
#4429=DIRECTION('ref_axis',(-1.,0.,0.));
#4430=DIRECTION('center_axis',(-1.28933212672184E-30,-1.,-2.59052039079203E-15));
#4431=DIRECTION('ref_axis',(-1.,0.,0.));
#4432=DIRECTION('center_axis',(-1.28933212672184E-30,-1.,-2.59052039079203E-15));
#4433=DIRECTION('ref_axis',(-1.,0.,0.));
#4434=DIRECTION('center_axis',(-1.28933212672184E-30,-1.,-2.59052039079203E-15));
#4435=DIRECTION('ref_axis',(-1.,0.,0.));
#4436=DIRECTION('center_axis',(-1.28933212672184E-30,-1.,-2.59052039079203E-15));
#4437=DIRECTION('ref_axis',(-1.,0.,0.));
#4438=DIRECTION('center_axis',(-1.28933212672184E-30,-1.,-2.59052039079203E-15));
#4439=DIRECTION('ref_axis',(-1.,0.,0.));
#4440=DIRECTION('center_axis',(-1.28933212672184E-30,-1.,-2.59052039079203E-15));
#4441=DIRECTION('ref_axis',(-1.,0.,0.));
#4442=DIRECTION('center_axis',(-1.28933212672184E-30,-1.,-2.59052039079203E-15));
#4443=DIRECTION('ref_axis',(-1.,0.,0.));
#4444=DIRECTION('center_axis',(-1.28933212672184E-30,-1.,-2.59052039079203E-15));
#4445=DIRECTION('ref_axis',(-1.,0.,0.));
#4446=DIRECTION('center_axis',(-1.28933212672184E-30,-1.,-2.59052039079203E-15));
#4447=DIRECTION('ref_axis',(-1.,0.,0.));
#4448=DIRECTION('center_axis',(-1.28933212672184E-30,-1.,-2.59052039079203E-15));
#4449=DIRECTION('ref_axis',(-1.,0.,0.));
#4450=DIRECTION('center_axis',(-1.28933212672184E-30,-1.,-2.59052039079203E-15));
#4451=DIRECTION('ref_axis',(-1.,0.,0.));
#4452=DIRECTION('center_axis',(-1.28933212672184E-30,-1.,-2.59052039079203E-15));
#4453=DIRECTION('ref_axis',(-1.,0.,0.));
#4454=DIRECTION('center_axis',(-1.28933212672184E-30,-1.,-2.59052039079203E-15));
#4455=DIRECTION('ref_axis',(-1.,0.,0.));
#4456=DIRECTION('center_axis',(-1.28933212672184E-30,-1.,-2.59052039079203E-15));
#4457=DIRECTION('ref_axis',(-1.,0.,0.));
#4458=DIRECTION('center_axis',(-1.28933212672184E-30,-1.,-2.59052039079203E-15));
#4459=DIRECTION('ref_axis',(-1.,0.,0.));
#4460=DIRECTION('center_axis',(-1.28933212672184E-30,-1.,-2.59052039079203E-15));
#4461=DIRECTION('ref_axis',(-1.,0.,0.));
#4462=DIRECTION('center_axis',(-1.28933212672184E-30,-1.,-2.59052039079203E-15));
#4463=DIRECTION('ref_axis',(-1.,0.,0.));
#4464=DIRECTION('center_axis',(-1.28933212672184E-30,-1.,-2.59052039079203E-15));
#4465=DIRECTION('ref_axis',(-1.,0.,0.));
#4466=DIRECTION('center_axis',(-1.28933212672184E-30,-1.,-2.59052039079203E-15));
#4467=DIRECTION('ref_axis',(-1.,0.,0.));
#4468=DIRECTION('center_axis',(-1.28933212672184E-30,-1.,-2.59052039079203E-15));
#4469=DIRECTION('ref_axis',(-1.,0.,0.));
#4470=DIRECTION('center_axis',(-1.28933212672184E-30,-1.,-2.59052039079203E-15));
#4471=DIRECTION('ref_axis',(-1.,0.,0.));
#4472=DIRECTION('center_axis',(-1.28933212672184E-30,-1.,-2.59052039079203E-15));
#4473=DIRECTION('ref_axis',(-1.,0.,0.));
#4474=DIRECTION('center_axis',(-1.28933212672184E-30,-1.,-2.59052039079203E-15));
#4475=DIRECTION('ref_axis',(-1.,0.,0.));
#4476=DIRECTION('center_axis',(-1.28933212672184E-30,-1.,-2.59052039079203E-15));
#4477=DIRECTION('ref_axis',(-1.,0.,0.));
#4478=DIRECTION('center_axis',(-1.28933212672184E-30,-1.,-2.59052039079203E-15));
#4479=DIRECTION('ref_axis',(-1.,0.,0.));
#4480=DIRECTION('center_axis',(-1.28933212672184E-30,-1.,-2.59052039079203E-15));
#4481=DIRECTION('ref_axis',(-1.,0.,0.));
#4482=DIRECTION('center_axis',(-1.28933212672184E-30,-1.,-2.59052039079203E-15));
#4483=DIRECTION('ref_axis',(-1.,0.,0.));
#4484=DIRECTION('center_axis',(-1.28933212672184E-30,-1.,-2.59052039079203E-15));
#4485=DIRECTION('ref_axis',(-1.,0.,0.));
#4486=DIRECTION('center_axis',(-1.28933212672184E-30,-1.,-2.59052039079203E-15));
#4487=DIRECTION('ref_axis',(-1.,0.,0.));
#4488=DIRECTION('center_axis',(-1.28933212672184E-30,-1.,-2.59052039079203E-15));
#4489=DIRECTION('ref_axis',(-1.,0.,0.));
#4490=DIRECTION('center_axis',(-1.28933212672184E-30,-1.,-2.59052039079203E-15));
#4491=DIRECTION('ref_axis',(-1.,0.,0.));
#4492=DIRECTION('center_axis',(4.49640324973188E-15,6.88338275267597E-15,
1.));
#4493=DIRECTION('ref_axis',(1.,-2.14262017429013E-28,-4.49640324973188E-15));
#4494=DIRECTION('center_axis',(-4.51028103753969E-15,-5.12090370108353E-15,
-1.));
#4495=DIRECTION('ref_axis',(1.,-2.14357543554255E-28,-4.51028103753969E-15));
#4496=DIRECTION('',(-4.49640324973188E-15,-6.88338275267597E-15,-1.));
#4497=DIRECTION('center_axis',(-4.51028103753969E-15,-5.12090370108353E-15,
-1.));
#4498=DIRECTION('ref_axis',(1.,-2.14357543554255E-28,-4.51028103753969E-15));
#4499=DIRECTION('center_axis',(1.90026212548675E-15,-0.906307787036647,
0.422618261740706));
#4500=DIRECTION('ref_axis',(4.07512527888898E-15,0.422618261740706,0.906307787036647));
#4501=DIRECTION('center_axis',(-4.51028103753969E-15,-5.12090370108353E-15,
-1.));
#4502=DIRECTION('ref_axis',(1.,-2.14357543554255E-28,-4.51028103753969E-15));
#4503=DIRECTION('center_axis',(-1.83311552850733E-28,-1.,6.88338275267597E-15));
#4504=DIRECTION('ref_axis',(1.,-2.14357543554255E-28,-4.51028103753969E-15));
#4505=DIRECTION('',(4.44089209850063E-15,6.88338275267597E-15,1.));
#4506=DIRECTION('',(-1.,2.14357543554255E-28,4.51028103753969E-15));
#4507=DIRECTION('',(4.44089209850063E-15,-6.88338275267597E-15,-1.));
#4508=DIRECTION('',(1.,-2.14357543554255E-28,-4.51028103753969E-15));
#4509=DIRECTION('center_axis',(-1.90026212548675E-15,0.906307787036647,
-0.422618261740706));
#4510=DIRECTION('ref_axis',(-1.,5.86500656036102E-18,4.50898079688894E-15));
#4511=DIRECTION('',(-1.,2.13993288793376E-28,4.49640324973187E-15));
#4512=DIRECTION('',(0.,0.422618261740706,0.906307787036647));
#4513=DIRECTION('',(-1.,2.14357543554255E-28,4.51028103753969E-15));
#4514=DIRECTION('',(3.90751495905783E-15,0.422618261740706,0.906307787036647));
#4515=DIRECTION('',(-1.,2.13993288793376E-28,4.49640324973187E-15));
#4516=DIRECTION('center_axis',(-1.,0.,0.));
#4517=DIRECTION('ref_axis',(0.,1.,2.22044604925031E-16));
#4518=DIRECTION('',(0.,-1.,5.12090370108354E-15));
#4519=DIRECTION('',(0.,2.22044604925031E-16,-1.));
#4520=DIRECTION('',(0.,1.,-5.12090370108354E-15));
#4521=DIRECTION('center_axis',(-4.49640324973187E-15,-5.12090370108354E-15,
-1.));
#4522=DIRECTION('ref_axis',(2.77555756156099E-16,-1.,5.12090370108354E-15));
#4523=DIRECTION('',(-3.00927816577112E-16,-1.,6.7996044485409E-15));
#4524=DIRECTION('',(-1.,5.93969318174455E-15,-4.4964032497319E-15));
#4525=DIRECTION('',(0.,-1.,5.12090370108354E-15));
#4526=DIRECTION('',(-1.,9.98402083170341E-31,-4.49640324973187E-15));
#4527=DIRECTION('',(-2.77555756156099E-16,1.,-5.12090370108354E-15));
#4528=DIRECTION('',(1.,3.20440841617303E-15,-4.49640324973189E-15));
#4529=DIRECTION('',(0.,-1.,-2.22044604925031E-16));
#4530=DIRECTION('',(-1.,0.,0.));
#4531=DIRECTION('',(0.,-1.,5.12090370108354E-15));
#4532=DIRECTION('',(1.,5.93969318174455E-15,-4.4964032497319E-15));
#4533=DIRECTION('',(3.00927816577112E-16,-1.,6.7996044485409E-15));
#4534=DIRECTION('',(1.,9.98402083170341E-31,-4.49640324973187E-15));
#4535=DIRECTION('',(2.77555756156099E-16,-1.,5.12090370108354E-15));
#4536=DIRECTION('center_axis',(-4.49640324973187E-15,-5.12090370108354E-15,
-1.));
#4537=DIRECTION('ref_axis',(-1.,2.14309434610338E-28,4.50036833196269E-15));
#4538=DIRECTION('center_axis',(-4.49640324973187E-15,-5.12090370108354E-15,
-1.));
#4539=DIRECTION('ref_axis',(1.,0.,0.));
#4540=DIRECTION('center_axis',(-4.49640324973187E-15,5.12090370108354E-15,
1.));
#4541=DIRECTION('ref_axis',(-1.,0.,0.));
#4542=DIRECTION('center_axis',(1.,-2.77555756156076E-16,4.44089209850063E-15));
#4543=DIRECTION('ref_axis',(2.77555756156099E-16,1.,-5.12090370108354E-15));
#4544=DIRECTION('',(2.77555756156099E-16,1.,-5.12090370108354E-15));
#4545=DIRECTION('',(4.44089209850063E-15,2.22044604925031E-16,-1.));
#4546=DIRECTION('',(-2.77555756156075E-16,-1.,-2.22044604925031E-16));
#4547=DIRECTION('',(0.,2.22044604925031E-16,-1.));
#4548=DIRECTION('center_axis',(0.,-1.,-2.22044604925031E-16));
#4549=DIRECTION('ref_axis',(-1.,0.,0.));
#4550=DIRECTION('',(1.,1.00148357108136E-30,-4.51028103753969E-15));
#4551=DIRECTION('',(0.,2.22044604925031E-16,-1.));
#4552=DIRECTION('',(0.422618261740699,2.01240754513032E-16,-0.90630778703665));
#4553=DIRECTION('center_axis',(-4.49640324973187E-15,-5.12090370108354E-15,
-1.));
#4554=DIRECTION('ref_axis',(2.77555756156099E-16,-1.,5.12090370108354E-15));
#4555=DIRECTION('',(-1.,-9.98402083170341E-31,4.49640324973187E-15));
#4556=DIRECTION('',(0.,1.,-5.12090370108354E-15));
#4557=DIRECTION('',(1.,3.20440841617303E-15,-4.49640324973189E-15));
#4558=DIRECTION('',(-2.77555756156099E-16,1.,-5.12090370108354E-15));
#4559=DIRECTION('',(-1.,-9.98402083170341E-31,4.49640324973187E-15));
#4560=DIRECTION('',(2.77555756156099E-16,-1.,5.12090370108353E-15));
#4561=DIRECTION('',(1.,1.00148357108136E-30,-4.51028103753969E-15));
#4562=DIRECTION('',(2.77555756156099E-16,-1.,5.12090370108354E-15));
#4563=DIRECTION('',(-1.,-9.98402083170341E-31,4.49640324973187E-15));
#4564=DIRECTION('center_axis',(4.49640324973187E-15,5.12090370108354E-15,
1.));
#4565=DIRECTION('ref_axis',(-1.,2.14309434610338E-28,4.50036833196269E-15));
#4566=DIRECTION('center_axis',(-0.707106781186548,3.17446099137908E-16,
-0.707106781186548));
#4567=DIRECTION('ref_axis',(1.71508656348654E-16,1.,2.7742792237461E-16));
#4568=DIRECTION('',(-1.78679018505952E-16,-1.,-2.70257560217312E-16));
#4569=DIRECTION('',(0.707106781186548,7.4810287737287E-16,-0.707106781186548));
#4570=DIRECTION('',(-0.169866877866843,-0.970716481578191,0.169866877866843));
#4571=DIRECTION('',(-0.707106781186548,-1.57009245868378E-16,0.707106781186548));
#4572=DIRECTION('center_axis',(0.,-1.,-2.22044604925031E-16));
#4573=DIRECTION('ref_axis',(-0.707106781186547,1.57009245868378E-16,-0.707106781186548));
#4574=DIRECTION('',(0.707106781186547,-1.57009245868378E-16,0.707106781186548));
#4575=DIRECTION('',(0.707106781186548,-1.57009245868378E-16,0.707106781186548));
#4576=DIRECTION('',(-0.707106781186548,-1.57009245868378E-16,0.707106781186548));
#4577=DIRECTION('center_axis',(0.707106781186548,-1.89096616522284E-16,
0.707106781186548));
#4578=DIRECTION('ref_axis',(-8.79222289866588E-17,-1.,-1.79500770698019E-16));
#4579=DIRECTION('',(8.79222289866588E-17,1.,1.79500770698019E-16));
#4580=DIRECTION('',(-0.169866877866843,-0.970716481578191,0.169866877866843));
#4581=DIRECTION('',(0.707106781186548,7.4810287737287E-16,-0.707106781186548));
#4582=DIRECTION('center_axis',(0.686400206733485,-0.240228042477264,-0.686400206733485));
#4583=DIRECTION('ref_axis',(-0.169866877866843,-0.970716481578191,0.169866877866843));
#4584=DIRECTION('',(-0.707106781186548,-3.78361496416153E-15,-0.707106781186547));
#4585=DIRECTION('center_axis',(0.707106781186548,6.47558078552779E-17,-0.707106781186547));
#4586=DIRECTION('ref_axis',(-0.707106781186547,1.57009245868378E-16,-0.707106781186548));
#4587=DIRECTION('',(0.707106781186547,3.78361496416153E-15,0.707106781186548));
#4588=DIRECTION('center_axis',(0.,0.821526057966428,0.570170970922005));
#4589=DIRECTION('ref_axis',(-3.37676481071985E-17,0.570170970922005,-0.821526057966428));
#4590=DIRECTION('',(2.78028262142016E-17,0.570170970922005,-0.821526057966428));
#4591=DIRECTION('',(-1.,0.,0.));
#4592=DIRECTION('',(-3.37676481071985E-17,0.570170970922005,-0.821526057966428));
#4593=DIRECTION('',(-1.,0.,0.));
#4594=DIRECTION('center_axis',(-0.707106781186544,0.580906646509517,0.40317175997467));
#4595=DIRECTION('ref_axis',(0.634784400361988,0.772689306938482,1.71571491888951E-16));
#4596=DIRECTION('',(-0.418103553447184,-0.803303436123334,0.424137958814443));
#4597=DIRECTION('',(-2.78028262142016E-17,-0.570170970922005,0.821526057966428));
#4598=DIRECTION('center_axis',(0.707106781186544,-0.580906646509517,-0.40317175997467));
#4599=DIRECTION('ref_axis',(-0.707106781186555,-0.580906646509494,-0.403171759974683));
#4600=DIRECTION('center_axis',(-4.75114164812318E-16,-2.97554269780837E-15,
-1.));
#4601=DIRECTION('ref_axis',(-3.19758730273341E-15,-1.,2.97554269780837E-15));
#4602=DIRECTION('',(3.1975873027334E-15,-1.,2.97554269780837E-15));
#4603=DIRECTION('',(-3.19758730273341E-15,-1.,2.97554269780837E-15));
#4604=DIRECTION('',(-1.,3.80091331849845E-15,4.75114164812307E-16));
#4605=DIRECTION('center_axis',(-1.,2.15918451351585E-15,-6.1643659225893E-15));
#4606=DIRECTION('ref_axis',(-6.1643659225893E-15,-1.60812264967647E-16,
1.));
#4607=DIRECTION('',(0.,1.,2.22044604925031E-16));
#4608=DIRECTION('center_axis',(-1.,2.29181374125402E-15,-6.24539909915708E-15));
#4609=DIRECTION('ref_axis',(5.21181797670072E-15,0.853333349703913,-0.521365701099622));
#4610=DIRECTION('',(-6.12183451358861E-15,-4.70364210427237E-15,1.));
#4611=DIRECTION('center_axis',(-1.,2.15918451351585E-15,-6.1643659225893E-15));
#4612=DIRECTION('ref_axis',(-5.05639337425703E-15,-0.853333316962698,0.521365754688049));
#4613=DIRECTION('',(0.,-1.,-2.22044604925031E-16));
#4614=DIRECTION('',(6.1643659225893E-15,1.60812264967648E-16,-1.));
#4615=DIRECTION('center_axis',(-1.,2.15918451351585E-15,-6.1643659225893E-15));
#4616=DIRECTION('ref_axis',(-5.53104249877372E-15,-0.819672111813693,0.572832985358631));
#4617=DIRECTION('',(-6.16436592258933E-15,-1.03280358974338E-14,1.));
#4618=DIRECTION('center_axis',(-1.,2.15918451351585E-15,-6.1643659225893E-15));
#4619=DIRECTION('ref_axis',(5.53104225084683E-15,0.819672150481335,-0.572832930028733));
#4620=DIRECTION('center_axis',(-0.707106781186547,1.57009245868378E-16,
-0.707106781186548));
#4621=DIRECTION('ref_axis',(0.,-1.,-2.22044604925031E-16));
#4622=DIRECTION('',(-0.707106781186552,-1.07051758546621E-15,0.707106781186543));
#4623=DIRECTION('center_axis',(1.,-2.42970812582437E-15,6.17890135284795E-15));
#4624=DIRECTION('ref_axis',(-5.53104249877372E-15,-0.819672111813693,0.572832985358631));
#4625=DIRECTION('center_axis',(-1.,2.15918451351585E-15,-6.1643659225893E-15));
#4626=DIRECTION('ref_axis',(-5.53104249877372E-15,-0.819672111813693,0.572832985358631));
#4627=DIRECTION('',(-1.,2.42970812582437E-15,-6.17890135284795E-15));
#4628=DIRECTION('',(1.,-2.42970812582437E-15,6.17890135284795E-15));
#4629=DIRECTION('center_axis',(-1.,2.15918451351585E-15,-6.1643659225893E-15));
#4630=DIRECTION('ref_axis',(-6.1643659225893E-15,-1.60812264967647E-16,
1.));
#4631=DIRECTION('center_axis',(1.,-2.15918451351585E-15,6.1643659225893E-15));
#4632=DIRECTION('ref_axis',(-5.05639337425703E-15,-0.853333316962698,0.521365754688049));
#4633=DIRECTION('',(6.12183451358861E-15,4.70364210427237E-15,-1.));
#4634=DIRECTION('center_axis',(1.,-2.29181374125402E-15,6.24539909915708E-15));
#4635=DIRECTION('ref_axis',(5.21181797670072E-15,0.853333349703913,-0.521365701099622));
#4636=DIRECTION('',(0.,-1.,-2.22044604925031E-16));
#4637=DIRECTION('',(0.,1.,2.22044604925031E-16));
#4638=DIRECTION('',(6.1643659225893E-15,1.60812264967648E-16,-1.));
#4639=DIRECTION('center_axis',(-1.,2.15918451351585E-15,-6.1643659225893E-15));
#4640=DIRECTION('ref_axis',(5.53104225084683E-15,0.819672150481335,-0.572832930028733));
#4641=DIRECTION('',(-6.16436592258933E-15,-1.03280358974338E-14,1.));
#4642=DIRECTION('center_axis',(1.,-2.42970812582437E-15,6.17890135284795E-15));
#4643=DIRECTION('ref_axis',(5.53104225084683E-15,0.819672150481335,-0.572832930028733));
#4644=DIRECTION('',(1.,-2.42970812582437E-15,6.17890135284795E-15));
#4645=DIRECTION('',(-1.,2.42970812582437E-15,-6.17890135284795E-15));
#4646=DIRECTION('center_axis',(-2.42970812582437E-15,-1.,-1.60812264967663E-16));
#4647=DIRECTION('ref_axis',(6.31695685121309E-15,1.60812264967647E-16,-1.));
#4648=DIRECTION('center_axis',(2.4297081258243E-15,1.,1.03280358974338E-14));
#4649=DIRECTION('ref_axis',(-6.13492588777422E-15,-1.03280358974338E-14,
1.));
#4650=DIRECTION('center_axis',(-2.42970812582434E-15,-1.,-4.70364210427238E-15));
#4651=DIRECTION('ref_axis',(6.12183451358861E-15,4.70364210427237E-15,-1.));
#4652=DIRECTION('',(1.,-2.42970812582437E-15,6.17890135284795E-15));
#4653=DIRECTION('',(1.,-2.42970812582437E-15,6.17890135284795E-15));
#4654=DIRECTION('center_axis',(1.,-2.42970812582437E-15,6.17890135284795E-15));
#4655=DIRECTION('ref_axis',(-5.29481846123151E-15,-0.853333316962698,0.521365754688049));
#4656=DIRECTION('',(-1.,2.42970812582437E-15,-6.17890135284795E-15));
#4657=DIRECTION('',(-1.,2.42970812582437E-15,-6.17890135284795E-15));
#4658=DIRECTION('',(-1.,2.42970812582437E-15,-6.17890135284795E-15));
#4659=DIRECTION('center_axis',(-0.707106781186547,-1.57009245868378E-16,
0.707106781186548));
#4660=DIRECTION('ref_axis',(0.,1.,2.22044604925031E-16));
#4661=DIRECTION('',(-0.707106781186549,-4.34084385636105E-16,-0.707106781186546));
#4662=DIRECTION('',(0.,1.,2.22044604925031E-16));
#4663=DIRECTION('center_axis',(1.01672236324661E-14,1.,-2.14643118094191E-15));
#4664=DIRECTION('ref_axis',(1.,-1.01672236324661E-14,5.95122886790211E-15));
#4665=DIRECTION('',(1.,-1.01672236324661E-14,5.98066890271722E-15));
#4666=DIRECTION('',(5.99520433297585E-15,-2.14643118094197E-15,-1.));
#4667=DIRECTION('',(1.,-1.01672236324661E-14,5.98066890271722E-15));
#4668=DIRECTION('',(-5.99520433297585E-15,2.14643118094197E-15,1.));
#4669=DIRECTION('center_axis',(1.58618514353769E-30,-1.,2.14643118094197E-15));
#4670=DIRECTION('ref_axis',(-1.,-1.47508052863469E-29,-6.13325983134098E-15));
#4671=DIRECTION('',(-1.,-1.44232793592199E-29,-5.9806689027172E-15));
#4672=DIRECTION('',(-5.99520433297585E-15,2.14643118094197E-15,1.));
#4673=DIRECTION('',(-1.,-1.44232793592199E-29,-5.9806689027172E-15));
#4674=DIRECTION('',(5.99520433297585E-15,-2.14643118094197E-15,-1.));
#4675=DIRECTION('center_axis',(-5.9806689027172E-15,1.87590756863345E-15,
1.));
#4676=DIRECTION('ref_axis',(1.,1.45025202613324E-29,5.9806689027172E-15));
#4677=DIRECTION('center_axis',(-6.06170207928497E-15,2.00853679637162E-15,
1.));
#4678=DIRECTION('ref_axis',(-0.521365701099622,0.853333349703913,-4.8743149868748E-15));
#4679=DIRECTION('',(3.91325197004714E-15,-1.,1.87590756863347E-15));
#4680=DIRECTION('',(1.,-4.54282983930471E-15,5.93813749371651E-15));
#4681=DIRECTION('center_axis',(-5.9806689027172E-15,1.87590756863345E-15,
1.));
#4682=DIRECTION('ref_axis',(0.52136575468805,-0.853333316962698,4.71889038386191E-15));
#4683=DIRECTION('',(0.,-1.,-2.22044604925031E-16));
#4684=DIRECTION('',(0.,1.,2.22044604925031E-16));
#4685=DIRECTION('center_axis',(-5.9806689027172E-15,1.87590756863345E-15,
1.));
#4686=DIRECTION('ref_axis',(0.572832985358631,-0.819672111813693,5.19362057483902E-15));
#4687=DIRECTION('center_axis',(-5.9806689027172E-15,1.87590756863345E-15,
1.));
#4688=DIRECTION('ref_axis',(-0.572832930028733,0.819672150481335,-5.19362032612241E-15));
#4689=DIRECTION('center_axis',(5.99520433297585E-15,-2.14643118094197E-15,
-1.));
#4690=DIRECTION('ref_axis',(0.572832985358631,-0.819672111813693,5.19362057483902E-15));
#4691=DIRECTION('center_axis',(-5.9806689027172E-15,1.87590756863345E-15,
1.));
#4692=DIRECTION('ref_axis',(0.572832985358631,-0.819672111813693,5.19362057483902E-15));
#4693=DIRECTION('center_axis',(5.99520433297585E-15,-2.14643118094197E-15,
-1.));
#4694=DIRECTION('ref_axis',(0.52136575468805,-0.853333316962698,4.95731547083639E-15));
#4695=DIRECTION('center_axis',(3.13724215377842E-15,-0.4669069266281,-0.884306463770735));
#4696=DIRECTION('ref_axis',(-6.4797306952514E-15,-0.884306463770735,0.4669069266281));
#4697=DIRECTION('',(5.99520433297584E-15,-2.14643118094197E-15,-1.));
#4698=DIRECTION('center_axis',(-2.48949386158528E-15,0.54659466613835,0.837397319645284));
#4699=DIRECTION('ref_axis',(-7.00372317952791E-15,-0.837397319645284,0.54659466613835));
#4700=DIRECTION('center_axis',(5.9806689027172E-15,-1.87590756863345E-15,
-1.));
#4701=DIRECTION('ref_axis',(0.52136575468805,-0.853333316962698,4.71889038386191E-15));
#4702=DIRECTION('',(-5.99520433297584E-15,2.14643118094197E-15,1.));
#4703=DIRECTION('',(-5.99520433297584E-15,2.14643118094197E-15,1.));
#4704=DIRECTION('',(-5.99520433297584E-15,2.14643118094197E-15,1.));
#4705=DIRECTION('center_axis',(5.99520433297585E-15,-2.14643118094197E-15,
-1.));
#4706=DIRECTION('ref_axis',(-0.572832930028733,0.819672150481335,-5.19362032612241E-15));
#4707=DIRECTION('center_axis',(-5.9806689027172E-15,1.87590756863345E-15,
1.));
#4708=DIRECTION('ref_axis',(-0.572832930028733,0.819672150481335,-5.19362032612241E-15));
#4709=DIRECTION('center_axis',(-5.9806689027172E-15,1.87590756863345E-15,
1.));
#4710=DIRECTION('ref_axis',(1.,1.45025202613324E-29,5.9806689027172E-15));
#4711=DIRECTION('',(-1.,4.54282983930471E-15,-5.93813749371651E-15));
#4712=DIRECTION('center_axis',(6.06170207928497E-15,-2.00853679637162E-15,
-1.));
#4713=DIRECTION('ref_axis',(-0.521365701099622,0.853333349703913,-4.8743149868748E-15));
#4714=DIRECTION('',(0.,-1.,-2.22044604925031E-16));
#4715=DIRECTION('center_axis',(1.,-2.42970812582437E-15,6.17890135284795E-15));
#4716=DIRECTION('ref_axis',(5.2948182096655E-15,0.853333349703913,-0.521365701099622));
#4717=DIRECTION('',(1.,-2.42970812582437E-15,6.17890135284795E-15));
#4718=DIRECTION('',(1.,-2.42970812582437E-15,6.17890135284795E-15));
#4719=DIRECTION('',(1.,-2.42970812582437E-15,6.17890135284795E-15));
#4720=DIRECTION('center_axis',(5.99520433297585E-15,-2.14643118094197E-15,
-1.));
#4721=DIRECTION('ref_axis',(-0.521365701099622,0.853333349703913,-4.95731521983958E-15));
#4722=DIRECTION('',(5.99520433297585E-15,-2.14643118094197E-15,-1.));
#4723=DIRECTION('center_axis',(2.48949386158528E-15,-0.54659466613835,-0.837397319645284));
#4724=DIRECTION('ref_axis',(7.18966300882408E-15,0.837397319645284,-0.54659466613835));
#4725=DIRECTION('',(-5.99520433297585E-15,2.14643118094197E-15,1.));
#4726=DIRECTION('',(5.99520433297585E-15,-2.14643118094197E-15,-1.));
#4727=DIRECTION('',(5.99520433297585E-15,-2.14643118094197E-15,-1.));
#4728=DIRECTION('center_axis',(0.,-1.,-2.22044604925031E-16));
#4729=DIRECTION('ref_axis',(-1.,0.,0.));
#4730=DIRECTION('',(0.,-1.,-2.22044604925031E-16));
#4731=DIRECTION('center_axis',(-3.20440841617303E-15,1.,-2.14643118094199E-15));
#4732=DIRECTION('ref_axis',(-1.,0.,0.));
#4733=DIRECTION('center_axis',(0.,-1.,-2.22044604925031E-16));
#4734=DIRECTION('ref_axis',(-1.,0.,0.));
#4735=DIRECTION('',(0.,-1.,-2.22044604925031E-16));
#4736=DIRECTION('center_axis',(-3.20440841617303E-15,1.,-2.14643118094199E-15));
#4737=DIRECTION('ref_axis',(-1.,0.,0.));
#4738=DIRECTION('center_axis',(0.,-1.,-2.22044604925031E-16));
#4739=DIRECTION('ref_axis',(-1.,0.,0.));
#4740=DIRECTION('',(0.,-1.,-2.22044604925031E-16));
#4741=DIRECTION('center_axis',(-3.20440841617303E-15,1.,-2.14643118094199E-15));
#4742=DIRECTION('ref_axis',(-1.,0.,0.));
#4743=DIRECTION('center_axis',(-3.20440841617303E-15,1.,-2.14643118094199E-15));
#4744=DIRECTION('ref_axis',(-1.,0.,0.));
#4745=DIRECTION('center_axis',(0.,-1.,-2.22044604925031E-16));
#4746=DIRECTION('ref_axis',(-1.,0.,0.));
#4747=DIRECTION('',(0.,-1.,-2.22044604925031E-16));
#4748=DIRECTION('center_axis',(2.36847578586702E-15,1.,-2.982363811248E-15));
#4749=DIRECTION('ref_axis',(-1.,0.,0.));
#4750=DIRECTION('center_axis',(0.,-1.,-2.22044604925031E-16));
#4751=DIRECTION('ref_axis',(-1.,0.,0.));
#4752=DIRECTION('',(0.,-1.,-2.22044604925031E-16));
#4753=DIRECTION('center_axis',(2.36847578586702E-15,1.,-2.982363811248E-15));
#4754=DIRECTION('ref_axis',(-1.,0.,0.));
#4755=DIRECTION('center_axis',(0.,-1.,-2.22044604925031E-16));
#4756=DIRECTION('ref_axis',(-1.,0.,0.));
#4757=DIRECTION('',(0.,-1.,-2.22044604925031E-16));
#4758=DIRECTION('center_axis',(2.36847578586702E-15,1.,-2.982363811248E-15));
#4759=DIRECTION('ref_axis',(-1.,0.,0.));
#4760=DIRECTION('center_axis',(0.,-1.,-2.22044604925031E-16));
#4761=DIRECTION('ref_axis',(-1.,0.,0.));
#4762=DIRECTION('',(0.,-1.,-2.22044604925031E-16));
#4763=DIRECTION('center_axis',(2.36847578586702E-15,1.,-2.982363811248E-15));
#4764=DIRECTION('ref_axis',(-1.,0.,0.));
#4765=DIRECTION('center_axis',(0.,-1.,-2.22044604925031E-16));
#4766=DIRECTION('ref_axis',(-1.,0.,0.));
#4767=DIRECTION('',(0.,-1.,-2.22044604925031E-16));
#4768=DIRECTION('center_axis',(2.36847578586702E-15,1.,-2.982363811248E-15));
#4769=DIRECTION('ref_axis',(-1.,0.,0.));
#4770=DIRECTION('center_axis',(0.,-1.,-2.22044604925031E-16));
#4771=DIRECTION('ref_axis',(-1.,0.,0.));
#4772=DIRECTION('',(0.,-1.,-2.22044604925031E-16));
#4773=DIRECTION('center_axis',(2.36847578586702E-15,1.,-2.982363811248E-15));
#4774=DIRECTION('ref_axis',(-1.,0.,0.));
#4775=DIRECTION('center_axis',(2.36847578586702E-15,1.,-2.982363811248E-15));
#4776=DIRECTION('ref_axis',(-1.,0.,0.));
#4777=DIRECTION('center_axis',(0.,-1.,-2.22044604925031E-16));
#4778=DIRECTION('ref_axis',(-1.,0.,0.));
#4779=DIRECTION('',(0.,-1.,-2.22044604925031E-16));
#4780=DIRECTION('center_axis',(-3.20440841617303E-15,1.,-2.14643118094199E-15));
#4781=DIRECTION('ref_axis',(-1.,0.,0.));
#4782=DIRECTION('center_axis',(0.,-1.,-2.22044604925031E-16));
#4783=DIRECTION('ref_axis',(-1.,0.,0.));
#4784=DIRECTION('',(0.,-1.,-2.22044604925031E-16));
#4785=DIRECTION('center_axis',(-3.20440841617303E-15,1.,-2.14643118094199E-15));
#4786=DIRECTION('ref_axis',(-1.,0.,0.));
#4787=DIRECTION('center_axis',(0.,-1.,-2.22044604925031E-16));
#4788=DIRECTION('ref_axis',(-1.,0.,0.));
#4789=DIRECTION('',(0.,-1.,-2.22044604925031E-16));
#4790=DIRECTION('center_axis',(-3.20440841617303E-15,1.,-2.14643118094199E-15));
#4791=DIRECTION('ref_axis',(-1.,0.,0.));
#4792=DIRECTION('center_axis',(0.,-1.,-2.22044604925031E-16));
#4793=DIRECTION('ref_axis',(-1.,0.,0.));
#4794=DIRECTION('',(0.,-1.,-2.22044604925031E-16));
#4795=DIRECTION('center_axis',(-3.20440841617303E-15,1.,-2.14643118094199E-15));
#4796=DIRECTION('ref_axis',(-1.,0.,0.));
#4797=DIRECTION('center_axis',(0.,-1.,-2.22044604925031E-16));
#4798=DIRECTION('ref_axis',(-1.,0.,0.));
#4799=DIRECTION('',(0.,-1.,-2.22044604925031E-16));
#4800=DIRECTION('center_axis',(-3.20440841617303E-15,1.,-2.14643118094199E-15));
#4801=DIRECTION('ref_axis',(-1.,0.,0.));
#4802=DIRECTION('center_axis',(0.,-1.,-2.22044604925031E-16));
#4803=DIRECTION('ref_axis',(-1.,0.,0.));
#4804=DIRECTION('',(0.,-1.,-2.22044604925031E-16));
#4805=DIRECTION('center_axis',(-3.20440841617303E-15,1.,-2.14643118094199E-15));
#4806=DIRECTION('ref_axis',(-1.,0.,0.));
#4807=DIRECTION('center_axis',(-3.20440841617303E-15,1.,-2.14643118094199E-15));
#4808=DIRECTION('ref_axis',(-1.,0.,0.));
#4809=DIRECTION('center_axis',(0.,-1.,-2.22044604925031E-16));
#4810=DIRECTION('ref_axis',(-1.,0.,0.));
#4811=DIRECTION('',(0.,-1.,-2.22044604925031E-16));
#4812=DIRECTION('center_axis',(2.36847578586702E-15,1.,-2.982363811248E-15));
#4813=DIRECTION('ref_axis',(-1.,0.,0.));
#4814=DIRECTION('center_axis',(0.,-1.,-2.22044604925031E-16));
#4815=DIRECTION('ref_axis',(-1.,0.,0.));
#4816=DIRECTION('',(0.,-1.,-2.22044604925031E-16));
#4817=DIRECTION('center_axis',(2.36847578586702E-15,1.,-2.982363811248E-15));
#4818=DIRECTION('ref_axis',(-1.,0.,0.));
#4819=DIRECTION('center_axis',(0.,-1.,-2.22044604925031E-16));
#4820=DIRECTION('ref_axis',(-1.,0.,0.));
#4821=DIRECTION('',(0.,-1.,-2.22044604925031E-16));
#4822=DIRECTION('center_axis',(2.36847578586702E-15,1.,-2.982363811248E-15));
#4823=DIRECTION('ref_axis',(-1.,0.,0.));
#4824=DIRECTION('center_axis',(2.36847578586702E-15,1.,-2.982363811248E-15));
#4825=DIRECTION('ref_axis',(-1.,0.,0.));
#4826=DIRECTION('center_axis',(0.,-1.,-2.22044604925031E-16));
#4827=DIRECTION('ref_axis',(-1.,0.,0.));
#4828=DIRECTION('',(0.,-1.,-2.22044604925031E-16));
#4829=DIRECTION('center_axis',(-3.20440841617303E-15,1.,-2.14643118094199E-15));
#4830=DIRECTION('ref_axis',(-1.,0.,0.));
#4831=DIRECTION('center_axis',(0.,-1.,-2.22044604925031E-16));
#4832=DIRECTION('ref_axis',(-1.,0.,0.));
#4833=DIRECTION('',(0.,-1.,-2.22044604925031E-16));
#4834=DIRECTION('center_axis',(-3.20440841617303E-15,1.,-2.14643118094199E-15));
#4835=DIRECTION('ref_axis',(-1.,0.,0.));
#4836=DIRECTION('center_axis',(0.,-1.,-2.22044604925031E-16));
#4837=DIRECTION('ref_axis',(-1.,0.,0.));
#4838=DIRECTION('',(0.,-1.,-2.22044604925031E-16));
#4839=DIRECTION('center_axis',(2.36847578586702E-15,1.,-2.982363811248E-15));
#4840=DIRECTION('ref_axis',(-1.,0.,0.));
#4841=DIRECTION('center_axis',(2.36847578586702E-15,1.,-2.982363811248E-15));
#4842=DIRECTION('ref_axis',(-1.,0.,0.));
#4843=DIRECTION('center_axis',(0.,-1.,-2.22044604925031E-16));
#4844=DIRECTION('ref_axis',(-1.,0.,0.));
#4845=DIRECTION('',(0.,-1.,-2.22044604925031E-16));
#4846=DIRECTION('center_axis',(2.36847578586702E-15,1.,-2.982363811248E-15));
#4847=DIRECTION('ref_axis',(-1.,0.,0.));
#4848=DIRECTION('center_axis',(0.,-1.,-2.22044604925031E-16));
#4849=DIRECTION('ref_axis',(-1.,0.,0.));
#4850=DIRECTION('',(0.,-1.,-2.22044604925031E-16));
#4851=DIRECTION('center_axis',(2.36847578586702E-15,1.,-2.982363811248E-15));
#4852=DIRECTION('ref_axis',(-1.,0.,0.));
#4853=DIRECTION('center_axis',(0.,-1.,-2.22044604925031E-16));
#4854=DIRECTION('ref_axis',(-1.,0.,0.));
#4855=DIRECTION('',(0.,-1.,-2.22044604925031E-16));
#4856=DIRECTION('center_axis',(2.36847578586702E-15,1.,-2.982363811248E-15));
#4857=DIRECTION('ref_axis',(-1.,0.,0.));
#4858=DIRECTION('center_axis',(2.36847578586702E-15,1.,-2.982363811248E-15));
#4859=DIRECTION('ref_axis',(-1.,0.,0.));
#4860=DIRECTION('center_axis',(0.,-1.,-2.22044604925031E-16));
#4861=DIRECTION('ref_axis',(-1.,0.,0.));
#4862=DIRECTION('',(0.,-1.,-2.22044604925031E-16));
#4863=DIRECTION('center_axis',(-3.20440841617303E-15,1.,-2.14643118094199E-15));
#4864=DIRECTION('ref_axis',(-1.,0.,0.));
#4865=DIRECTION('center_axis',(0.,-1.,-2.22044604925031E-16));
#4866=DIRECTION('ref_axis',(-1.,0.,0.));
#4867=DIRECTION('',(0.,-1.,-2.22044604925031E-16));
#4868=DIRECTION('center_axis',(-3.20440841617303E-15,1.,-2.14643118094199E-15));
#4869=DIRECTION('ref_axis',(-1.,0.,0.));
#4870=DIRECTION('center_axis',(0.,-1.,-2.22044604925031E-16));
#4871=DIRECTION('ref_axis',(-1.,0.,0.));
#4872=DIRECTION('',(0.,-1.,-2.22044604925031E-16));
#4873=DIRECTION('center_axis',(-3.20440841617303E-15,1.,-2.14643118094199E-15));
#4874=DIRECTION('ref_axis',(-1.,0.,0.));
#4875=DIRECTION('center_axis',(-0.707106781186548,1.57009245868377E-16,
-0.707106781186547));
#4876=DIRECTION('ref_axis',(0.,-1.,-2.22044604925031E-16));
#4877=DIRECTION('',(-0.707106781186543,-1.07051758546622E-15,0.707106781186552));
#4878=DIRECTION('',(0.,-1.,-2.22044604925031E-16));
#4879=DIRECTION('center_axis',(0.707106781186547,1.57009245868378E-16,-0.707106781186548));
#4880=DIRECTION('ref_axis',(0.,-1.,-2.22044604925031E-16));
#4881=DIRECTION('',(0.707106781186545,4.34084385636129E-16,0.70710678118655));
#4882=DIRECTION('center_axis',(2.36847578586702E-15,1.,-2.982363811248E-15));
#4883=DIRECTION('ref_axis',(1.,-2.36847578586702E-15,-5.25907270147345E-31));
#4884=DIRECTION('center_axis',(0.,-0.821526057966428,-0.570170970922005));
#4885=DIRECTION('ref_axis',(3.37676481071985E-17,0.570170970922005,-0.821526057966428));
#4886=DIRECTION('',(-2.78028262142016E-17,0.570170970922005,-0.821526057966428));
#4887=DIRECTION('',(1.,-3.88638759026306E-15,5.59966894069605E-15));
#4888=DIRECTION('',(3.37676481071985E-17,0.570170970922005,-0.821526057966428));
#4889=DIRECTION('',(1.,0.,0.));
#4890=DIRECTION('center_axis',(-0.707106781186544,-0.580906646509517,-0.40317175997467));
#4891=DIRECTION('ref_axis',(-0.634784400361988,0.772689306938482,1.71571491888951E-16));
#4892=DIRECTION('',(0.418103553447183,-0.803303436123334,0.424137958814445));
#4893=DIRECTION('center_axis',(0.707106781186544,0.580906646509517,0.40317175997467));
#4894=DIRECTION('ref_axis',(0.707106781186555,-0.580906646509494,-0.403171759974683));
#4895=DIRECTION('',(2.78028262142016E-17,-0.570170970922005,0.821526057966428));
#4896=DIRECTION('center_axis',(-0.707106781186547,-1.57009245868378E-16,
0.707106781186548));
#4897=DIRECTION('ref_axis',(0.,-1.,-2.22044604925031E-16));
#4898=DIRECTION('',(0.707106781186552,-1.07051758546621E-15,0.707106781186543));
#4899=DIRECTION('',(0.,1.,2.22044604925031E-16));
#4900=DIRECTION('center_axis',(0.707106781186548,-1.57009245868377E-16,
0.707106781186547));
#4901=DIRECTION('ref_axis',(0.,1.,2.22044604925031E-16));
#4902=DIRECTION('',(-0.707106781186546,-7.4810287737286E-16,0.707106781186549));
#4903=DIRECTION('',(0.,1.,2.22044604925031E-16));
#4904=DIRECTION('center_axis',(-1.,0.,0.));
#4905=DIRECTION('ref_axis',(0.,-1.,-2.22044604925031E-16));
#4906=DIRECTION('',(0.,-2.22044604925031E-16,1.));
#4907=DIRECTION('',(0.,-1.,-2.22044604925031E-16));
#4908=DIRECTION('center_axis',(1.,0.,0.));
#4909=DIRECTION('ref_axis',(0.,1.,2.22044604925031E-16));
#4910=DIRECTION('',(0.,-2.22044604925031E-16,1.));
#4911=DIRECTION('center_axis',(0.,-1.,-2.22044604925031E-16));
#4912=DIRECTION('ref_axis',(-1.,0.,0.));
#4913=DIRECTION('',(0.,-1.,-2.22044604925031E-16));
#4914=DIRECTION('center_axis',(-3.20440841617303E-15,1.,-2.14643118094199E-15));
#4915=DIRECTION('ref_axis',(-1.,0.,0.));
#4916=DIRECTION('center_axis',(0.,-1.,-2.22044604925031E-16));
#4917=DIRECTION('ref_axis',(-1.,0.,0.));
#4918=DIRECTION('',(0.,-1.,-2.22044604925031E-16));
#4919=DIRECTION('center_axis',(-3.20440841617303E-15,1.,-2.14643118094199E-15));
#4920=DIRECTION('ref_axis',(-1.,0.,0.));
#4921=DIRECTION('center_axis',(0.,-1.,-2.22044604925031E-16));
#4922=DIRECTION('ref_axis',(-1.,0.,0.));
#4923=DIRECTION('',(0.,-1.,-2.22044604925031E-16));
#4924=DIRECTION('center_axis',(-3.20440841617303E-15,1.,-2.14643118094199E-15));
#4925=DIRECTION('ref_axis',(-1.,0.,0.));
#4926=DIRECTION('center_axis',(0.,-1.,-2.22044604925031E-16));
#4927=DIRECTION('ref_axis',(-1.,0.,0.));
#4928=DIRECTION('',(0.,-1.,-2.22044604925031E-16));
#4929=DIRECTION('center_axis',(-3.20440841617303E-15,1.,-2.14643118094199E-15));
#4930=DIRECTION('ref_axis',(-1.,0.,0.));
#4931=DIRECTION('center_axis',(0.,-1.,-2.22044604925031E-16));
#4932=DIRECTION('ref_axis',(-1.,0.,0.));
#4933=DIRECTION('',(0.,-1.,-2.22044604925031E-16));
#4934=DIRECTION('center_axis',(-3.20440841617303E-15,1.,-2.14643118094199E-15));
#4935=DIRECTION('ref_axis',(-1.,0.,0.));
#4936=DIRECTION('center_axis',(0.,-1.,-2.22044604925031E-16));
#4937=DIRECTION('ref_axis',(-1.,0.,0.));
#4938=DIRECTION('',(0.,-1.,-2.22044604925031E-16));
#4939=DIRECTION('center_axis',(-3.20440841617303E-15,1.,-2.14643118094199E-15));
#4940=DIRECTION('ref_axis',(-1.,0.,0.));
#4941=DIRECTION('center_axis',(0.,-1.,-2.22044604925031E-16));
#4942=DIRECTION('ref_axis',(-1.,0.,0.));
#4943=DIRECTION('',(0.,-1.,-2.22044604925031E-16));
#4944=DIRECTION('center_axis',(-3.20440841617303E-15,1.,-2.14643118094199E-15));
#4945=DIRECTION('ref_axis',(-1.,0.,0.));
#4946=DIRECTION('center_axis',(0.,-1.,-2.22044604925031E-16));
#4947=DIRECTION('ref_axis',(-1.,0.,0.));
#4948=DIRECTION('',(0.,-1.,-2.22044604925031E-16));
#4949=DIRECTION('center_axis',(-3.20440841617303E-15,1.,-2.14643118094199E-15));
#4950=DIRECTION('ref_axis',(-1.,0.,0.));
#4951=DIRECTION('center_axis',(0.,-1.,-2.22044604925031E-16));
#4952=DIRECTION('ref_axis',(-1.,0.,0.));
#4953=DIRECTION('',(0.,-1.,-2.22044604925031E-16));
#4954=DIRECTION('center_axis',(-3.20440841617303E-15,1.,-2.14643118094199E-15));
#4955=DIRECTION('ref_axis',(-1.,0.,0.));
#4956=DIRECTION('center_axis',(0.,-1.,-2.22044604925031E-16));
#4957=DIRECTION('ref_axis',(-1.,0.,0.));
#4958=DIRECTION('',(0.,-1.,-2.22044604925031E-16));
#4959=DIRECTION('center_axis',(-3.20440841617303E-15,1.,-2.14643118094199E-15));
#4960=DIRECTION('ref_axis',(-1.,0.,0.));
#4961=DIRECTION('center_axis',(0.,-1.,-2.22044604925031E-16));
#4962=DIRECTION('ref_axis',(-1.,0.,0.));
#4963=DIRECTION('',(0.,-1.,-2.22044604925031E-16));
#4964=DIRECTION('center_axis',(-3.20440841617303E-15,1.,-2.14643118094199E-15));
#4965=DIRECTION('ref_axis',(-1.,0.,0.));
#4966=DIRECTION('center_axis',(0.,-1.,-2.22044604925031E-16));
#4967=DIRECTION('ref_axis',(-1.,0.,0.));
#4968=DIRECTION('',(0.,-1.,-2.22044604925031E-16));
#4969=DIRECTION('center_axis',(-3.20440841617303E-15,1.,-2.14643118094199E-15));
#4970=DIRECTION('ref_axis',(-1.,0.,0.));
#4971=DIRECTION('center_axis',(0.,-1.,-2.22044604925031E-16));
#4972=DIRECTION('ref_axis',(-1.,0.,0.));
#4973=DIRECTION('',(0.,-1.,-2.22044604925031E-16));
#4974=DIRECTION('center_axis',(-3.20440841617303E-15,1.,-2.14643118094199E-15));
#4975=DIRECTION('ref_axis',(-1.,0.,0.));
#4976=DIRECTION('center_axis',(0.,-1.,-2.22044604925031E-16));
#4977=DIRECTION('ref_axis',(-1.,0.,0.));
#4978=DIRECTION('',(0.,-1.,-2.22044604925031E-16));
#4979=DIRECTION('center_axis',(-3.20440841617303E-15,1.,-2.14643118094199E-15));
#4980=DIRECTION('ref_axis',(-1.,0.,0.));
#4981=DIRECTION('center_axis',(0.,-1.,-2.22044604925031E-16));
#4982=DIRECTION('ref_axis',(-1.,0.,0.));
#4983=DIRECTION('',(0.,-1.,-2.22044604925031E-16));
#4984=DIRECTION('center_axis',(-3.20440841617303E-15,1.,-2.14643118094199E-15));
#4985=DIRECTION('ref_axis',(-1.,0.,0.));
#4986=DIRECTION('center_axis',(0.,-1.,-2.22044604925031E-16));
#4987=DIRECTION('ref_axis',(-1.,0.,0.));
#4988=DIRECTION('',(0.,-1.,-2.22044604925031E-16));
#4989=DIRECTION('center_axis',(-3.20440841617303E-15,1.,-2.14643118094199E-15));
#4990=DIRECTION('ref_axis',(-1.,0.,0.));
#4991=DIRECTION('center_axis',(0.,-1.,-2.22044604925031E-16));
#4992=DIRECTION('ref_axis',(-1.,0.,0.));
#4993=DIRECTION('',(0.,-1.,-2.22044604925031E-16));
#4994=DIRECTION('center_axis',(-3.20440841617303E-15,1.,-2.14643118094199E-15));
#4995=DIRECTION('ref_axis',(-1.,0.,0.));
#4996=DIRECTION('center_axis',(0.,-1.,-2.22044604925031E-16));
#4997=DIRECTION('ref_axis',(-1.,0.,0.));
#4998=DIRECTION('',(0.,-1.,-2.22044604925031E-16));
#4999=DIRECTION('center_axis',(-3.20440841617303E-15,1.,-2.14643118094199E-15));
#5000=DIRECTION('ref_axis',(-1.,0.,0.));
#5001=DIRECTION('center_axis',(0.,-1.,-2.22044604925031E-16));
#5002=DIRECTION('ref_axis',(-1.,0.,0.));
#5003=DIRECTION('',(0.,-1.,-2.22044604925031E-16));
#5004=DIRECTION('center_axis',(-3.20440841617303E-15,1.,-2.14643118094199E-15));
#5005=DIRECTION('ref_axis',(-1.,0.,0.));
#5006=DIRECTION('center_axis',(0.,-1.,-2.22044604925031E-16));
#5007=DIRECTION('ref_axis',(-1.,0.,0.));
#5008=DIRECTION('',(0.,-1.,-2.22044604925031E-16));
#5009=DIRECTION('center_axis',(-3.20440841617303E-15,1.,-2.14643118094199E-15));
#5010=DIRECTION('ref_axis',(-1.,0.,0.));
#5011=DIRECTION('center_axis',(0.,-1.,-2.22044604925031E-16));
#5012=DIRECTION('ref_axis',(-1.,0.,0.));
#5013=DIRECTION('',(0.,-1.,-2.22044604925031E-16));
#5014=DIRECTION('center_axis',(-3.20440841617303E-15,1.,-2.14643118094199E-15));
#5015=DIRECTION('ref_axis',(-1.,0.,0.));
#5016=DIRECTION('center_axis',(0.,-1.,-2.22044604925031E-16));
#5017=DIRECTION('ref_axis',(-1.,0.,0.));
#5018=DIRECTION('',(0.,-1.,-2.22044604925031E-16));
#5019=DIRECTION('center_axis',(-3.20440841617303E-15,1.,-2.14643118094199E-15));
#5020=DIRECTION('ref_axis',(-1.,0.,0.));
#5021=DIRECTION('center_axis',(0.,-1.,-2.22044604925031E-16));
#5022=DIRECTION('ref_axis',(-1.,0.,0.));
#5023=DIRECTION('',(0.,-1.,-2.22044604925031E-16));
#5024=DIRECTION('center_axis',(-3.20440841617303E-15,1.,-2.14643118094199E-15));
#5025=DIRECTION('ref_axis',(-1.,0.,0.));
#5026=DIRECTION('center_axis',(0.,-1.,-2.22044604925031E-16));
#5027=DIRECTION('ref_axis',(-1.,0.,0.));
#5028=DIRECTION('',(0.,-1.,-2.22044604925031E-16));
#5029=DIRECTION('center_axis',(-3.20440841617303E-15,1.,-2.14643118094199E-15));
#5030=DIRECTION('ref_axis',(-1.,0.,0.));
#5031=DIRECTION('center_axis',(0.,-1.,-2.22044604925031E-16));
#5032=DIRECTION('ref_axis',(-1.,-7.35333439852721E-48,3.31164740571378E-32));
#5033=DIRECTION('',(-4.44089209850063E-15,2.22044604925031E-16,-1.));
#5034=DIRECTION('',(0.,-2.22044604925031E-16,1.));
#5035=DIRECTION('',(-1.,-7.35333439852721E-48,3.31164740571378E-32));
#5036=DIRECTION('',(-0.422618261740699,-2.01240754513032E-16,0.90630778703665));
#5037=DIRECTION('center_axis',(0.90630778703665,-3.45391048103414E-16,0.422618261740699));
#5038=DIRECTION('ref_axis',(-2.77555756156075E-16,-1.,-2.22044604925031E-16));
#5039=DIRECTION('',(2.77555756156075E-16,1.,2.22044604925031E-16));
#5040=DIRECTION('center_axis',(-0.90630778703665,3.45391048103414E-16,-0.422618261740699));
#5041=DIRECTION('ref_axis',(-0.422618261740699,-2.01240754513032E-16,0.90630778703665));
#5042=DIRECTION('',(2.77555756156075E-16,1.,2.22044604925031E-16));
#5043=DIRECTION('',(0.422618261740699,-7.84838942600829E-15,-0.90630778703665));
#5044=DIRECTION('center_axis',(0.,2.22044604925031E-16,-1.));
#5045=DIRECTION('ref_axis',(-1.,0.,0.));
#5046=DIRECTION('center_axis',(1.28359257925707E-43,2.22044604925031E-16,
-1.));
#5047=DIRECTION('ref_axis',(1.,0.,0.));
#5048=DIRECTION('',(0.,-2.22044604925031E-16,1.));
#5049=DIRECTION('center_axis',(1.28359257925707E-43,2.22044604925031E-16,
-1.));
#5050=DIRECTION('ref_axis',(1.,0.,0.));
#5051=DIRECTION('center_axis',(3.31164740571371E-32,-2.22044604925031E-16,
1.));
#5052=DIRECTION('ref_axis',(1.,7.35333439852705E-48,-3.31164740571371E-32));
#5053=DIRECTION('',(0.,1.,2.22044604925031E-16));
#5054=DIRECTION('',(0.707106781186552,0.707106781186543,1.57009245868377E-16));
#5055=DIRECTION('',(0.,-1.,-2.22044604925031E-16));
#5056=DIRECTION('',(1.,-5.93969318174459E-15,-1.35199329997352E-30));
#5057=DIRECTION('',(-2.77555756156075E-16,-1.,-2.22044604925031E-16));
#5058=DIRECTION('',(0.707106781186552,0.707106781186543,1.57009245868377E-16));
#5059=DIRECTION('',(1.,0.,0.));
#5060=DIRECTION('center_axis',(0.,1.,-8.65973959207625E-15));
#5061=DIRECTION('ref_axis',(1.,0.,0.));
#5062=DIRECTION('',(0.,2.22044604925031E-16,-1.));
#5063=DIRECTION('',(-0.681012642078884,6.3412818702309E-15,0.732271658149309));
#5064=DIRECTION('',(0.681012642078855,6.34128187023113E-15,0.732271658149336));
#5065=DIRECTION('',(0.,-8.65973959207625E-15,-1.));
#5066=DIRECTION('center_axis',(-0.707106781186543,0.707106781186552,1.57009245868378E-16));
#5067=DIRECTION('ref_axis',(0.707106781186552,0.707106781186543,1.57009245868377E-16));
#5068=DIRECTION('',(-0.562882224156109,-0.562882224156103,-0.60524970339369));
#5069=DIRECTION('',(0.,2.22044604925031E-16,-1.));
#5070=DIRECTION('center_axis',(-0.707106781186543,0.707106781186552,1.57009245868378E-16));
#5071=DIRECTION('ref_axis',(0.707106781186552,0.707106781186543,1.57009245868377E-16));
#5072=DIRECTION('',(-0.562882224156126,-0.562882224156119,0.60524970339366));
#5073=DIRECTION('center_axis',(-0.732271658149336,-1.51215183059351E-16,
0.681012642078855));
#5074=DIRECTION('ref_axis',(-2.90000566960772E-46,1.,2.22044604925031E-16));
#5075=DIRECTION('',(0.,1.,2.22044604925031E-16));
#5076=DIRECTION('center_axis',(0.732271658149309,-3.54461396848652E-16,
0.681012642078884));
#5077=DIRECTION('ref_axis',(-2.77555756156075E-16,-1.,-2.22044604925031E-16));
#5078=DIRECTION('center_axis',(-1.,0.,0.));
#5079=DIRECTION('ref_axis',(0.,1.,2.22044604925031E-16));
#5080=DIRECTION('center_axis',(0.,1.,2.22044604925031E-16));
#5081=DIRECTION('ref_axis',(1.,-7.35333439852721E-48,3.31164740571378E-32));
#5082=DIRECTION('',(0.,2.22044604925031E-16,-1.));
#5083=DIRECTION('',(0.422618261740699,-2.01240754513032E-16,0.90630778703665));
#5084=DIRECTION('',(1.,-7.35333439852721E-48,3.31164740571378E-32));
#5085=DIRECTION('',(0.,-2.22044604925031E-16,1.));
#5086=DIRECTION('center_axis',(1.,2.77555756156076E-16,-4.44089209850063E-15));
#5087=DIRECTION('ref_axis',(-2.77555756156099E-16,1.,-5.12090370108354E-15));
#5088=DIRECTION('',(0.,2.22044604925031E-16,-1.));
#5089=DIRECTION('',(2.77555756156075E-16,-1.,-2.22044604925031E-16));
#5090=DIRECTION('',(-4.44089209850063E-15,2.22044604925031E-16,-1.));
#5091=DIRECTION('center_axis',(0.90630778703665,3.45391048103414E-16,-0.422618261740699));
#5092=DIRECTION('ref_axis',(2.77555756156075E-16,-1.,-2.22044604925031E-16));
#5093=DIRECTION('',(-0.422618261740699,2.01240754513032E-16,-0.90630778703665));
#5094=DIRECTION('',(-0.422618261740699,-7.84838942600829E-15,-0.90630778703665));
#5095=DIRECTION('',(-2.77555756156075E-16,1.,2.22044604925031E-16));
#5096=DIRECTION('center_axis',(-0.90630778703665,-3.45391048103414E-16,
0.422618261740699));
#5097=DIRECTION('ref_axis',(0.422618261740699,-2.01240754513032E-16,0.90630778703665));
#5098=DIRECTION('',(-2.77555756156075E-16,1.,2.22044604925031E-16));
#5099=DIRECTION('center_axis',(0.,-2.22044604925031E-16,1.));
#5100=DIRECTION('ref_axis',(1.,0.,0.));
#5101=DIRECTION('center_axis',(1.28359257925707E-43,-2.22044604925031E-16,
1.));
#5102=DIRECTION('ref_axis',(-1.,0.,0.));
#5103=DIRECTION('',(0.,-2.22044604925031E-16,1.));
#5104=DIRECTION('center_axis',(1.28359257925707E-43,-2.22044604925031E-16,
1.));
#5105=DIRECTION('ref_axis',(-1.,0.,0.));
#5106=DIRECTION('center_axis',(3.31164740571371E-32,2.22044604925031E-16,
-1.));
#5107=DIRECTION('ref_axis',(-1.,7.35333439852705E-48,-3.31164740571371E-32));
#5108=DIRECTION('',(-1.,0.,0.));
#5109=DIRECTION('',(-0.707106781186552,0.707106781186543,1.57009245868377E-16));
#5110=DIRECTION('',(-2.77555756156075E-16,1.,2.22044604925031E-16));
#5111=DIRECTION('',(-1.,-5.93969318174459E-15,-1.35199329997352E-30));
#5112=DIRECTION('',(0.,-1.,-2.22044604925031E-16));
#5113=DIRECTION('',(-0.707106781186552,0.707106781186543,1.57009245868377E-16));
#5114=DIRECTION('',(0.,1.,2.22044604925031E-16));
#5115=DIRECTION('center_axis',(0.,-1.,8.65973959207625E-15));
#5116=DIRECTION('ref_axis',(-1.,0.,0.));
#5117=DIRECTION('',(0.,-8.65973959207625E-15,-1.));
#5118=DIRECTION('',(-0.681012642078855,6.34128187023113E-15,0.732271658149336));
#5119=DIRECTION('',(-0.681012642078884,-6.3412818702309E-15,-0.732271658149309));
#5120=DIRECTION('',(0.,2.22044604925031E-16,-1.));
#5121=DIRECTION('center_axis',(-0.707106781186543,-0.707106781186552,-1.57009245868378E-16));
#5122=DIRECTION('ref_axis',(-0.707106781186552,0.707106781186543,1.57009245868377E-16));
#5123=DIRECTION('',(0.562882224156109,-0.562882224156103,-0.60524970339369));
#5124=DIRECTION('',(0.,2.22044604925031E-16,-1.));
#5125=DIRECTION('center_axis',(-0.707106781186543,-0.707106781186552,-1.57009245868378E-16));
#5126=DIRECTION('ref_axis',(-0.707106781186552,0.707106781186543,1.57009245868377E-16));
#5127=DIRECTION('',(-0.562882224156126,0.562882224156119,-0.60524970339366));
#5128=DIRECTION('center_axis',(-0.732271658149336,1.51215183059351E-16,
-0.681012642078855));
#5129=DIRECTION('ref_axis',(2.90000566960772E-46,1.,2.22044604925031E-16));
#5130=DIRECTION('',(0.,1.,2.22044604925031E-16));
#5131=DIRECTION('center_axis',(0.732271658149309,3.54461396848652E-16,-0.681012642078884));
#5132=DIRECTION('ref_axis',(2.77555756156075E-16,-1.,-2.22044604925031E-16));
#5133=DIRECTION('center_axis',(0.,1.,2.22044604925031E-16));
#5134=DIRECTION('ref_axis',(1.,0.,0.));
#5135=DIRECTION('center_axis',(-3.20440841617303E-15,1.,-2.14643118094199E-15));
#5136=DIRECTION('ref_axis',(6.12323399573677E-17,-2.14643118094199E-15,
-1.));
#5137=DIRECTION('',(4.44089209850063E-15,2.146431180942E-15,1.));
#5138=DIRECTION('',(0.,2.14643118094199E-15,1.));
#5139=DIRECTION('',(1.,2.36847578586702E-15,5.25907270147345E-31));
#5140=DIRECTION('',(0.707106781186549,-7.48102877372859E-16,0.707106781186546));
#5141=DIRECTION('',(-0.707106781186549,-7.48102877372859E-16,0.707106781186546));
#5142=DIRECTION('',(7.5734080997199E-30,2.14643118094199E-15,1.));
#5143=DIRECTION('',(-1.,-3.20440841617303E-15,-7.11521600787587E-31));
#5144=DIRECTION('center_axis',(-3.20440841617303E-15,1.,-2.14643118094199E-15));
#5145=DIRECTION('ref_axis',(-1.,0.,0.));
#5146=DIRECTION('center_axis',(0.,-2.22044604925031E-16,1.));
#5147=DIRECTION('ref_axis',(0.,-1.,-2.22044604925031E-16));
#5148=DIRECTION('',(0.,1.,2.22044604925031E-16));
#5149=DIRECTION('',(3.19758730273341E-15,1.,-2.97554269780837E-15));
#5150=DIRECTION('',(0.,-1.,-2.22044604925031E-16));
#5151=DIRECTION('center_axis',(1.,-3.19758730273341E-15,-7.10007009348736E-31));
#5152=DIRECTION('ref_axis',(3.19758730273341E-15,1.,-2.97554269780837E-15));
#5153=DIRECTION('',(3.19758730273341E-15,1.,-2.97554269780837E-15));
#5154=DIRECTION('center_axis',(1.,2.77555756156076E-16,-4.44089209850063E-15));
#5155=DIRECTION('ref_axis',(-2.77555756156099E-16,1.,-5.12090370108354E-15));
#5156=DIRECTION('center_axis',(4.50036833196269E-15,4.85326065050425E-15,
1.));
#5157=DIRECTION('ref_axis',(-1.,2.14309434610338E-28,4.50036833196269E-15));
#5158=DIRECTION('',(4.50036833196269E-15,4.85326065050425E-15,1.));
#5159=DIRECTION('center_axis',(0.,-1.,6.12208696436155E-15));
#5160=DIRECTION('ref_axis',(-1.,0.,0.));
#5161=DIRECTION('',(4.44089209850063E-15,6.12208696436155E-15,1.));
#5162=DIRECTION('center_axis',(-1.,0.,0.));
#5163=DIRECTION('ref_axis',(0.,1.,2.22044604925031E-16));
#5164=DIRECTION('center_axis',(-1.,-2.77555756156076E-16,4.44089209850063E-15));
#5165=DIRECTION('ref_axis',(2.77555756156099E-16,-1.,5.12090370108354E-15));
#5166=DIRECTION('center_axis',(0.,-1.,-2.22044604925031E-16));
#5167=DIRECTION('ref_axis',(-1.,0.,0.));
#5168=DIRECTION('',(0.,-1.,-2.22044604925031E-16));
#5169=DIRECTION('center_axis',(0.707106781186547,1.57009245868378E-16,-0.707106781186548));
#5170=DIRECTION('ref_axis',(0.,1.,2.22044604925031E-16));
#5171=DIRECTION('center_axis',(0.707106781186547,-1.57009245868378E-16,
0.707106781186548));
#5172=DIRECTION('ref_axis',(0.,1.,2.22044604925031E-16));
#5173=DIRECTION('center_axis',(-3.13724215377842E-15,0.4669069266281,0.884306463770735));
#5174=DIRECTION('ref_axis',(-1.,4.53917976344728E-15,-5.94433812473509E-15));
#5175=DIRECTION('',(-7.54964538199796E-31,-0.884306463770735,0.4669069266281));
#5176=DIRECTION('',(-0.663090701191693,-0.661937927753232,0.349498071231966));
#5177=DIRECTION('',(1.,6.71920242527757E-15,1.49196264793207E-30));
#5178=DIRECTION('',(0.663090701191693,-0.661937927753232,0.349498071231969));
#5179=DIRECTION('',(7.41964176630129E-31,-0.884306463770735,0.4669069266281));
#5180=DIRECTION('',(6.61311581859048E-16,-0.884306463770735,0.4669069266281));
#5181=DIRECTION('',(-6.61311581859048E-16,0.884306463770735,-0.4669069266281));
#5182=DIRECTION('center_axis',(1.,-2.82040988710574E-17,-5.34176417484812E-17));
#5183=DIRECTION('ref_axis',(-5.34176417484812E-17,2.22044604925031E-16,
-1.));
#5184=DIRECTION('center_axis',(1.,-2.82040988710574E-17,-5.34176417484812E-17));
#5185=DIRECTION('ref_axis',(0.,2.22044604925031E-16,-1.));
#5186=DIRECTION('',(-5.35106692605347E-17,-0.0033087358799658,-0.999994526118457));
#5187=DIRECTION('center_axis',(-1.,0.,0.));
#5188=DIRECTION('ref_axis',(0.,2.22044604925031E-16,-1.));
#5189=DIRECTION('center_axis',(1.,0.,0.));
#5190=DIRECTION('ref_axis',(0.,2.22044604925031E-16,-1.));
#5191=DIRECTION('',(1.,0.,0.));
#5192=DIRECTION('center_axis',(-1.,0.,0.));
#5193=DIRECTION('ref_axis',(0.,2.22044604925031E-16,-1.));
#5194=DIRECTION('center_axis',(1.,0.,0.));
#5195=DIRECTION('ref_axis',(0.,2.22044604925031E-16,-1.));
#5196=DIRECTION('center_axis',(1.,0.,0.));
#5197=DIRECTION('ref_axis',(0.,2.22044604925031E-16,-1.));
#5198=DIRECTION('',(0.,-0.0033087358799658,-0.999994526118457));
#5199=DIRECTION('',(3.91325197004716E-15,-1.,-2.22044604925031E-16));
#5200=DIRECTION('',(0.,-0.837397319645284,0.54659466613835));
#5201=DIRECTION('',(0.,2.22044604925031E-16,-1.));
#5202=DIRECTION('',(3.91325197004716E-15,-1.,-2.22044604925031E-16));
#5203=DIRECTION('',(0.,2.22044604925031E-16,-1.));
#5204=DIRECTION('',(0.,0.837397319645284,-0.54659466613835));
#5205=DIRECTION('center_axis',(-1.,0.,0.));
#5206=DIRECTION('ref_axis',(0.,2.22044604925031E-16,-1.));
#5207=DIRECTION('center_axis',(1.,0.,0.));
#5208=DIRECTION('ref_axis',(0.,2.22044604925031E-16,-1.));
#5209=DIRECTION('',(-0.888617232654949,-4.56722882415537E-17,0.458649554484315));
#5210=DIRECTION('center_axis',(-1.,0.,0.));
#5211=DIRECTION('ref_axis',(0.,2.22044604925031E-16,-1.));
#5212=DIRECTION('center_axis',(0.707106781186546,-0.70710291056779,0.00233962957787902));
#5213=DIRECTION('ref_axis',(0.707106781186552,0.707102910567784,-0.00233962957788314));
#5214=DIRECTION('center_axis',(-1.,0.,0.));
#5215=DIRECTION('ref_axis',(0.,2.22044604925031E-16,-1.));
#5216=DIRECTION('center_axis',(-1.,0.,0.));
#5217=DIRECTION('ref_axis',(0.,-0.297146339217474,0.954831950182677));
#5218=DIRECTION('center_axis',(1.,0.,0.));
#5219=DIRECTION('ref_axis',(0.,2.22044604925031E-16,-1.));
#5220=DIRECTION('',(1.,0.,0.));
#5221=DIRECTION('center_axis',(-1.,0.,0.));
#5222=DIRECTION('ref_axis',(0.,2.22044604925031E-16,-1.));
#5223=DIRECTION('',(-1.,0.,0.));
#5224=DIRECTION('center_axis',(-1.,0.,0.));
#5225=DIRECTION('ref_axis',(0.,2.22044604925031E-16,-1.));
#5226=DIRECTION('center_axis',(-1.,-3.91325197004715E-15,-5.99520433297584E-15));
#5227=DIRECTION('ref_axis',(5.99520433297585E-15,-2.14643118094197E-15,
-1.));
#5228=DIRECTION('',(0.,-0.837397319645284,0.54659466613835));
#5229=DIRECTION('',(0.,2.22044604925031E-16,-1.));
#5230=DIRECTION('',(-3.91325197004716E-15,1.,2.22044604925031E-16));
#5231=DIRECTION('',(0.,2.22044604925031E-16,-1.));
#5232=DIRECTION('',(0.,0.837397319645284,-0.54659466613835));
#5233=DIRECTION('',(-3.91325197004716E-15,1.,2.22044604925031E-16));
#5234=DIRECTION('',(0.,-0.0033087358799658,-0.999994526118457));
#5235=DIRECTION('center_axis',(-1.,0.,0.));
#5236=DIRECTION('ref_axis',(0.,-0.297146339217474,0.954831950182677));
#5237=DIRECTION('center_axis',(-1.,0.,0.));
#5238=DIRECTION('ref_axis',(0.,2.22044604925031E-16,-1.));
#5239=DIRECTION('',(-1.,0.,0.));
#5240=DIRECTION('center_axis',(-1.,0.,0.));
#5241=DIRECTION('ref_axis',(0.,2.22044604925031E-16,-1.));
#5242=DIRECTION('center_axis',(0.,-0.999994526118457,0.0033087358799658));
#5243=DIRECTION('ref_axis',(0.,0.0033087358799658,0.999994526118457));
#5244=DIRECTION('',(-5.35106692605347E-17,0.0033087358799658,0.999994526118457));
#5245=DIRECTION('',(-1.,0.,0.));
#5246=DIRECTION('center_axis',(1.,2.82040988710574E-17,5.34176417484812E-17));
#5247=DIRECTION('ref_axis',(5.34176417484812E-17,2.22044604925031E-16,-1.));
#5248=DIRECTION('',(5.35106692605347E-17,-0.0033087358799658,-0.999994526118457));
#5249=DIRECTION('center_axis',(1.,2.82040988710574E-17,5.34176417484812E-17));
#5250=DIRECTION('ref_axis',(0.,2.22044604925031E-16,-1.));
#5251=DIRECTION('center_axis',(-0.707106781186546,-0.70710291056779,0.00233962957787902));
#5252=DIRECTION('ref_axis',(-0.707104845869224,0.707108716498574,1.57009675593972E-16));
#5253=DIRECTION('',(0.707104845869224,-0.707108716498574,-7.72362189831181E-17));
#5254=DIRECTION('center_axis',(0.707106781186546,0.70710291056779,-0.00233962957787902));
#5255=DIRECTION('ref_axis',(-0.707106781186552,0.707102910567784,-0.00233962957788314));
#5256=DIRECTION('center_axis',(1.,0.,0.));
#5257=DIRECTION('ref_axis',(0.,2.22044604925031E-16,-1.));
#5258=DIRECTION('',(0.888617232654949,-4.56722882415537E-17,0.458649554484315));
#5259=DIRECTION('center_axis',(2.48949386158528E-15,-0.54659466613835,-0.837397319645284));
#5260=DIRECTION('ref_axis',(1.,-4.54282983930471E-15,5.93813749371651E-15));
#5261=DIRECTION('center_axis',(-2.48949386158528E-15,0.54659466613835,0.837397319645284));
#5262=DIRECTION('ref_axis',(0.,-0.837397319645284,0.54659466613835));
#5263=DIRECTION('center_axis',(-2.48949386158528E-15,0.54659466613835,0.837397319645284));
#5264=DIRECTION('ref_axis',(0.,-0.837397319645284,0.54659466613835));
#5265=DIRECTION('center_axis',(-2.48949386158528E-15,0.54659466613835,0.837397319645284));
#5266=DIRECTION('ref_axis',(0.,-0.837397319645284,0.54659466613835));
#5267=DIRECTION('center_axis',(2.48949386158528E-15,-0.54659466613835,-0.837397319645284));
#5268=DIRECTION('ref_axis',(1.,-4.54282983930471E-15,5.93813749371651E-15));
#5269=DIRECTION('',(-1.,-4.55455205806044E-15,-1.01131371234252E-30));
#5270=DIRECTION('',(-1.,-4.55455205806044E-15,-1.01131371234252E-30));
#5271=DIRECTION('center_axis',(0.,2.22044604925031E-16,-1.));
#5272=DIRECTION('ref_axis',(1.,0.,0.));
#5273=DIRECTION('center_axis',(0.,2.22044604925031E-16,-1.));
#5274=DIRECTION('ref_axis',(1.,0.,0.));
#5275=DIRECTION('',(0.,2.22044604925031E-16,-1.));
#5276=DIRECTION('center_axis',(0.,-2.22044604925031E-16,1.));
#5277=DIRECTION('ref_axis',(1.,0.,0.));
#5278=DIRECTION('center_axis',(0.,2.22044604925031E-16,-1.));
#5279=DIRECTION('ref_axis',(1.,0.,0.));
#5280=DIRECTION('center_axis',(0.,-2.22044604925031E-16,1.));
#5281=DIRECTION('ref_axis',(1.,0.,0.));
#5282=DIRECTION('center_axis',(0.,2.22044604925031E-16,-1.));
#5283=DIRECTION('ref_axis',(0.,1.,2.22044604925031E-16));
#5284=DIRECTION('center_axis',(0.,2.22044604925031E-16,-1.));
#5285=DIRECTION('ref_axis',(1.,0.,0.));
#5286=DIRECTION('center_axis',(0.,2.22044604925031E-16,-1.));
#5287=DIRECTION('ref_axis',(1.,0.,0.));
#5288=DIRECTION('',(-1.,-4.55455205806044E-15,-1.01131371234252E-30));
#5289=DIRECTION('center_axis',(4.55455205806044E-15,-1.,-2.22044604925031E-16));
#5290=DIRECTION('ref_axis',(-1.,-4.55455205806044E-15,-1.01131371234252E-30));
#5291=DIRECTION('center_axis',(0.,2.22044604925031E-16,-1.));
#5292=DIRECTION('ref_axis',(1.,0.,0.));
#5293=DIRECTION('center_axis',(0.,2.22044604925031E-16,-1.));
#5294=DIRECTION('ref_axis',(1.,0.,0.));
#5295=DIRECTION('center_axis',(0.,2.22044604925031E-16,-1.));
#5296=DIRECTION('ref_axis',(0.,1.,2.22044604925031E-16));
#5297=DIRECTION('',(-1.,0.,0.));
#5298=DIRECTION('',(-0.707104845869224,-0.707108716498574,-1.57009675593972E-16));
#5299=DIRECTION('center_axis',(0.,0.999994526118457,-0.0033087358799658));
#5300=DIRECTION('ref_axis',(0.,0.0033087358799658,0.999994526118457));
#5301=DIRECTION('',(5.35106692605347E-17,0.0033087358799658,0.999994526118457));
#5302=DIRECTION('center_axis',(-0.707106781186546,0.70710291056779,-0.00233962957787902));
#5303=DIRECTION('ref_axis',(0.707104845869224,0.707108716498574,1.57009675593972E-16));
#5304=DIRECTION('center_axis',(0.707106781186548,1.57009245868377E-16,-0.707106781186547));
#5305=DIRECTION('ref_axis',(-0.707106781186547,3.45445659536422E-17,-0.707106781186548));
#5306=DIRECTION('center_axis',(-0.707106781186548,-1.57009245868377E-16,
0.707106781186547));
#5307=DIRECTION('ref_axis',(-0.707106781186547,3.45445659536422E-17,-0.707106781186548));
#5308=DIRECTION('',(-0.707106781186548,-1.57009245868377E-16,0.707106781186547));
#5309=DIRECTION('center_axis',(-0.707106781186548,-1.57009245868377E-16,
0.707106781186547));
#5310=DIRECTION('ref_axis',(-0.707106781186547,3.45445659536422E-17,-0.707106781186548));
#5311=DIRECTION('center_axis',(0.707106781186548,1.57009245868377E-16,-0.707106781186547));
#5312=DIRECTION('ref_axis',(-0.707106781186547,3.45445659536422E-17,-0.707106781186548));
#5313=DIRECTION('center_axis',(-0.707106781186548,-1.57009245868377E-16,
0.707106781186547));
#5314=DIRECTION('ref_axis',(-0.707106781186547,3.45445659536422E-17,-0.707106781186548));
#5315=DIRECTION('',(-0.707106781186548,-1.57009245868377E-16,0.707106781186547));
#5316=DIRECTION('center_axis',(-0.707106781186548,-1.57009245868377E-16,
0.707106781186547));
#5317=DIRECTION('ref_axis',(-0.707106781186547,3.45445659536422E-17,-0.707106781186548));
#5318=DIRECTION('center_axis',(8.65956056235493E-17,-1.,-1.35448999301482E-16));
#5319=DIRECTION('ref_axis',(-0.707106781186547,3.45445659536422E-17,-0.707106781186548));
#5320=DIRECTION('',(-0.707106781186547,3.45445659536422E-17,-0.707106781186548));
#5321=DIRECTION('',(0.707106781186548,1.57009245868377E-16,-0.707106781186547));
#5322=DIRECTION('',(-0.707106781186547,3.45445659536422E-17,-0.707106781186548));
#5323=DIRECTION('',(0.707106781186548,1.57009245868377E-16,-0.707106781186547));
#5324=DIRECTION('center_axis',(0.707106781186547,-3.45445659536422E-17,
0.707106781186548));
#5325=DIRECTION('ref_axis',(8.65956056235493E-17,-1.,-1.35448999301482E-16));
#5326=DIRECTION('',(8.65956056235493E-17,-1.,-1.35448999301482E-16));
#5327=DIRECTION('',(8.65956056235493E-17,-1.,-1.35448999301482E-16));
#5328=DIRECTION('',(0.707106781186548,1.57009245868377E-16,-0.707106781186547));
#5329=DIRECTION('center_axis',(-8.65956056235493E-17,1.,1.35448999301482E-16));
#5330=DIRECTION('ref_axis',(0.707106781186547,-3.45445659536422E-17,0.707106781186548));
#5331=DIRECTION('',(0.707106781186547,-3.45445659536422E-17,0.707106781186548));
#5332=DIRECTION('',(0.707106781186547,-3.45445659536422E-17,0.707106781186548));
#5333=DIRECTION('',(0.707106781186548,1.57009245868377E-16,-0.707106781186547));
#5334=DIRECTION('center_axis',(-0.707106781186547,3.45445659536422E-17,
-0.707106781186548));
#5335=DIRECTION('ref_axis',(-8.65956056235493E-17,1.,1.35448999301482E-16));
#5336=DIRECTION('',(-8.65956056235493E-17,1.,1.35448999301482E-16));
#5337=DIRECTION('',(-8.65956056235493E-17,1.,1.35448999301482E-16));
#5338=DIRECTION('center_axis',(0.707106781186548,1.57009245868377E-16,-0.707106781186547));
#5339=DIRECTION('ref_axis',(-0.707106781186547,3.45445659536422E-17,-0.707106781186548));
#5340=DIRECTION('center_axis',(0.707106781186548,1.57009245868377E-16,-0.707106781186547));
#5341=DIRECTION('ref_axis',(-0.707106781186547,3.45445659536422E-17,-0.707106781186548));
#5342=DIRECTION('center_axis',(1.,-1.39452223873684E-31,6.2803698347351E-16));
#5343=DIRECTION('ref_axis',(0.,-1.,-2.22044604925031E-16));
#5344=DIRECTION('',(6.2803698347351E-16,2.22044604925031E-16,-1.));
#5345=DIRECTION('',(0.,1.,2.22044604925031E-16));
#5346=DIRECTION('',(-6.2803698347351E-16,-2.22044604925031E-16,1.));
#5347=DIRECTION('',(0.,-1.,-2.22044604925031E-16));
#5348=DIRECTION('center_axis',(0.707106781186547,-1.57009245868378E-16,
0.707106781186548));
#5349=DIRECTION('ref_axis',(0.,-1.,-2.22044604925031E-16));
#5350=DIRECTION('',(-0.707106781186547,-1.57009245868378E-16,0.707106781186548));
#5351=DIRECTION('',(0.,-1.,-2.22044604925031E-16));
#5352=DIRECTION('',(-0.707106781186547,-1.57009245868378E-16,0.707106781186548));
#5353=DIRECTION('center_axis',(0.,1.,2.22044604925031E-16));
#5354=DIRECTION('ref_axis',(-0.707106781186547,-1.57009245868378E-16,0.707106781186548));
#5355=DIRECTION('',(0.707106781186547,-1.57009245868378E-16,0.707106781186548));
#5356=DIRECTION('',(0.707106781186547,1.57009245868378E-16,-0.707106781186548));
#5357=DIRECTION('',(0.707106781186547,-1.57009245868378E-16,0.707106781186548));
#5358=DIRECTION('center_axis',(0.,-1.,-2.22044604925031E-16));
#5359=DIRECTION('ref_axis',(-1.,0.,0.));
#5360=DIRECTION('center_axis',(0.,-1.,-2.22044604925031E-16));
#5361=DIRECTION('ref_axis',(0.707106781186547,1.57009245868378E-16,-0.707106781186548));
#5362=DIRECTION('',(-0.707106781186547,1.57009245868378E-16,-0.707106781186548));
#5363=DIRECTION('',(0.707106781186547,1.57009245868378E-16,-0.707106781186548));
#5364=DIRECTION('',(0.707106781186547,-1.57009245868378E-16,0.707106781186548));
#5365=DIRECTION('center_axis',(0.,1.,2.22044604925031E-16));
#5366=DIRECTION('ref_axis',(-1.,0.,0.));
#5367=DIRECTION('center_axis',(0.707106781186548,1.57009245868378E-16,-0.707106781186548));
#5368=DIRECTION('ref_axis',(-0.707106781186548,1.57009245868377E-16,-0.707106781186547));
#5369=DIRECTION('center_axis',(0.707106781186548,1.57009245868377E-16,-0.707106781186547));
#5370=DIRECTION('ref_axis',(-0.707106781186548,1.57009245868377E-16,-0.707106781186547));
#5371=DIRECTION('',(-0.707106781186547,-1.57009245868377E-16,0.707106781186547));
#5372=DIRECTION('center_axis',(-0.707106781186548,-1.57009245868377E-16,
0.707106781186547));
#5373=DIRECTION('ref_axis',(-0.707106781186548,1.57009245868377E-16,-0.707106781186547));
#5374=DIRECTION('center_axis',(-0.707106781186548,1.57009245868378E-16,
-0.707106781186548));
#5375=DIRECTION('ref_axis',(0.,1.,2.22044604925031E-16));
#5376=DIRECTION('',(0.,1.,2.22044604925031E-16));
#5377=DIRECTION('',(0.,-1.,-2.22044604925031E-16));
#5378=DIRECTION('center_axis',(0.,-1.,-2.22044604925031E-16));
#5379=DIRECTION('ref_axis',(-1.,0.,0.));
#5380=DIRECTION('',(0.,-1.,-2.22044604925031E-16));
#5381=DIRECTION('center_axis',(0.707106781186548,1.57009245868377E-16,-0.707106781186547));
#5382=DIRECTION('ref_axis',(0.,1.,2.22044604925031E-16));
#5383=DIRECTION('center_axis',(-0.707106781186548,-1.57009245868377E-16,
0.707106781186547));
#5384=DIRECTION('ref_axis',(0.,-1.,-2.22044604925031E-16));
#5385=DIRECTION('center_axis',(0.,0.,1.));
#5386=DIRECTION('ref_axis',(1.,0.,0.));
#5387=DIRECTION('',(2.22044604925031E-16,-1.,0.));
#5388=DIRECTION('',(-1.,0.,0.));
#5389=DIRECTION('',(0.,1.,0.));
#5390=DIRECTION('',(1.,0.,-3.73969860926368E-15));
#5391=DIRECTION('center_axis',(1.,0.,-8.13866203174674E-15));
#5392=DIRECTION('ref_axis',(8.13866203174674E-15,-1.92762239515473E-29,
1.));
#5393=DIRECTION('',(8.13866203174674E-15,0.,1.));
#5394=DIRECTION('',(-3.7470027081099E-15,0.,-1.));
#5395=DIRECTION('',(0.,1.,0.));
#5396=DIRECTION('',(8.13866203174674E-15,-1.92762239515473E-29,1.));
#5397=DIRECTION('',(0.,-1.,0.));
#5398=DIRECTION('center_axis',(-0.707106781186548,-1.57009245868377E-16,
0.707106781186547));
#5399=DIRECTION('ref_axis',(0.,-1.,-2.22044604925031E-16));
#5400=DIRECTION('',(-0.707106781186547,0.,-0.707106781186548));
#5401=DIRECTION('',(0.,1.,2.22044604925031E-16));
#5402=DIRECTION('',(0.707106781186547,-1.57009245868378E-16,0.707106781186548));
#5403=DIRECTION('',(0.,1.,2.22044604925031E-16));
#5404=DIRECTION('',(0.707106781186547,-1.57009245868378E-16,0.707106781186548));
#5405=DIRECTION('',(-2.2204460492503E-16,1.,8.32001735975281E-31));
#5406=DIRECTION('',(-0.707106781186547,0.,-0.707106781186548));
#5407=DIRECTION('center_axis',(-0.707106781186548,-1.57009245868377E-16,
0.707106781186547));
#5408=DIRECTION('ref_axis',(-0.707106781186548,1.57009245868377E-16,-0.707106781186547));
#5409=DIRECTION('center_axis',(-3.97342977234266E-15,0.,-1.));
#5410=DIRECTION('ref_axis',(1.,7.78481156468104E-31,-3.97342977234266E-15));
#5411=DIRECTION('',(1.,0.,-3.97342977234266E-15));
#5412=DIRECTION('',(0.,-1.,0.));
#5413=DIRECTION('',(1.,7.78481156468104E-31,-3.97342977234266E-15));
#5414=DIRECTION('',(-1.39452223873684E-31,-1.,5.5410361815909E-46));
#5415=DIRECTION('center_axis',(-1.,0.,0.));
#5416=DIRECTION('ref_axis',(0.,0.,1.));
#5417=DIRECTION('',(0.,0.,1.));
#5418=DIRECTION('',(0.,-1.,0.));
#5419=DIRECTION('',(0.,2.22044604925031E-16,-1.));
#5420=DIRECTION('center_axis',(0.,0.,-1.));
#5421=DIRECTION('ref_axis',(-1.,0.,0.));
#5422=DIRECTION('',(1.,0.,0.));
#5423=DIRECTION('',(-1.,0.,0.));
#5424=DIRECTION('',(-1.39452223873684E-31,-1.,0.));
#5425=DIRECTION('center_axis',(1.,-1.39452223873684E-31,6.2803698347351E-16));
#5426=DIRECTION('ref_axis',(0.,-1.,-2.22044604925031E-16));
#5427=DIRECTION('',(6.2803698347351E-16,2.22044604925031E-16,-1.));
#5428=DIRECTION('',(0.,1.,0.));
#5429=DIRECTION('',(6.2803698347351E-16,2.22044604925031E-16,-1.));
#5430=DIRECTION('',(-6.2803698347351E-16,-4.88914957199197E-46,1.));
#5431=DIRECTION('center_axis',(0.,1.,2.22044604925031E-16));
#5432=DIRECTION('ref_axis',(-0.707106781186547,-1.57009245868378E-16,0.707106781186548));
#5433=DIRECTION('',(-0.707106781186547,1.57009245868378E-16,-0.707106781186548));
#5434=DIRECTION('',(-0.707106781186547,-1.57009245868378E-16,0.707106781186548));
#5435=DIRECTION('center_axis',(0.707106781186548,1.57009245868378E-16,-0.707106781186548));
#5436=DIRECTION('ref_axis',(-0.707106781186548,1.57009245868377E-16,-0.707106781186547));
#5437=DIRECTION('center_axis',(0.707106781186548,1.57009245868377E-16,-0.707106781186547));
#5438=DIRECTION('ref_axis',(-0.707106781186548,1.57009245868377E-16,-0.707106781186547));
#5439=DIRECTION('',(-0.707106781186548,-1.57009245868378E-16,0.707106781186548));
#5440=DIRECTION('center_axis',(-0.707106781186548,1.57009245868378E-16,
-0.707106781186548));
#5441=DIRECTION('ref_axis',(0.,1.,2.22044604925031E-16));
#5442=DIRECTION('',(0.,-1.,-2.22044604925031E-16));
#5443=DIRECTION('',(0.707106781186547,1.57009245868378E-16,-0.707106781186548));
#5444=DIRECTION('center_axis',(0.,-1.,-2.22044604925031E-16));
#5445=DIRECTION('ref_axis',(-1.,0.,0.));
#5446=DIRECTION('center_axis',(0.,1.,0.));
#5447=DIRECTION('ref_axis',(-1.,0.,0.));
#5448=DIRECTION('',(0.,-1.,-2.22044604925031E-16));
#5449=DIRECTION('center_axis',(0.,1.,2.22044604925031E-16));
#5450=DIRECTION('ref_axis',(-1.,0.,0.));
#5451=DIRECTION('center_axis',(0.707106781186548,1.57009245868377E-16,-0.707106781186547));
#5452=DIRECTION('ref_axis',(0.,1.,2.22044604925031E-16));
#5453=DIRECTION('',(0.707106781186547,-1.57009245868378E-16,0.707106781186548));
#5454=DIRECTION('center_axis',(0.,0.,-1.));
#5455=DIRECTION('ref_axis',(1.,-2.72447368006174E-16,0.));
#5456=DIRECTION('',(1.,0.,0.));
#5457=DIRECTION('',(1.,-2.72447368006174E-16,0.));
#5458=DIRECTION('',(0.,-1.,0.));
#5459=DIRECTION('center_axis',(0.707106781186547,0.,-0.707106781186548));
#5460=DIRECTION('ref_axis',(0.707106781186548,0.,0.707106781186547));
#5461=DIRECTION('',(0.707106781186548,0.,0.707106781186547));
#5462=DIRECTION('',(0.707106781186548,0.,0.707106781186547));
#5463=DIRECTION('center_axis',(0.,1.,0.));
#5464=DIRECTION('ref_axis',(-1.,0.,0.));
#5465=DIRECTION('center_axis',(0.,1.,0.));
#5466=DIRECTION('ref_axis',(0.,0.,1.));
#5467=DIRECTION('',(1.,0.,-3.73969860926368E-15));
#5468=DIRECTION('center_axis',(0.,-1.,-2.22044604925031E-16));
#5469=DIRECTION('ref_axis',(0.707106781186547,1.57009245868378E-16,-0.707106781186548));
#5470=DIRECTION('',(1.,8.30379900232643E-31,-3.73969860926368E-15));
#5471=DIRECTION('center_axis',(3.7470027081099E-15,0.,1.));
#5472=DIRECTION('ref_axis',(1.,0.,-3.7470027081099E-15));
#5473=CARTESIAN_POINT('',(0.,0.,0.));
#5474=CARTESIAN_POINT('Origin',(3.91024282711435,9.00000000000003,31.025000074506));
#5475=CARTESIAN_POINT('',(50.,8.99999999999999,3.52500007450608));
#5476=CARTESIAN_POINT('',(18.15,9.00000000000003,35.375000074506));
#5477=CARTESIAN_POINT('',(50.,8.99999999999999,3.52500007450608));
#5478=CARTESIAN_POINT('',(50.,8.99999999999999,-11.4749999254939));
#5479=CARTESIAN_POINT('',(50.,8.99999999999999,-7.88524275260819));
#5480=CARTESIAN_POINT('',(7.49999999999999,9.00000000000003,-53.9749999254938));
#5481=CARTESIAN_POINT('',(50.,8.99999999999999,-11.4749999254939));
#5482=CARTESIAN_POINT('',(-7.50000000000001,9.00000000000003,-53.9749999254938));
#5483=CARTESIAN_POINT('',(-1.33226762955019E-14,9.00000000000003,-53.9749999254938));
#5484=CARTESIAN_POINT('',(-49.9999999999999,9.00000000000003,-11.4749999254939));
#5485=CARTESIAN_POINT('',(-7.50000000000001,8.99999999999999,-53.9749999254939));
#5486=CARTESIAN_POINT('',(-50.,8.99999999999999,3.52500007450608));
#5487=CARTESIAN_POINT('',(-49.9999999999999,9.00000000000003,-11.4749999254939));
#5488=CARTESIAN_POINT('',(-18.146,9.00000000000003,35.379000074506));
#5489=CARTESIAN_POINT('',(-50.,8.99999999999999,3.52500007450608));
#5490=CARTESIAN_POINT('',(18.15,9.00000000000003,35.379000074506));
#5491=CARTESIAN_POINT('',(4.61987858644282,9.00000000000021,35.379000074506));
#5492=CARTESIAN_POINT('',(18.15,9.00000000000003,35.375000074506));
#5493=CARTESIAN_POINT('',(-7.50000000000001,9.00000000000003,-38.9749999254938));
#5494=CARTESIAN_POINT('',(-34.9999999999999,9.00000000000003,-11.4749999254939));
#5495=CARTESIAN_POINT('',(-7.50000000000001,8.99999999999999,-38.9749999254939));
#5496=CARTESIAN_POINT('',(7.49999999999999,9.00000000000003,-38.9749999254938));
#5497=CARTESIAN_POINT('',(-1.33226762955019E-14,9.00000000000003,-38.9749999254938));
#5498=CARTESIAN_POINT('',(35.,8.99999999999999,-11.4749999254939));
#5499=CARTESIAN_POINT('',(37.8525607067785,9.00000000000014,-8.62243921871535));
#5500=CARTESIAN_POINT('',(35.,8.99999999999999,3.52500007450608));
#5501=CARTESIAN_POINT('',(35.,8.99999999999999,-3.97499992549392));
#5502=CARTESIAN_POINT('',(8.14999999999998,9.00000000000003,30.375000074506));
#5503=CARTESIAN_POINT('',(35.,8.99999999999999,3.52500007450608));
#5504=CARTESIAN_POINT('',(-8.15,9.00000000000003,30.375000074506));
#5505=CARTESIAN_POINT('',(8.14999999999998,9.00000000000003,30.375000074506));
#5506=CARTESIAN_POINT('',(-35.,8.99999999999999,3.52500007450608));
#5507=CARTESIAN_POINT('',(-35.,8.99999999999999,3.52500007450608));
#5508=CARTESIAN_POINT('',(-34.9999999999999,9.00000000000003,-11.4749999254939));
#5509=CARTESIAN_POINT('',(-11.8121095797885,9.00000000000003,-43.1628910162577));
#5510=CARTESIAN_POINT('Origin',(-13.3121095797885,9.00000000000003,-43.1628910162577));
#5511=CARTESIAN_POINT('',(18.9282179206412,9.00000000000006,26.0967821538652));
#5512=CARTESIAN_POINT('Origin',(17.4282179206412,9.00000000000003,26.0967821538652));
#5513=CARTESIAN_POINT('',(27.3569307523848,9.00000000000006,17.6680693221216));
#5514=CARTESIAN_POINT('Origin',(25.8569307523848,9.00000000000003,17.6680693221216));
#5515=CARTESIAN_POINT('',(35.7856435841285,9.00000000000006,9.23935649037791));
#5516=CARTESIAN_POINT('Origin',(34.2856435841285,9.00000000000003,9.23935649037791));
#5517=CARTESIAN_POINT('',(45.0004469608729,9.00000000000006,-12.9745536351734));
#5518=CARTESIAN_POINT('Origin',(43.5004469608729,9.00000000000003,-12.9745536351734));
#5519=CARTESIAN_POINT('',(36.3753352206546,9.00000000000006,-21.5996653753916));
#5520=CARTESIAN_POINT('Origin',(34.8753352206546,9.00000000000003,-21.5996653753916));
#5521=CARTESIAN_POINT('',(23.4376676103273,9.00000000000006,-34.5373329857189));
#5522=CARTESIAN_POINT('Origin',(21.9376676103273,9.00000000000003,-34.5373329857189));
#5523=CARTESIAN_POINT('',(10.5,9.00000000000006,-47.4750005960462));
#5524=CARTESIAN_POINT('Origin',(8.99999999999999,9.00000000000003,-47.4750005960462));
#5525=CARTESIAN_POINT('',(-7.49955370967944,9.00000000000006,-47.4754468863668));
#5526=CARTESIAN_POINT('Origin',(-8.99955370967944,9.00000000000003,-47.4754468863668));
#5527=CARTESIAN_POINT('',(-7.49950508889758,9.00000000000006,-42.4754948365967));
#5528=CARTESIAN_POINT('Origin',(-8.99950508889758,9.00000000000003,-42.4754948365967));
#5529=CARTESIAN_POINT('',(10.5,9.00000000000006,-42.4749999254942));
#5530=CARTESIAN_POINT('Origin',(8.99999999999999,9.00000000000003,-42.4749999254942));
#5531=CARTESIAN_POINT('',(27.7502234804364,9.00000000000006,-30.2247771156098));
#5532=CARTESIAN_POINT('Origin',(26.2502234804364,9.00000000000003,-30.2247771156098));
#5533=CARTESIAN_POINT('',(35.786138495231,9.00000000000006,-17.1888614302633));
#5534=CARTESIAN_POINT('Origin',(34.286138495231,9.00000000000003,-17.1888614302633));
#5535=CARTESIAN_POINT('',(45.0000006705522,9.00000000000006,5.0250000745061));
#5536=CARTESIAN_POINT('Origin',(43.5000006705522,9.00000000000003,5.0250000745061));
#5537=CARTESIAN_POINT('',(36.374888930334,9.00000000000006,13.6501118147243));
#5538=CARTESIAN_POINT('Origin',(34.874888930334,9.00000000000003,13.6501118147243));
#5539=CARTESIAN_POINT('',(27.7497771901158,9.00000000000006,22.2752235549425));
#5540=CARTESIAN_POINT('Origin',(26.2497771901158,9.00000000000003,22.2752235549425));
#5541=CARTESIAN_POINT('',(23.4372213200067,9.00000000000006,26.5877794250516));
#5542=CARTESIAN_POINT('Origin',(21.9372213200067,9.00000000000003,26.5877794250516));
#5543=CARTESIAN_POINT('',(32.0623330602249,9.00000000000006,17.9626676848334));
#5544=CARTESIAN_POINT('Origin',(30.5623330602249,9.00000000000003,17.9626676848334));
#5545=CARTESIAN_POINT('',(40.6874448004431,9.00000000000006,9.3375559446152));
#5546=CARTESIAN_POINT('Origin',(39.1874448004431,9.00000000000003,9.3375559446152));
#5547=CARTESIAN_POINT('',(40.0004949111028,9.00000000000006,-12.9745050143915));
#5548=CARTESIAN_POINT('Origin',(38.5004949111028,9.00000000000003,-12.9745050143915));
#5549=CARTESIAN_POINT('',(31.5717820793591,9.00000000000006,-21.4032178461351));
#5550=CARTESIAN_POINT('Origin',(30.0717820793591,9.00000000000003,-21.4032178461351));
#5551=CARTESIAN_POINT('',(19.1251117402182,9.00000000000006,-38.849888855828));
#5552=CARTESIAN_POINT('Origin',(17.6251117402182,9.00000000000003,-38.849888855828));
#5553=CARTESIAN_POINT('',(14.8125558701091,9.00000000000006,-43.1624447259371));
#5554=CARTESIAN_POINT('Origin',(13.3125558701091,9.00000000000003,-43.1624447259371));
#5555=CARTESIAN_POINT('',(32.0627793505455,9.00000000000006,-25.9122212455006));
#5556=CARTESIAN_POINT('Origin',(30.5627793505455,9.00000000000003,-25.9122212455006));
#5557=CARTESIAN_POINT('',(40.6878910907638,9.00000000000006,-17.2871095052825));
#5558=CARTESIAN_POINT('Origin',(39.1878910907638,9.00000000000003,-17.2871095052825));
#5559=CARTESIAN_POINT('',(40.0000000000003,9.00000000000006,5.0250000745061));
#5560=CARTESIAN_POINT('Origin',(38.5000000000003,9.00000000000003,5.0250000745061));
#5561=CARTESIAN_POINT('',(31.5712871682567,9.00000000000006,13.4537129062497));
#5562=CARTESIAN_POINT('Origin',(30.0712871682567,9.00000000000003,13.4537129062497));
#5563=CARTESIAN_POINT('',(23.142574336513,9.00000000000006,21.8824257379934));
#5564=CARTESIAN_POINT('Origin',(21.642574336513,9.00000000000003,21.8824257379934));
#5565=CARTESIAN_POINT('',(-28.5712871682567,9.00000000000006,-21.4037127572376));
#5566=CARTESIAN_POINT('Origin',(-30.0712871682567,9.00000000000003,-21.4037127572376));
#5567=CARTESIAN_POINT('',(-37.0000000000003,9.00000000000006,-12.9749999254939));
#5568=CARTESIAN_POINT('Origin',(-38.5000000000003,9.00000000000003,-12.9749999254939));
#5569=CARTESIAN_POINT('',(-37.0000000000003,9.00000000000006,-0.974999925493911));
#5570=CARTESIAN_POINT('Origin',(-38.5000000000003,9.00000000000003,-0.974999925493911));
#5571=CARTESIAN_POINT('',(-37.6878910907638,9.00000000000006,9.33710965429462));
#5572=CARTESIAN_POINT('Origin',(-39.1878910907638,9.00000000000003,9.33710965429462));
#5573=CARTESIAN_POINT('',(-20.4376676103273,9.00000000000006,26.587333134731));
#5574=CARTESIAN_POINT('Origin',(-21.9376676103273,9.00000000000003,26.587333134731));
#5575=CARTESIAN_POINT('',(-20.1430692476155,9.00000000000006,21.8819308268909));
#5576=CARTESIAN_POINT('Origin',(-21.6430692476155,9.00000000000003,21.8819308268909));
#5577=CARTESIAN_POINT('',(-37.0000000000003,9.00000000000006,5.02500007450607));
#5578=CARTESIAN_POINT('Origin',(-38.5000000000003,9.00000000000003,5.02500007450607));
#5579=CARTESIAN_POINT('',(-37.0000000000003,9.00000000000006,-6.97499992549393));
#5580=CARTESIAN_POINT('Origin',(-38.5000000000003,9.00000000000003,-6.97499992549393));
#5581=CARTESIAN_POINT('',(-37.6874448004432,9.00000000000006,-17.287555795603));
#5582=CARTESIAN_POINT('Origin',(-39.1874448004432,9.00000000000003,-17.287555795603));
#5583=CARTESIAN_POINT('',(-29.062333060225,9.00000000000006,-25.9126675358213));
#5584=CARTESIAN_POINT('Origin',(-30.562333060225,9.00000000000003,-25.9126675358213));
#5585=CARTESIAN_POINT('',(-16.1246654498977,9.00000000000006,-38.8503351461486));
#5586=CARTESIAN_POINT('Origin',(-17.6246654498977,9.00000000000003,-38.8503351461486));
#5587=CARTESIAN_POINT('',(-20.4372213200067,9.00000000000006,-34.5377792760395));
#5588=CARTESIAN_POINT('Origin',(-21.9372213200067,9.00000000000003,-34.5377792760395));
#5589=CARTESIAN_POINT('',(-33.3748889303341,9.00000000000006,-21.6001116657121));
#5590=CARTESIAN_POINT('Origin',(-34.8748889303341,9.00000000000003,-21.6001116657121));
#5591=CARTESIAN_POINT('',(-42.0000006705523,9.00000000000006,-12.9749999254939));
#5592=CARTESIAN_POINT('Origin',(-43.5000006705523,9.00000000000003,-12.9749999254939));
#5593=CARTESIAN_POINT('',(-42.0000006705523,9.00000000000006,-0.974999925493911));
#5594=CARTESIAN_POINT('Origin',(-43.5000006705523,9.00000000000003,-0.974999925493911));
#5595=CARTESIAN_POINT('',(-32.786138495231,9.00000000000006,9.23886157927548));
#5596=CARTESIAN_POINT('Origin',(-34.286138495231,9.00000000000003,9.23886157927548));
#5597=CARTESIAN_POINT('',(-15.9287128317437,9.00000000000006,26.0962872427628));
#5598=CARTESIAN_POINT('Origin',(-17.4287128317437,9.00000000000003,26.0962872427628));
#5599=CARTESIAN_POINT('',(-24.7502234804365,9.00000000000006,22.2747772646219));
#5600=CARTESIAN_POINT('Origin',(-26.2502234804365,9.00000000000003,22.2747772646219));
#5601=CARTESIAN_POINT('',(-33.3753352206547,9.00000000000006,13.6496655244037));
#5602=CARTESIAN_POINT('Origin',(-34.8753352206547,9.00000000000003,13.6496655244037));
#5603=CARTESIAN_POINT('',(-42.0000006705523,9.00000000000006,5.02500007450607));
#5604=CARTESIAN_POINT('Origin',(-43.5000006705523,9.00000000000003,5.02500007450607));
#5605=CARTESIAN_POINT('',(-42.0000006705523,9.00000000000006,-6.97499992549393));
#5606=CARTESIAN_POINT('Origin',(-43.5000006705523,9.00000000000003,-6.97499992549393));
#5607=CARTESIAN_POINT('',(-32.7856435841285,9.00000000000006,-17.1893563413657));
#5608=CARTESIAN_POINT('Origin',(-34.2856435841285,9.00000000000003,-17.1893563413657));
#5609=CARTESIAN_POINT('',(-24.7497771901159,9.00000000000006,-30.2252234059304));
#5610=CARTESIAN_POINT('Origin',(-26.2497771901159,9.00000000000003,-30.2252234059304));
#5611=CARTESIAN_POINT('',(-16.1251117402182,9.00000000000003,30.8998890048401));
#5612=CARTESIAN_POINT('Origin',(-17.6251117402182,9.00000000000003,30.8998890048401));
#5613=CARTESIAN_POINT('Origin',(0.000366048685538575,-39.9195004766699,
30.3791338322728));
#5614=CARTESIAN_POINT('',(-0.999633951314439,-39.9195004766699,35.3791338322728));
#5615=CARTESIAN_POINT('Origin',(0.000366048685561057,-39.9195004766699,
35.3791338322728));
#5616=CARTESIAN_POINT('',(-0.999633951314462,-39.9195004766699,30.3791338322728));
#5617=CARTESIAN_POINT('',(-0.999633951314462,-39.9195004766699,30.3791338322728));
#5618=CARTESIAN_POINT('',(-0.998312872889816,-39.8681155411237,30.3791338322728));
#5619=CARTESIAN_POINT('Origin',(0.000366048685538575,-39.9195004766699,
30.3791338322728));
#5620=CARTESIAN_POINT('',(0.999044970260893,-39.8681155411237,30.3791338322727));
#5621=CARTESIAN_POINT('Origin',(0.00036604868553808,-39.9195004766699,30.268938482384));
#5622=CARTESIAN_POINT('Origin',(0.000366048685538575,-39.9195004766699,
30.3791338322728));
#5623=CARTESIAN_POINT('Origin',(-6.99719020119047,-42.3024237029911,30.3791338322728));
#5624=CARTESIAN_POINT('',(-5.99963395131449,-42.3024237029911,30.3791338322728));
#5625=CARTESIAN_POINT('',(-5.99963395131447,-42.3024237029911,35.3791338322728));
#5626=CARTESIAN_POINT('',(-5.9996339513145,-42.3024237029911,30.3791338322728));
#5627=CARTESIAN_POINT('',(5.99963395131447,-42.3024237029911,30.3791338322728));
#5628=CARTESIAN_POINT('',(6.99792229856155,-42.3024237029911,30.3791338322728));
#5629=CARTESIAN_POINT('',(5.99963395131445,-42.3024237029911,35.3791338322728));
#5630=CARTESIAN_POINT('',(5.99963395131447,-42.3024237029911,30.3791338322728));
#5631=CARTESIAN_POINT('',(6.99792229856157,-42.3024237029911,35.3791338322728));
#5632=CARTESIAN_POINT('Origin',(6.99792229856155,-39.6496685590522,30.8475948970895));
#5633=CARTESIAN_POINT('',(-6.38497734703217,-39.8681155411237,30.3791338322728));
#5634=CARTESIAN_POINT('',(13.2646441736235,-39.8681155411237,30.3791338322727));
#5635=CARTESIAN_POINT('',(-6.38497734703217,-37.5365772503487,35.3791338322728));
#5636=CARTESIAN_POINT('',(-6.38497734703217,-39.0402434558572,32.1545112484236));
#5637=CARTESIAN_POINT('',(6.41536604868553,-37.5365772503487,35.3791338322727));
#5638=CARTESIAN_POINT('',(-6.99719020119045,-37.5365772503487,35.3791338322728));
#5639=CARTESIAN_POINT('',(6.41536604868551,-39.8681155411237,30.3791338322727));
#5640=CARTESIAN_POINT('',(6.41536604868553,-37.418828038451,35.6316478320718));
#5641=CARTESIAN_POINT('',(13.2646441736235,-39.8681155411237,30.3791338322727));
#5642=CARTESIAN_POINT('Origin',(-6.38497734703217,-42.5433526397944,35.3791338322726));
#5643=CARTESIAN_POINT('',(-6.38497734703217,-14.3645002680538,30.3791338322726));
#5644=CARTESIAN_POINT('',(-6.38497734703217,-29.5784764476694,30.3791338322727));
#5645=CARTESIAN_POINT('',(-6.38497734703217,-14.3645002680538,35.3791338322726));
#5646=CARTESIAN_POINT('',(-6.38497734703217,-14.3645002680538,35.3791338322726));
#5647=CARTESIAN_POINT('',(-6.38497734703217,-31.253926453924,35.3791338322727));
#5648=CARTESIAN_POINT('Origin',(19.5313660486855,-19.9645002680536,35.3791338322726));
#5649=CARTESIAN_POINT('',(5.99963395131444,-49.4005002680536,35.3791338322729));
#5650=CARTESIAN_POINT('',(5.99963395131445,-26.2645002680536,35.3791338322727));
#5651=CARTESIAN_POINT('',(13.4436339513145,-49.4005002680538,35.3791338322729));
#5652=CARTESIAN_POINT('',(-3.77609909571923,-49.4005002680537,35.3791338322728));
#5653=CARTESIAN_POINT('',(13.4436339513145,-42.2272005110894,35.3791338322728));
#5654=CARTESIAN_POINT('',(13.4436339513145,-16.8145002680536,35.3791338322727));
#5655=CARTESIAN_POINT('',(12.4153660486855,-42.2272005110894,35.3791338322727));
#5656=CARTESIAN_POINT('',(-9.76568302434288,-42.2272005110894,35.3791338322727));
#5657=CARTESIAN_POINT('',(12.4153660486855,2.60000000000041,35.3791338322725));
#5658=CARTESIAN_POINT('',(12.4153660486855,-23.1145002680536,35.3791338322726));
#5659=CARTESIAN_POINT('',(18.1459804116286,2.60000000000003,35.3790196628774));
#5660=CARTESIAN_POINT('',(6.01568302434276,2.60000000000038,35.3791338322725));
#5661=CARTESIAN_POINT('',(18.1459331211167,4.59949973194637,35.3790669533893));
#5662=CARTESIAN_POINT('',(18.146,4.20000000000013,35.379000074506));
#5663=CARTESIAN_POINT('',(-13.4436339513145,4.59949973194637,35.3791338322726));
#5664=CARTESIAN_POINT('',(-10.4436339513145,4.59949973194637,35.3791338322726));
#5665=CARTESIAN_POINT('',(-13.4436339513145,-49.4005002680538,35.3791338322729));
#5666=CARTESIAN_POINT('',(-13.4436339513145,-16.8145002680536,35.3791338322727));
#5667=CARTESIAN_POINT('',(-5.99963395131447,-49.4005002680536,35.3791338322729));
#5668=CARTESIAN_POINT('',(3.77609909571921,-49.4005002680537,35.3791338322728));
#5669=CARTESIAN_POINT('',(-5.99963395131448,-26.2645002680536,35.3791338322727));
#5670=CARTESIAN_POINT('',(6.41536604868552,-14.3645002680538,35.3791338322726));
#5671=CARTESIAN_POINT('',(6.57319435082668,-14.3645002680538,35.3791338322726));
#5672=CARTESIAN_POINT('',(6.41536604868552,-16.8145002680536,35.3791338322726));
#5673=CARTESIAN_POINT('',(1.00036604868552,-11.9195000594374,35.3791338322726));
#5674=CARTESIAN_POINT('Origin',(0.00036604868551843,-11.9195000594374,35.3791338322726));
#5675=CARTESIAN_POINT('',(-9.61863395131465,-46.2000000000001,35.3791338322729));
#5676=CARTESIAN_POINT('Origin',(-8.11863395131465,-46.2000000000001,35.3791338322726));
#5677=CARTESIAN_POINT('',(9.61863395131463,-46.2000000000001,35.3791338322729));
#5678=CARTESIAN_POINT('Origin',(8.11863395131462,-46.2000000000001,35.3791338322726));
#5679=CARTESIAN_POINT('Origin',(5.99963395131447,-26.2645002680536,30.3791338322727));
#5680=CARTESIAN_POINT('',(5.99963395131447,-42.2273526397943,30.3791338322728));
#5681=CARTESIAN_POINT('',(5.99963395131447,-33.0920003723618,30.3791338322727));
#5682=CARTESIAN_POINT('',(5.99963395131448,-42.2273526397944,27.8996969812411));
#5683=CARTESIAN_POINT('',(5.99963395131446,-42.2273526397943,32.8791338322727));
#5684=CARTESIAN_POINT('',(5.99963395131463,-49.4005002680538,27.8996969812411));
#5685=CARTESIAN_POINT('',(5.99963395131448,-36.0391753288126,27.8996969812411));
#5686=CARTESIAN_POINT('',(5.99963395131463,-49.4005002680538,27.8251338322726));
#5687=CARTESIAN_POINT('Origin',(5.99963395131463,-42.2273526397944,35.3791338322726));
#5688=CARTESIAN_POINT('',(6.38497734703214,-42.2273526397944,30.3791338322727));
#5689=CARTESIAN_POINT('',(3.00000000000007,-42.2273526397944,30.3791338322728));
#5690=CARTESIAN_POINT('',(6.38497734703214,-42.2273526397944,27.0733254023519));
#5691=CARTESIAN_POINT('',(6.38497734703214,-42.2273526397944,35.3791338322726));
#5692=CARTESIAN_POINT('',(5.04223869196652,-42.2273526397944,29.9528377405758));
#5693=CARTESIAN_POINT('Origin',(19.5313660486855,-19.9645002680537,30.3791338322726));
#5694=CARTESIAN_POINT('',(-6.38497734703217,-42.2272005110894,30.3791338322728));
#5695=CARTESIAN_POINT('',(-13.4436339513145,-42.2272005110894,30.3791338322728));
#5696=CARTESIAN_POINT('',(1.65081416158538E-13,-42.2272005110894,30.3791338322728));
#5697=CARTESIAN_POINT('',(-13.4436339513145,2.60000000000013,30.3791338322726));
#5698=CARTESIAN_POINT('',(-13.4436339513145,-15.139050261799,30.3791338322727));
#5699=CARTESIAN_POINT('',(12.4153660486855,2.60000000000016,30.3791338322725));
#5700=CARTESIAN_POINT('',(6.01568302434274,2.60000000000038,30.3791338322725));
#5701=CARTESIAN_POINT('',(12.4153660486855,-42.2272005110894,30.3791338322727));
#5702=CARTESIAN_POINT('',(12.4153660486855,-23.1145002680536,30.3791338322726));
#5703=CARTESIAN_POINT('',(9.76568302434283,-42.2272005110894,30.3791338322727));
#5704=CARTESIAN_POINT('',(-5.9996339513145,-42.2273526397943,30.3791338322728));
#5705=CARTESIAN_POINT('',(-5.9996339513145,-33.0920003723618,30.3791338322728));
#5706=CARTESIAN_POINT('',(-2.99963395131457,-42.2273526397944,30.3791338322728));
#5707=CARTESIAN_POINT('',(6.4153660486855,-14.3645002680538,30.3791338322726));
#5708=CARTESIAN_POINT('',(6.4153660486855,-16.8145002680536,30.3791338322726));
#5709=CARTESIAN_POINT('',(6.57319435082666,-14.3645002680538,30.3791338322726));
#5710=CARTESIAN_POINT('',(1.0003660486855,-11.9195000594374,30.3791338322726));
#5711=CARTESIAN_POINT('Origin',(0.000366048685495928,-11.9195000594374,
30.3791338322726));
#5712=CARTESIAN_POINT('Origin',(-34.6175130110311,-31.9999999999999,18.8599690528278));
#5713=CARTESIAN_POINT('',(-34.6175130110311,2.6000000000002,18.8599690528278));
#5714=CARTESIAN_POINT('',(-34.6175130110311,-29.9999999999999,18.8599690528278));
#5715=CARTESIAN_POINT('',(-34.6175130110311,-23.3499999999999,18.8599690528278));
#5716=CARTESIAN_POINT('',(-27.1486026491998,2.60000000000024,11.3910586909965));
#5717=CARTESIAN_POINT('',(-13.379392513693,2.60000000000024,-2.37815144451034));
#5718=CARTESIAN_POINT('',(-32.8533169747009,-29.9999999999999,17.0957730164976));
#5719=CARTESIAN_POINT('',(-31.7747577426615,-23.8364957545185,16.0172137844582));
#5720=CARTESIAN_POINT('',(-34.6175130110311,-29.9999999999999,18.8599690528278));
#5721=CARTESIAN_POINT('Origin',(-30.7284257145051,-29.9999999999999,22.7490563493538));
#5722=CARTESIAN_POINT('',(-30.7284257145051,-29.9999999999999,22.7490563493538));
#5723=CARTESIAN_POINT('',(-31.7890858862849,-29.9999999999999,21.688396177574));
#5724=CARTESIAN_POINT('',(-28.9642296781749,-29.9999999999999,20.9848603130236));
#5725=CARTESIAN_POINT('',(-30.0248898499547,-29.9999999999999,19.9242001412437));
#5726=CARTESIAN_POINT('',(-30.7284257145051,-29.9999999999999,22.7490563493538));
#5727=CARTESIAN_POINT('Origin',(-30.7284257145051,2.60000000000016,22.7490563493538));
#5728=CARTESIAN_POINT('',(-30.7284257145051,2.60000000000016,22.7490563493538));
#5729=CARTESIAN_POINT('',(-30.7284257145051,-31.9999999999999,22.7490563493538));
#5730=CARTESIAN_POINT('',(-23.2595153526738,2.60000000000016,15.2801459875225));
#5731=CARTESIAN_POINT('',(-25.0330288463968,-7.53487031890798,17.0536594812455));
#5732=CARTESIAN_POINT('',(-9.49030521716696,2.60000000000027,1.51093585201565));
#5733=CARTESIAN_POINT('Origin',(-28.4968355085952,-15.2066048686972,16.2748254563246));
#5734=CARTESIAN_POINT('',(-33.9440831645393,2.6000000000002,4.59557817565695));
#5735=CARTESIAN_POINT('Origin',(-32.8497460580647,-14.6999999999999,20.6277360057941));
#5736=CARTESIAN_POINT('',(-41.4129935263706,2.60000000000016,12.0644885374882));
#5737=CARTESIAN_POINT('Origin',(3.81024309129334,-40.5463482128549,-11.0169604907198));
#5738=CARTESIAN_POINT('',(2.94722759836955,-40.5465517427204,-11.0171017483463));
#5739=CARTESIAN_POINT('',(2.94724309129334,-31.1732207465756,-24.5221525311658));
#5740=CARTESIAN_POINT('',(2.94724309129334,-38.7002942639972,-13.6768318288659));
#5741=CARTESIAN_POINT('',(3.81024309129334,-40.5463482128549,-11.0169604907198));
#5742=CARTESIAN_POINT('',(3.81024309129334,-40.5463482128549,-11.0169604907198));
#5743=CARTESIAN_POINT('',(3.81024309129334,-31.1732207465756,-24.5221525311658));
#5744=CARTESIAN_POINT('',(3.81024309129334,-40.5463482128549,-11.0169604907198));
#5745=CARTESIAN_POINT('',(3.81024309129334,-31.1732207465756,-24.5221525311658));
#5746=CARTESIAN_POINT('Origin',(2.44724309129334,-39.1110572929804,-13.9619173143269));
#5747=CARTESIAN_POINT('',(1.94724309129334,-33.0945233270016,-23.5077197302066));
#5748=CARTESIAN_POINT('',(0.709612161857843,-35.472386825341,-22.2522263199055));
#5749=CARTESIAN_POINT('',(1.94724309129334,-40.6278031420998,-12.6534567359893));
#5750=CARTESIAN_POINT('',(1.94724309129334,-39.5218203219636,-14.2470027997879));
#5751=CARTESIAN_POINT('Origin',(1.29814881876256,-41.9011221297821,-11.9572261732306));
#5752=CARTESIAN_POINT('Origin',(8.14999999999998,9.00000000000003,30.375000074506));
#5753=CARTESIAN_POINT('',(-8.15000000000006,2.6000000000002,30.375000074506));
#5754=CARTESIAN_POINT('',(-8.15,9.00000000000006,30.375000074506));
#5755=CARTESIAN_POINT('',(8.14999999999996,2.60000000000013,30.375000074506));
#5756=CARTESIAN_POINT('',(8.14999999999997,7.40000000000006,30.375000074506));
#5757=CARTESIAN_POINT('',(8.14999999999996,2.60000000000013,30.375000074506));
#5758=CARTESIAN_POINT('Origin',(34.9999999999999,2.60000000000016,-3.9749999254941));
#5759=CARTESIAN_POINT('',(35.,2.60000000000016,-11.4749999254939));
#5760=CARTESIAN_POINT('',(35.,8.99999999999999,-11.4749999254939));
#5761=CARTESIAN_POINT('',(34.9999999999999,-3.79999999999966,-7.88524275260837));
#5762=CARTESIAN_POINT('Origin',(34.9999999999999,2.60000000000016,-3.97500006937637));
#5763=CARTESIAN_POINT('',(34.9999999999999,-3.7999999999997,-0.0647568342006366));
#5764=CARTESIAN_POINT('',(34.9999999999999,-3.79999999999966,-7.88524275260837));
#5765=CARTESIAN_POINT('',(35.,2.60000000000016,3.52500007450608));
#5766=CARTESIAN_POINT('Origin',(34.9999999999999,2.60000000000016,-3.97500006937637));
#5767=CARTESIAN_POINT('',(35.,8.99999999999999,3.52500007450608));
#5768=CARTESIAN_POINT('',(35.,7.4999999999999,-7.4376577586979));
#5769=CARTESIAN_POINT('',(34.9999999999999,7.4999999999999,-0.512341881424163));
#5770=CARTESIAN_POINT('',(34.9999999999999,7.50000000000004,-2.22785935088112));
#5771=CARTESIAN_POINT('',(34.9999999999999,-2.29999999999961,-0.512341881424163));
#5772=CARTESIAN_POINT('Origin',(34.9999999999999,2.60000000000016,-3.97500006937637));
#5773=CARTESIAN_POINT('',(34.9999999999999,-2.29999999999954,-7.43765775869797));
#5774=CARTESIAN_POINT('',(34.9999999999999,-2.29999999999964,-5.7221403928127));
#5775=CARTESIAN_POINT('Origin',(34.9999999999999,2.60000000000016,-3.97500006937637));
#5776=CARTESIAN_POINT('Origin',(35.,8.99999999999999,3.52500007450608));
#5777=CARTESIAN_POINT('',(35.,2.60000000000016,3.52500007450633));
#5778=CARTESIAN_POINT('Origin',(34.9999999999999,2.60000000000016,-3.97500006937637));
#5779=CARTESIAN_POINT('',(49.9999999999999,-2.29999999999964,-0.512341881424092));
#5780=CARTESIAN_POINT('',(49.9999999999999,7.4999999999999,-0.512341881424092));
#5781=CARTESIAN_POINT('Origin',(49.9999999999999,2.60000000000013,-3.97500006937626));
#5782=CARTESIAN_POINT('',(34.9999999999999,-2.29999999999968,-0.512341881424518));
#5783=CARTESIAN_POINT('',(34.9999999999999,7.50000000000004,-0.512341881424554));
#5784=CARTESIAN_POINT('Origin',(49.9999999999999,2.60000000000013,-3.97499992549399));
#5785=CARTESIAN_POINT('',(50.,2.60000000000016,3.52500007450608));
#5786=CARTESIAN_POINT('',(49.9999999999999,-3.79999999999973,-0.0647568342005655));
#5787=CARTESIAN_POINT('Origin',(49.9999999999999,2.60000000000013,-3.97500006937626));
#5788=CARTESIAN_POINT('',(49.9999999999999,-3.7999999999997,-7.8852427526083));
#5789=CARTESIAN_POINT('',(49.9999999999999,-3.7999999999997,-7.8852427526083));
#5790=CARTESIAN_POINT('',(50.,2.60000000000016,-11.4749999254939));
#5791=CARTESIAN_POINT('Origin',(49.9999999999999,2.60000000000013,-3.97500006937626));
#5792=CARTESIAN_POINT('',(50.,2.60000000000016,-11.4749999254939));
#5793=CARTESIAN_POINT('',(50.,2.60000000000016,3.52500007450608));
#5794=CARTESIAN_POINT('',(50.,7.4999999999999,-7.43765775869775));
#5795=CARTESIAN_POINT('',(49.9999999999999,7.49999999999997,-2.22785935088101));
#5796=CARTESIAN_POINT('',(49.9999999999999,-2.29999999999957,-7.4376577586979));
#5797=CARTESIAN_POINT('Origin',(49.9999999999999,2.60000000000013,-3.97500006937626));
#5798=CARTESIAN_POINT('',(49.9999999999999,-2.29999999999971,-5.72214039281263));
#5799=CARTESIAN_POINT('Origin',(34.9999999999999,2.60000000000016,-3.97500006937637));
#5800=CARTESIAN_POINT('',(34.9999999999999,-2.29999999999961,-7.43765775869761));
#5801=CARTESIAN_POINT('',(35.,7.50000000000004,-7.43765775869747));
#5802=CARTESIAN_POINT('Origin',(34.9999999999999,7.50000000000004,-0.480718776268176));
#5803=CARTESIAN_POINT('Origin',(34.9999999999999,-2.29999999999964,-7.46928086013131));
#5804=CARTESIAN_POINT('Origin',(34.9999999999999,-3.7999999999997,-0.0647568342006366));
#5805=CARTESIAN_POINT('',(34.9999999999999,-3.79999999999966,-7.88524275260837));
#5806=CARTESIAN_POINT('',(34.9999999999999,-3.7999999999997,-0.0647568342006366));
#5807=CARTESIAN_POINT('Origin',(34.9999999999999,2.60000000000016,-3.97500006937637));
#5808=CARTESIAN_POINT('',(43.5000006705523,2.60000000000013,3.52500007450605));
#5809=CARTESIAN_POINT('',(34.9999999999999,2.60000000000016,3.52500007450601));
#5810=CARTESIAN_POINT('',(38.5000000000003,2.60000000000016,3.52500007450605));
#5811=CARTESIAN_POINT('',(34.9999999999999,2.60000000000016,3.52500007450601));
#5812=CARTESIAN_POINT('',(34.9999999999999,2.60000000000016,3.52500007450601));
#5813=CARTESIAN_POINT('Origin',(50.,2.60000000000016,-11.4749999254939));
#5814=CARTESIAN_POINT('',(7.49999999999999,2.60000000000013,-53.9749999254938));
#5815=CARTESIAN_POINT('',(50.,2.60000000000013,-11.4749999254941));
#5816=CARTESIAN_POINT('',(7.49999999999999,9.00000000000003,-53.9749999254938));
#5817=CARTESIAN_POINT('Origin',(-3.4942809346374,-2.29999999999964,-38.9749999254939));
#5818=CARTESIAN_POINT('',(3.4626580440694,-2.29999999999968,-38.9749999254938));
#5819=CARTESIAN_POINT('',(-3.46265783320373,-2.29999999999964,-38.9749999254939));
#5820=CARTESIAN_POINT('',(-1.74714046731881,-2.29999999999964,-38.9749999254938));
#5821=CARTESIAN_POINT('',(3.46265804406957,-2.29999999999964,-53.9749999254938));
#5822=CARTESIAN_POINT('',(3.46265804406937,-2.29999999999968,-38.9749999254938));
#5823=CARTESIAN_POINT('',(-3.46265783320367,-2.29999999999964,-53.9749999254938));
#5824=CARTESIAN_POINT('',(-1.74714046731872,-2.29999999999964,-53.9749999254938));
#5825=CARTESIAN_POINT('',(-3.4626578332037,-2.29999999999961,-38.9749999254939));
#5826=CARTESIAN_POINT('Origin',(3.49428114922574,7.50000000000004,-38.9749999254938));
#5827=CARTESIAN_POINT('',(3.46265804406947,7.49999999999997,-53.9749999254938));
#5828=CARTESIAN_POINT('',(-3.46265783320349,7.50000000000001,-53.9749999254939));
#5829=CARTESIAN_POINT('',(1.74714057461287,7.50000000000001,-53.9749999254938));
#5830=CARTESIAN_POINT('',(3.4626580440694,7.50000000000004,-38.9749999254938));
#5831=CARTESIAN_POINT('',(3.46265804406934,7.50000000000004,-38.9749999254938));
#5832=CARTESIAN_POINT('',(-3.4626578332036,7.50000000000004,-38.9749999254939));
#5833=CARTESIAN_POINT('',(1.74714057461278,7.50000000000004,-38.9749999254938));
#5834=CARTESIAN_POINT('',(-3.46265783320357,7.50000000000004,-38.9749999254939));
#5835=CARTESIAN_POINT('Origin',(-1.77635683940025E-13,2.60000000000016,
-38.9749999254938));
#5836=CARTESIAN_POINT('',(-7.50000000000001,2.60000000000013,-38.9749999254938));
#5837=CARTESIAN_POINT('',(-3.81024282711448,-3.86003471636506,-38.9749999254939));
#5838=CARTESIAN_POINT('Origin',(-1.43882467051881E-7,2.60000000000016,-38.9749999254938));
#5839=CARTESIAN_POINT('',(-3.81024282711448,-3.7999999999997,-38.9749999254938));
#5840=CARTESIAN_POINT('',(-3.81024282711449,-0.599999999999767,-38.9749999254939));
#5841=CARTESIAN_POINT('',(3.91024309129325,-3.7999999999997,-38.9749999254938));
#5842=CARTESIAN_POINT('',(-3.91024282711448,-3.79999999999966,-38.9749999254939));
#5843=CARTESIAN_POINT('',(7.49999999999999,2.60000000000013,-38.9749999254938));
#5844=CARTESIAN_POINT('Origin',(-1.43882467051881E-7,2.60000000000016,-38.9749999254938));
#5845=CARTESIAN_POINT('',(7.49999999999999,2.60000000000013,-38.9749999254938));
#5846=CARTESIAN_POINT('',(-7.50000000000001,2.60000000000013,-38.9749999254938));
#5847=CARTESIAN_POINT('Origin',(-1.43882467051881E-7,2.60000000000016,-38.9749999254938));
#5848=CARTESIAN_POINT('Origin',(-1.43882467051881E-7,2.60000000000016,-38.9749999254938));
#5849=CARTESIAN_POINT('Origin',(-1.43882467051881E-7,2.60000000000016,-38.9749999254938));
#5850=CARTESIAN_POINT('Origin',(-1.43882377123816E-7,2.60000000000013,-53.9749999254938));
#5851=CARTESIAN_POINT('Origin',(-1.43882467051881E-7,2.60000000000016,-38.9749999254938));
#5852=CARTESIAN_POINT('',(3.81024309129325,-3.86003472490912,-38.9433020582421));
#5853=CARTESIAN_POINT('Origin',(-1.43882446793186E-7,2.60000000000016,-42.3541500876196));
#5854=CARTESIAN_POINT('',(3.81024309129334,-3.86003472490916,-53.9358134370149));
#5855=CARTESIAN_POINT('',(3.81024309129325,-3.86003472490912,-38.9749999254938));
#5856=CARTESIAN_POINT('',(3.91024309129334,-3.79999999999973,-53.9749999254938));
#5857=CARTESIAN_POINT('Origin',(-1.43882352079004E-7,2.60000000000013,-58.1524743229127));
#5858=CARTESIAN_POINT('Origin',(-1.43882377123816E-7,2.60000000000013,-53.9749999254938));
#5859=CARTESIAN_POINT('',(7.49999999999997,2.60000000000013,-47.4750005960462));
#5860=CARTESIAN_POINT('',(7.49999999999991,2.60000000000013,-38.9749999254938));
#5861=CARTESIAN_POINT('',(7.49999999999996,2.60000000000016,-42.4749999254942));
#5862=CARTESIAN_POINT('',(7.49999999999991,2.60000000000013,-38.9749999254938));
#5863=CARTESIAN_POINT('',(7.49999999999991,2.60000000000013,-38.9749999254938));
#5864=CARTESIAN_POINT('Origin',(-1.43882467051881E-7,2.60000000000016,-38.9749999254938));
#5865=CARTESIAN_POINT('Origin',(-1.43882377123816E-7,2.60000000000013,-53.9749999254938));
#5866=CARTESIAN_POINT('Origin',(-8.77076189453874E-14,2.60000000000013,
-53.9749999254938));
#5867=CARTESIAN_POINT('',(-3.91024282711438,-3.7999999999997,-53.9749999254939));
#5868=CARTESIAN_POINT('',(-3.91024282711439,-3.7999999999997,-53.9749999254939));
#5869=CARTESIAN_POINT('',(-7.50000000000001,2.60000000000013,-53.9749999254938));
#5870=CARTESIAN_POINT('Origin',(-1.43882377123816E-7,2.60000000000013,-53.9749999254938));
#5871=CARTESIAN_POINT('',(-7.50000000000001,9.00000000000003,-53.9749999254938));
#5872=CARTESIAN_POINT('Origin',(34.9999999999999,2.60000000000016,-3.97500006937637));
#5873=CARTESIAN_POINT('',(43.4638590969391,2.60000000000013,-11.4749999254941));
#5874=CARTESIAN_POINT('',(43.5370348248066,2.60000000000013,-11.4749999254941));
#5875=CARTESIAN_POINT('Ctrl Pts',(43.4638590969395,2.60000000000013,-11.4749999254941));
#5876=CARTESIAN_POINT('Ctrl Pts',(43.4638590969395,2.58708063724111,-11.4749999254941));
#5877=CARTESIAN_POINT('Ctrl Pts',(43.4652470546377,2.57304901622906,-11.4749630611258));
#5878=CARTESIAN_POINT('Ctrl Pts',(43.470214041119,2.55330023589299,-11.4748574204606));
#5879=CARTESIAN_POINT('Ctrl Pts',(43.4723306203272,2.5469594426868,-11.4748146793744));
#5880=CARTESIAN_POINT('Ctrl Pts',(43.4777948523114,2.53518851143984,-11.4747221943028));
#5881=CARTESIAN_POINT('Ctrl Pts',(43.4810531512854,2.52971710353997,-11.4746719816164));
#5882=CARTESIAN_POINT('Ctrl Pts',(43.4875577617172,2.52328373741094,-11.4746077946586));
#5883=CARTESIAN_POINT('Ctrl Pts',(43.489871069348,2.52145095294342,-11.4745886785611));
#5884=CARTESIAN_POINT('Ctrl Pts',(43.4949701964049,2.51889844504082,-11.4745615388324));
#5885=CARTESIAN_POINT('Ctrl Pts',(43.4977577474237,2.51818218098781,-11.4745536351733));
#5886=CARTESIAN_POINT('Ctrl Pts',(43.5031361743219,2.51818218098781,-11.4745536351733));
#5887=CARTESIAN_POINT('Ctrl Pts',(43.5059237253407,2.51889844504089,-11.4745615388324));
#5888=CARTESIAN_POINT('Ctrl Pts',(43.5110228523977,2.5214509529435,-11.4745886785611));
#5889=CARTESIAN_POINT('Ctrl Pts',(43.5133361600285,2.52328373741094,-11.4746077946586));
#5890=CARTESIAN_POINT('Ctrl Pts',(43.5198407704603,2.52971710353997,-11.4746719816164));
#5891=CARTESIAN_POINT('Ctrl Pts',(43.5230990694343,2.53518851143981,-11.4747221943028));
#5892=CARTESIAN_POINT('Ctrl Pts',(43.5285633014185,2.54695944268676,-11.4748146793744));
#5893=CARTESIAN_POINT('Ctrl Pts',(43.5306798806267,2.55330023589299,-11.4748574204606));
#5894=CARTESIAN_POINT('Ctrl Pts',(43.535646867108,2.57304901622906,-11.4749630611258));
#5895=CARTESIAN_POINT('Ctrl Pts',(43.5370348248063,2.58708063724111,-11.4749999254941));
#5896=CARTESIAN_POINT('Ctrl Pts',(43.5370348248063,2.60000000000013,-11.4749999254941));
#5897=CARTESIAN_POINT('',(35.,2.60000000000016,-11.4749999254942));
#5898=CARTESIAN_POINT('',(38.4619658523164,2.60000000000016,-11.4749999254941));
#5899=CARTESIAN_POINT('',(35.,2.60000000000016,-11.4749999254942));
#5900=CARTESIAN_POINT('',(38.5390239698892,2.60000000000016,-11.4749999254941));
#5901=CARTESIAN_POINT('Ctrl Pts',(38.461965852317,2.60000000000016,-11.4749999254941));
#5902=CARTESIAN_POINT('Ctrl Pts',(38.461965852317,2.58639508770582,-11.4749999254941));
#5903=CARTESIAN_POINT('Ctrl Pts',(38.4634274176445,2.57161890185924,-11.4749590450245));
#5904=CARTESIAN_POINT('Ctrl Pts',(38.4686578710055,2.55082219979159,-11.474841895524));
#5905=CARTESIAN_POINT('Ctrl Pts',(38.4708867260246,2.54414495007094,-11.4747944980742));
#5906=CARTESIAN_POINT('Ctrl Pts',(38.4766408420763,2.53174943205946,-11.4746919373048));
#5907=CARTESIAN_POINT('Ctrl Pts',(38.4800720071378,2.52598770450608,-11.4746362542247));
#5908=CARTESIAN_POINT('Ctrl Pts',(38.4869217569152,2.51921297199946,-11.4745650743493));
#5909=CARTESIAN_POINT('Ctrl Pts',(38.4893578155786,2.51728293659476,-11.4745438756172));
#5910=CARTESIAN_POINT('Ctrl Pts',(38.4947275226831,2.51459498953594,-11.474513779119));
#5911=CARTESIAN_POINT('Ctrl Pts',(38.4976629944565,2.5138407204047,-11.4745050143915));
#5912=CARTESIAN_POINT('Ctrl Pts',(38.5033268277491,2.5138407204047,-11.4745050143915));
#5913=CARTESIAN_POINT('Ctrl Pts',(38.5062622995224,2.51459498953594,-11.474513779119));
#5914=CARTESIAN_POINT('Ctrl Pts',(38.5116320066269,2.51728293659476,-11.4745438756172));
#5915=CARTESIAN_POINT('Ctrl Pts',(38.5140680652904,2.51921297199946,-11.4745650743493));
#5916=CARTESIAN_POINT('Ctrl Pts',(38.5209178150677,2.52598770450608,-11.4746362542247));
#5917=CARTESIAN_POINT('Ctrl Pts',(38.5243489801293,2.53174943205942,-11.4746919373048));
#5918=CARTESIAN_POINT('Ctrl Pts',(38.5301030961809,2.54414495007091,-11.4747944980742));
#5919=CARTESIAN_POINT('Ctrl Pts',(38.5323319512,2.55082219979159,-11.474841895524));
#5920=CARTESIAN_POINT('Ctrl Pts',(38.5375624045611,2.57161890185924,-11.4749590450245));
#5921=CARTESIAN_POINT('Ctrl Pts',(38.5390239698886,2.58639508770582,-11.4749999254941));
#5922=CARTESIAN_POINT('Ctrl Pts',(38.5390239698886,2.60000000000016,-11.4749999254941));
#5923=CARTESIAN_POINT('',(35.,2.60000000000016,-11.4749999254942));
#5924=CARTESIAN_POINT('Origin',(-1.43882467051881E-7,2.60000000000016,-38.9749999254938));
#5925=CARTESIAN_POINT('',(-7.50000000000021,2.60000000000009,-47.4388590224327));
#5926=CARTESIAN_POINT('',(-7.49955370967944,2.51818218098701,-47.4754468863668));
#5927=CARTESIAN_POINT('Ctrl Pts',(-7.50000000000021,2.60000000000013,-47.4388590224327));
#5928=CARTESIAN_POINT('Ctrl Pts',(-7.50000000000021,2.58708063724101,-47.4388590224327));
#5929=CARTESIAN_POINT('Ctrl Pts',(-7.49996313563192,2.57304901622878,-47.4402469801313));
#5930=CARTESIAN_POINT('Ctrl Pts',(-7.49985749496672,2.55330023589256,-47.4452139666127));
#5931=CARTESIAN_POINT('Ctrl Pts',(-7.4998147538805,2.5469594426863,-47.4473305458209));
#5932=CARTESIAN_POINT('Ctrl Pts',(-7.49972226880889,2.53518851143927,-47.4527947778051));
#5933=CARTESIAN_POINT('Ctrl Pts',(-7.49967205612247,2.52971710353933,-47.4560530767792));
#5934=CARTESIAN_POINT('Ctrl Pts',(-7.49960786916471,2.52328373741027,-47.462557687211));
#5935=CARTESIAN_POINT('Ctrl Pts',(-7.49958875306716,2.52145095294275,-47.4648709948418));
#5936=CARTESIAN_POINT('Ctrl Pts',(-7.49956161333853,2.51889844504007,-47.4699701218988));
#5937=CARTESIAN_POINT('Ctrl Pts',(-7.49955370967944,2.51818218098701,-47.4727576729176));
#5938=CARTESIAN_POINT('Ctrl Pts',(-7.49955370967944,2.51818218098701,-47.4754468863668));
#5939=CARTESIAN_POINT('',(-7.50000000000021,2.60000000000009,-47.5120347503009));
#5940=CARTESIAN_POINT('Ctrl Pts',(-7.49955370967944,2.51818218098701,-47.4754468863668));
#5941=CARTESIAN_POINT('Ctrl Pts',(-7.49955370967944,2.51818218098701,-47.4781360998159));
#5942=CARTESIAN_POINT('Ctrl Pts',(-7.49956161333853,2.51889844504007,-47.4809236508348));
#5943=CARTESIAN_POINT('Ctrl Pts',(-7.49958875306716,2.52145095294275,-47.4860227778917));
#5944=CARTESIAN_POINT('Ctrl Pts',(-7.49960786916471,2.52328373741027,-47.4883360855225));
#5945=CARTESIAN_POINT('Ctrl Pts',(-7.49967205612247,2.52971710353933,-47.4948406959544));
#5946=CARTESIAN_POINT('Ctrl Pts',(-7.49972226880889,2.53518851143927,-47.4980989949285));
#5947=CARTESIAN_POINT('Ctrl Pts',(-7.4998147538805,2.5469594426863,-47.5035632269127));
#5948=CARTESIAN_POINT('Ctrl Pts',(-7.49985749496672,2.55330023589256,-47.5056798061209));
#5949=CARTESIAN_POINT('Ctrl Pts',(-7.49996313563192,2.57304901622878,-47.5106467926023));
#5950=CARTESIAN_POINT('Ctrl Pts',(-7.50000000000021,2.58708063724101,-47.5120347503009));
#5951=CARTESIAN_POINT('Ctrl Pts',(-7.50000000000021,2.60000000000013,-47.5120347503009));
#5952=CARTESIAN_POINT('',(-7.50000000000027,2.60000000000013,-38.9749999254939));
#5953=CARTESIAN_POINT('',(-3.81024282711439,-3.86003471636509,-53.9358134425919));
#5954=CARTESIAN_POINT('Origin',(-1.43882352079004E-7,2.60000000000013,-58.1524743229127));
#5955=CARTESIAN_POINT('',(-3.81024282711448,-3.86003471636506,-38.9749999254939));
#5956=CARTESIAN_POINT('',(-7.50000000000024,2.60000000000013,-42.43696577781));
#5957=CARTESIAN_POINT('',(-7.50000000000027,2.60000000000013,-38.9749999254939));
#5958=CARTESIAN_POINT('',(-7.49950508889758,2.51384072040402,-42.4754948365967));
#5959=CARTESIAN_POINT('Ctrl Pts',(-7.50000000000024,2.60000000000016,-42.4369657778101));
#5960=CARTESIAN_POINT('Ctrl Pts',(-7.50000000000024,2.58639508770575,-42.4369657778101));
#5961=CARTESIAN_POINT('Ctrl Pts',(-7.49995911953054,2.57161890185906,-42.4384273431381));
#5962=CARTESIAN_POINT('Ctrl Pts',(-7.49984197003015,2.5508221997912,-42.4436577964992));
#5963=CARTESIAN_POINT('Ctrl Pts',(-7.4997945725803,2.54414495007045,-42.4458866515183));
#5964=CARTESIAN_POINT('Ctrl Pts',(-7.49969201181092,2.53174943205892,-42.45164076757));
#5965=CARTESIAN_POINT('Ctrl Pts',(-7.49963632873086,2.52598770450558,-42.4550719326316));
#5966=CARTESIAN_POINT('Ctrl Pts',(-7.4995651488554,2.51921297199886,-42.461921682409));
#5967=CARTESIAN_POINT('Ctrl Pts',(-7.49954395012332,2.5172829365943,-42.4643577410725));
#5968=CARTESIAN_POINT('Ctrl Pts',(-7.49951385362506,2.51459498953548,-42.4697274481771));
#5969=CARTESIAN_POINT('Ctrl Pts',(-7.49950508889758,2.51384072040403,-42.4726629199504));
#5970=CARTESIAN_POINT('Ctrl Pts',(-7.49950508889758,2.51384072040403,-42.4754948365967));
#5971=CARTESIAN_POINT('',(-7.50000000000024,2.60000000000013,-42.5140238953834));
#5972=CARTESIAN_POINT('Ctrl Pts',(-7.49950508889758,2.51384072040403,-42.4754948365967));
#5973=CARTESIAN_POINT('Ctrl Pts',(-7.49950508889758,2.51384072040402,-42.478326753243));
#5974=CARTESIAN_POINT('Ctrl Pts',(-7.49951385362506,2.51459498953541,-42.4812622250163));
#5975=CARTESIAN_POINT('Ctrl Pts',(-7.49954395012332,2.51728293659423,-42.4866319321209));
#5976=CARTESIAN_POINT('Ctrl Pts',(-7.4995651488554,2.51921297199883,-42.4890679907844));
#5977=CARTESIAN_POINT('Ctrl Pts',(-7.49963632873086,2.52598770450551,-42.4959177405618));
#5978=CARTESIAN_POINT('Ctrl Pts',(-7.49969201181092,2.53174943205889,-42.4993489056234));
#5979=CARTESIAN_POINT('Ctrl Pts',(-7.4997945725803,2.54414495007041,-42.5051030216751));
#5980=CARTESIAN_POINT('Ctrl Pts',(-7.49984197003015,2.55082219979113,-42.5073318766942));
#5981=CARTESIAN_POINT('Ctrl Pts',(-7.49995911953054,2.57161890185899,-42.5125623300553));
#5982=CARTESIAN_POINT('Ctrl Pts',(-7.50000000000024,2.58639508770572,-42.5140238953834));
#5983=CARTESIAN_POINT('Ctrl Pts',(-7.50000000000024,2.60000000000016,-42.5140238953834));
#5984=CARTESIAN_POINT('',(-7.50000000000027,2.60000000000013,-38.9749999254939));
#5985=CARTESIAN_POINT('Origin',(21.642574336513,9.00000000000006,21.8824257379934));
#5986=CARTESIAN_POINT('',(23.142574336513,2.60000000000016,21.8824257379934));
#5987=CARTESIAN_POINT('',(23.142574336513,9.00000000000006,21.8824257379934));
#5988=CARTESIAN_POINT('Origin',(21.642574336513,2.60000000000016,21.8824257379934));
#5989=CARTESIAN_POINT('Origin',(30.0712871682567,9.00000000000006,13.4537129062497));
#5990=CARTESIAN_POINT('',(31.5712871682567,2.60000000000016,13.4537129062497));
#5991=CARTESIAN_POINT('',(31.5712871682567,9.00000000000006,13.4537129062497));
#5992=CARTESIAN_POINT('Origin',(30.0712871682567,2.60000000000016,13.4537129062497));
#5993=CARTESIAN_POINT('Origin',(38.5000000000003,9.00000000000006,5.0250000745061));
#5994=CARTESIAN_POINT('',(40.0000000000003,2.60000000000016,5.0250000745061));
#5995=CARTESIAN_POINT('',(40.0000000000003,9.00000000000006,5.0250000745061));
#5996=CARTESIAN_POINT('Origin',(38.5000000000003,2.60000000000016,5.0250000745061));
#5997=CARTESIAN_POINT('Origin',(38.5000000000003,2.60000000000016,5.0250000745061));
#5998=CARTESIAN_POINT('Origin',(39.1878910907638,9.00000000000006,-17.2871095052825));
#5999=CARTESIAN_POINT('',(40.6878910907638,2.60000000000016,-17.2871095052825));
#6000=CARTESIAN_POINT('',(40.6878910907638,9.00000000000006,-17.2871095052825));
#6001=CARTESIAN_POINT('Origin',(39.1878910907638,2.60000000000016,-17.2871095052825));
#6002=CARTESIAN_POINT('Origin',(30.5627793505455,9.00000000000006,-25.9122212455006));
#6003=CARTESIAN_POINT('',(32.0627793505455,2.60000000000016,-25.9122212455006));
#6004=CARTESIAN_POINT('',(32.0627793505455,9.00000000000006,-25.9122212455006));
#6005=CARTESIAN_POINT('Origin',(30.5627793505455,2.60000000000016,-25.9122212455006));
#6006=CARTESIAN_POINT('Origin',(13.3125558701091,9.00000000000006,-43.1624447259371));
#6007=CARTESIAN_POINT('',(14.8125558701091,2.60000000000016,-43.1624447259371));
#6008=CARTESIAN_POINT('',(14.8125558701091,9.00000000000006,-43.1624447259371));
#6009=CARTESIAN_POINT('Origin',(13.3125558701091,2.60000000000016,-43.1624447259371));
#6010=CARTESIAN_POINT('Origin',(17.6251117402182,9.00000000000006,-38.849888855828));
#6011=CARTESIAN_POINT('',(19.1251117402182,2.60000000000016,-38.849888855828));
#6012=CARTESIAN_POINT('',(19.1251117402182,9.00000000000006,-38.849888855828));
#6013=CARTESIAN_POINT('Origin',(17.6251117402182,2.60000000000016,-38.849888855828));
#6014=CARTESIAN_POINT('Origin',(30.0717820793591,9.00000000000006,-21.4032178461351));
#6015=CARTESIAN_POINT('',(31.5717820793591,2.60000000000016,-21.4032178461351));
#6016=CARTESIAN_POINT('',(31.5717820793591,9.00000000000006,-21.4032178461351));
#6017=CARTESIAN_POINT('Origin',(30.0717820793591,2.60000000000016,-21.4032178461351));
#6018=CARTESIAN_POINT('Origin',(38.5004949111028,9.00000000000006,-12.9745050143915));
#6019=CARTESIAN_POINT('',(40.0004949111028,2.60000000000016,-12.9745050143915));
#6020=CARTESIAN_POINT('',(40.0004949111028,9.00000000000006,-12.9745050143915));
#6021=CARTESIAN_POINT('Origin',(38.5004949111028,2.60000000000016,-12.9745050143915));
#6022=CARTESIAN_POINT('Origin',(38.5004949111028,2.60000000000016,-12.9745050143915));
#6023=CARTESIAN_POINT('Origin',(39.1874448004431,9.00000000000006,9.3375559446152));
#6024=CARTESIAN_POINT('',(40.6874448004431,2.60000000000016,9.3375559446152));
#6025=CARTESIAN_POINT('',(40.6874448004431,9.00000000000006,9.3375559446152));
#6026=CARTESIAN_POINT('Origin',(39.1874448004431,2.60000000000016,9.3375559446152));
#6027=CARTESIAN_POINT('Origin',(30.5623330602249,9.00000000000006,17.9626676848334));
#6028=CARTESIAN_POINT('',(32.0623330602249,2.60000000000016,17.9626676848334));
#6029=CARTESIAN_POINT('',(32.0623330602249,9.00000000000006,17.9626676848334));
#6030=CARTESIAN_POINT('Origin',(30.5623330602249,2.60000000000016,17.9626676848334));
#6031=CARTESIAN_POINT('Origin',(21.9372213200067,9.00000000000006,26.5877794250516));
#6032=CARTESIAN_POINT('',(23.4372213200067,2.60000000000016,26.5877794250516));
#6033=CARTESIAN_POINT('',(23.4372213200067,9.00000000000006,26.5877794250516));
#6034=CARTESIAN_POINT('Origin',(21.9372213200067,2.60000000000016,26.5877794250516));
#6035=CARTESIAN_POINT('Origin',(26.2497771901158,9.00000000000006,22.2752235549425));
#6036=CARTESIAN_POINT('',(27.7497771901158,2.60000000000016,22.2752235549425));
#6037=CARTESIAN_POINT('',(27.7497771901158,9.00000000000006,22.2752235549425));
#6038=CARTESIAN_POINT('Origin',(26.2497771901158,2.60000000000016,22.2752235549425));
#6039=CARTESIAN_POINT('Origin',(34.874888930334,9.00000000000006,13.6501118147243));
#6040=CARTESIAN_POINT('',(36.374888930334,2.60000000000016,13.6501118147243));
#6041=CARTESIAN_POINT('',(36.374888930334,9.00000000000006,13.6501118147243));
#6042=CARTESIAN_POINT('Origin',(34.874888930334,2.60000000000016,13.6501118147243));
#6043=CARTESIAN_POINT('Origin',(43.5000006705522,9.00000000000006,5.0250000745061));
#6044=CARTESIAN_POINT('',(45.0000006705522,2.60000000000016,5.0250000745061));
#6045=CARTESIAN_POINT('',(45.0000006705522,9.00000000000006,5.0250000745061));
#6046=CARTESIAN_POINT('Origin',(43.5000006705522,2.60000000000016,5.0250000745061));
#6047=CARTESIAN_POINT('Origin',(43.5000006705522,2.60000000000016,5.0250000745061));
#6048=CARTESIAN_POINT('Origin',(34.286138495231,9.00000000000006,-17.1888614302633));
#6049=CARTESIAN_POINT('',(35.786138495231,2.60000000000016,-17.1888614302633));
#6050=CARTESIAN_POINT('',(35.786138495231,9.00000000000006,-17.1888614302633));
#6051=CARTESIAN_POINT('Origin',(34.286138495231,2.60000000000016,-17.1888614302633));
#6052=CARTESIAN_POINT('Origin',(26.2502234804364,9.00000000000006,-30.2247771156098));
#6053=CARTESIAN_POINT('',(27.7502234804364,2.60000000000016,-30.2247771156098));
#6054=CARTESIAN_POINT('',(27.7502234804364,9.00000000000006,-30.2247771156098));
#6055=CARTESIAN_POINT('Origin',(26.2502234804364,2.60000000000016,-30.2247771156098));
#6056=CARTESIAN_POINT('Origin',(8.99999999999999,9.00000000000006,-42.4749999254942));
#6057=CARTESIAN_POINT('',(10.5,2.60000000000016,-42.4749999254942));
#6058=CARTESIAN_POINT('',(10.5,9.00000000000006,-42.4749999254942));
#6059=CARTESIAN_POINT('Origin',(8.99999999999999,2.60000000000016,-42.4749999254942));
#6060=CARTESIAN_POINT('Origin',(8.99999999999999,2.60000000000016,-42.4749999254942));
#6061=CARTESIAN_POINT('Origin',(-8.99950508889758,9.00000000000006,-42.4754948365967));
#6062=CARTESIAN_POINT('',(-7.49950508889758,9.00000000000006,-42.4754948365967));
#6063=CARTESIAN_POINT('Origin',(-8.99950508889758,2.60000000000016,-42.4754948365967));
#6064=CARTESIAN_POINT('Origin',(-8.99955370967944,9.00000000000006,-47.4754468863668));
#6065=CARTESIAN_POINT('',(-7.49955370967944,9.00000000000006,-47.4754468863668));
#6066=CARTESIAN_POINT('Origin',(-8.99955370967944,2.60000000000016,-47.4754468863668));
#6067=CARTESIAN_POINT('Origin',(8.99999999999999,9.00000000000006,-47.4750005960462));
#6068=CARTESIAN_POINT('',(10.5,2.60000000000016,-47.4750005960462));
#6069=CARTESIAN_POINT('',(10.5,9.00000000000006,-47.4750005960462));
#6070=CARTESIAN_POINT('Origin',(8.99999999999999,2.60000000000016,-47.4750005960462));
#6071=CARTESIAN_POINT('Origin',(8.99999999999999,2.60000000000016,-47.4750005960462));
#6072=CARTESIAN_POINT('Origin',(21.9376676103273,9.00000000000006,-34.5373329857189));
#6073=CARTESIAN_POINT('',(23.4376676103273,2.60000000000016,-34.5373329857189));
#6074=CARTESIAN_POINT('',(23.4376676103273,9.00000000000006,-34.5373329857189));
#6075=CARTESIAN_POINT('Origin',(21.9376676103273,2.60000000000016,-34.5373329857189));
#6076=CARTESIAN_POINT('Origin',(34.8753352206546,9.00000000000006,-21.5996653753916));
#6077=CARTESIAN_POINT('',(36.3753352206546,2.60000000000016,-21.5996653753916));
#6078=CARTESIAN_POINT('',(36.3753352206546,9.00000000000006,-21.5996653753916));
#6079=CARTESIAN_POINT('Origin',(34.8753352206546,2.60000000000016,-21.5996653753916));
#6080=CARTESIAN_POINT('Origin',(43.5004469608729,9.00000000000006,-12.9745536351734));
#6081=CARTESIAN_POINT('',(45.0004469608729,2.60000000000016,-12.9745536351734));
#6082=CARTESIAN_POINT('',(45.0004469608729,9.00000000000006,-12.9745536351734));
#6083=CARTESIAN_POINT('Origin',(43.5004469608729,2.60000000000016,-12.9745536351734));
#6084=CARTESIAN_POINT('Origin',(43.5004469608729,2.60000000000016,-12.9745536351734));
#6085=CARTESIAN_POINT('Origin',(34.2856435841285,9.00000000000006,9.23935649037791));
#6086=CARTESIAN_POINT('',(35.7856435841285,2.60000000000016,9.23935649037791));
#6087=CARTESIAN_POINT('',(35.7856435841285,9.00000000000006,9.23935649037791));
#6088=CARTESIAN_POINT('Origin',(34.2856435841285,2.60000000000016,9.23935649037791));
#6089=CARTESIAN_POINT('Origin',(25.8569307523848,9.00000000000006,17.6680693221216));
#6090=CARTESIAN_POINT('',(27.3569307523848,2.60000000000016,17.6680693221216));
#6091=CARTESIAN_POINT('',(27.3569307523848,9.00000000000006,17.6680693221216));
#6092=CARTESIAN_POINT('Origin',(25.8569307523848,2.60000000000016,17.6680693221216));
#6093=CARTESIAN_POINT('Origin',(17.4282179206412,9.00000000000006,26.0967821538652));
#6094=CARTESIAN_POINT('',(18.9282179206412,2.60000000000016,26.0967821538652));
#6095=CARTESIAN_POINT('',(18.9282179206412,9.00000000000006,26.0967821538652));
#6096=CARTESIAN_POINT('Origin',(17.4282179206412,2.60000000000016,26.0967821538652));
#6097=CARTESIAN_POINT('Origin',(-7.50000000000001,8.99999999999999,-38.9749999254939));
#6098=CARTESIAN_POINT('',(-34.9999999999999,2.60000000000013,-11.4749999254939));
#6099=CARTESIAN_POINT('',(-7.50000000000026,2.60000000000016,-38.9749999254939));
#6100=CARTESIAN_POINT('',(-34.9999999999999,2.60000000000013,-11.4749999254939));
#6101=CARTESIAN_POINT('Origin',(35.,8.99999999999999,-11.4749999254939));
#6102=CARTESIAN_POINT('',(23.3862175361942,2.60000000000016,-23.0887823892995));
#6103=CARTESIAN_POINT('Origin',(35.,2.60000000000016,-11.4749999254942));
#6104=CARTESIAN_POINT('Origin',(-3.81024309129337,-40.5463482128549,-11.0169604907198));
#6105=CARTESIAN_POINT('',(-2.94722759836957,-40.5465517427204,-11.0171017483463));
#6106=CARTESIAN_POINT('',(-2.94724309129337,-31.1732207465756,-24.5221525311658));
#6107=CARTESIAN_POINT('',(-2.94724309129337,-38.7002942639972,-13.6768318288659));
#6108=CARTESIAN_POINT('',(-3.81024309129337,-31.1732207465756,-24.5221525311658));
#6109=CARTESIAN_POINT('',(0.0499999999999041,-31.1732207465756,-24.5221525311658));
#6110=CARTESIAN_POINT('',(-3.81024309129337,-40.5463482128549,-11.0169604907198));
#6111=CARTESIAN_POINT('',(-3.81024309129337,-40.5463482128549,-11.0169604907198));
#6112=CARTESIAN_POINT('',(-3.81024309129337,-40.5463482128549,-11.0169604907198));
#6113=CARTESIAN_POINT('Origin',(-2.44724309129337,-39.1110572929804,-13.9619173143269));
#6114=CARTESIAN_POINT('',(-1.94724309129337,-33.0945233270016,-23.5077197302066));
#6115=CARTESIAN_POINT('',(-5.91312845913645,-25.4748575360912,-27.5308439321909));
#6116=CARTESIAN_POINT('',(-1.94724309129337,-40.6278031420998,-12.6534567359893));
#6117=CARTESIAN_POINT('Origin',(-1.29814881876258,-41.9011221297821,-11.9572261732306));
#6118=CARTESIAN_POINT('',(-1.94724309129337,-39.5218203219636,-14.2470027997879));
#6119=CARTESIAN_POINT('Origin',(-35.,8.99999999999999,3.52500007450608));
#6120=CARTESIAN_POINT('',(-35.,2.60000000000016,3.52500007450608));
#6121=CARTESIAN_POINT('',(-35.,2.60000000000016,3.52500007450633));
#6122=CARTESIAN_POINT('',(-35.,8.99999999999999,3.52500007450608));
#6123=CARTESIAN_POINT('Origin',(-7.50000000000001,2.60000000000016,-53.9749999254939));
#6124=CARTESIAN_POINT('',(-49.9999999999999,2.60000000000013,-11.4749999254939));
#6125=CARTESIAN_POINT('',(-7.50000000000017,2.60000000000013,-53.9749999254939));
#6126=CARTESIAN_POINT('',(-49.9999999999999,9.00000000000003,-11.4749999254939));
#6127=CARTESIAN_POINT('Origin',(-49.9999999999999,9.00000000000003,-11.4749999254939));
#6128=CARTESIAN_POINT('',(-50.,2.60000000000016,3.52500007450608));
#6129=CARTESIAN_POINT('',(-49.9999999999999,2.60000000000013,-11.4749999254939));
#6130=CARTESIAN_POINT('',(-50.,2.60000000000016,3.52500007450608));
#6131=CARTESIAN_POINT('Origin',(-34.9999999999999,2.60000000000013,-11.4749999254939));
#6132=CARTESIAN_POINT('',(-34.9999999999999,2.60000000000013,-11.4749999254939));
#6133=CARTESIAN_POINT('Origin',(-13.3121095797885,9.00000000000006,-43.1628910162577));
#6134=CARTESIAN_POINT('',(-11.8121095797885,2.60000000000016,-43.1628910162577));
#6135=CARTESIAN_POINT('',(-11.8121095797885,9.00000000000006,-43.1628910162577));
#6136=CARTESIAN_POINT('Origin',(-13.3121095797885,2.60000000000016,-43.1628910162577));
#6137=CARTESIAN_POINT('Origin',(-26.2497771901159,9.00000000000006,-30.2252234059304));
#6138=CARTESIAN_POINT('',(-24.7497771901159,2.60000000000016,-30.2252234059304));
#6139=CARTESIAN_POINT('',(-24.7497771901159,9.00000000000006,-30.2252234059304));
#6140=CARTESIAN_POINT('Origin',(-26.2497771901159,2.60000000000016,-30.2252234059304));
#6141=CARTESIAN_POINT('Origin',(-34.2856435841285,9.00000000000006,-17.1893563413657));
#6142=CARTESIAN_POINT('',(-32.7856435841285,2.60000000000016,-17.1893563413657));
#6143=CARTESIAN_POINT('',(-32.7856435841285,9.00000000000006,-17.1893563413657));
#6144=CARTESIAN_POINT('Origin',(-34.2856435841285,2.60000000000016,-17.1893563413657));
#6145=CARTESIAN_POINT('Origin',(-43.5000006705523,9.00000000000006,-6.97499992549393));
#6146=CARTESIAN_POINT('',(-42.0000006705523,2.60000000000016,-6.97499992549393));
#6147=CARTESIAN_POINT('',(-42.0000006705523,9.00000000000006,-6.97499992549393));
#6148=CARTESIAN_POINT('Origin',(-43.5000006705523,2.60000000000016,-6.97499992549393));
#6149=CARTESIAN_POINT('Origin',(-43.5000006705523,9.00000000000006,5.02500007450607));
#6150=CARTESIAN_POINT('',(-42.0000006705523,2.60000000000016,5.02500007450607));
#6151=CARTESIAN_POINT('',(-42.0000006705523,9.00000000000006,5.02500007450607));
#6152=CARTESIAN_POINT('Origin',(-43.5000006705523,2.60000000000016,5.02500007450607));
#6153=CARTESIAN_POINT('Origin',(-34.8753352206547,9.00000000000006,13.6496655244037));
#6154=CARTESIAN_POINT('',(-33.3753352206547,2.60000000000016,13.6496655244037));
#6155=CARTESIAN_POINT('',(-33.3753352206547,9.00000000000006,13.6496655244037));
#6156=CARTESIAN_POINT('Origin',(-34.8753352206547,2.60000000000016,13.6496655244037));
#6157=CARTESIAN_POINT('Origin',(-26.2502234804365,9.00000000000006,22.2747772646219));
#6158=CARTESIAN_POINT('',(-24.7502234804365,2.60000000000016,22.2747772646219));
#6159=CARTESIAN_POINT('',(-24.7502234804365,9.00000000000006,22.2747772646219));
#6160=CARTESIAN_POINT('Origin',(-26.2502234804365,2.60000000000016,22.2747772646219));
#6161=CARTESIAN_POINT('Origin',(-17.4287128317437,9.00000000000006,26.0962872427628));
#6162=CARTESIAN_POINT('',(-15.9287128317437,2.60000000000016,26.0962872427628));
#6163=CARTESIAN_POINT('',(-15.9287128317437,9.00000000000006,26.0962872427628));
#6164=CARTESIAN_POINT('Origin',(-17.4287128317437,2.60000000000016,26.0962872427628));
#6165=CARTESIAN_POINT('Origin',(-34.286138495231,9.00000000000006,9.23886157927548));
#6166=CARTESIAN_POINT('',(-32.786138495231,2.60000000000016,9.23886157927548));
#6167=CARTESIAN_POINT('',(-32.786138495231,9.00000000000006,9.23886157927548));
#6168=CARTESIAN_POINT('Origin',(-34.286138495231,2.60000000000016,9.23886157927548));
#6169=CARTESIAN_POINT('Origin',(-43.5000006705523,9.00000000000006,-0.974999925493911));
#6170=CARTESIAN_POINT('',(-42.0000006705523,2.60000000000016,-0.974999925493911));
#6171=CARTESIAN_POINT('',(-42.0000006705523,9.00000000000006,-0.974999925493911));
#6172=CARTESIAN_POINT('Origin',(-43.5000006705523,2.60000000000016,-0.974999925493911));
#6173=CARTESIAN_POINT('Origin',(-43.5000006705523,9.00000000000006,-12.9749999254939));
#6174=CARTESIAN_POINT('',(-42.0000006705523,2.60000000000016,-12.9749999254939));
#6175=CARTESIAN_POINT('',(-42.0000006705523,9.00000000000006,-12.9749999254939));
#6176=CARTESIAN_POINT('Origin',(-43.5000006705523,2.60000000000016,-12.9749999254939));
#6177=CARTESIAN_POINT('Origin',(-34.8748889303341,9.00000000000006,-21.6001116657121));
#6178=CARTESIAN_POINT('',(-33.3748889303341,2.60000000000016,-21.6001116657121));
#6179=CARTESIAN_POINT('',(-33.3748889303341,9.00000000000006,-21.6001116657121));
#6180=CARTESIAN_POINT('Origin',(-34.8748889303341,2.60000000000016,-21.6001116657121));
#6181=CARTESIAN_POINT('Origin',(-21.9372213200067,9.00000000000006,-34.5377792760395));
#6182=CARTESIAN_POINT('',(-20.4372213200067,2.60000000000016,-34.5377792760395));
#6183=CARTESIAN_POINT('',(-20.4372213200067,9.00000000000006,-34.5377792760395));
#6184=CARTESIAN_POINT('Origin',(-21.9372213200067,2.60000000000016,-34.5377792760395));
#6185=CARTESIAN_POINT('Origin',(-17.6246654498977,9.00000000000006,-38.8503351461486));
#6186=CARTESIAN_POINT('',(-16.1246654498977,2.60000000000016,-38.8503351461486));
#6187=CARTESIAN_POINT('',(-16.1246654498977,9.00000000000006,-38.8503351461486));
#6188=CARTESIAN_POINT('Origin',(-17.6246654498977,2.60000000000016,-38.8503351461486));
#6189=CARTESIAN_POINT('Origin',(-30.562333060225,9.00000000000006,-25.9126675358213));
#6190=CARTESIAN_POINT('',(-29.062333060225,2.60000000000016,-25.9126675358213));
#6191=CARTESIAN_POINT('',(-29.062333060225,9.00000000000006,-25.9126675358213));
#6192=CARTESIAN_POINT('Origin',(-30.562333060225,2.60000000000016,-25.9126675358213));
#6193=CARTESIAN_POINT('Origin',(-39.1874448004432,9.00000000000006,-17.287555795603));
#6194=CARTESIAN_POINT('',(-37.6874448004432,2.60000000000016,-17.287555795603));
#6195=CARTESIAN_POINT('',(-37.6874448004432,9.00000000000006,-17.287555795603));
#6196=CARTESIAN_POINT('Origin',(-39.1874448004432,2.60000000000016,-17.287555795603));
#6197=CARTESIAN_POINT('Origin',(-38.5000000000003,9.00000000000006,-6.97499992549393));
#6198=CARTESIAN_POINT('',(-37.0000000000003,2.60000000000016,-6.97499992549393));
#6199=CARTESIAN_POINT('',(-37.0000000000003,9.00000000000006,-6.97499992549393));
#6200=CARTESIAN_POINT('Origin',(-38.5000000000003,2.60000000000016,-6.97499992549393));
#6201=CARTESIAN_POINT('Origin',(-38.5000000000003,9.00000000000006,5.02500007450607));
#6202=CARTESIAN_POINT('',(-37.0000000000003,2.60000000000016,5.02500007450607));
#6203=CARTESIAN_POINT('',(-37.0000000000003,9.00000000000006,5.02500007450607));
#6204=CARTESIAN_POINT('Origin',(-38.5000000000003,2.60000000000016,5.02500007450607));
#6205=CARTESIAN_POINT('Origin',(-21.6430692476155,9.00000000000006,21.8819308268909));
#6206=CARTESIAN_POINT('',(-20.1430692476155,2.60000000000016,21.8819308268909));
#6207=CARTESIAN_POINT('',(-20.1430692476155,9.00000000000006,21.8819308268909));
#6208=CARTESIAN_POINT('Origin',(-21.6430692476155,2.60000000000016,21.8819308268909));
#6209=CARTESIAN_POINT('Origin',(-21.9376676103273,9.00000000000006,26.587333134731));
#6210=CARTESIAN_POINT('',(-20.4376676103273,2.60000000000016,26.587333134731));
#6211=CARTESIAN_POINT('',(-20.4376676103273,9.00000000000006,26.587333134731));
#6212=CARTESIAN_POINT('Origin',(-21.9376676103273,2.60000000000016,26.587333134731));
#6213=CARTESIAN_POINT('Origin',(-39.1878910907638,9.00000000000006,9.33710965429462));
#6214=CARTESIAN_POINT('',(-37.6878910907638,2.60000000000016,9.33710965429462));
#6215=CARTESIAN_POINT('',(-37.6878910907638,9.00000000000006,9.33710965429462));
#6216=CARTESIAN_POINT('Origin',(-39.1878910907638,2.60000000000016,9.33710965429462));
#6217=CARTESIAN_POINT('Origin',(-38.5000000000003,9.00000000000006,-0.974999925493911));
#6218=CARTESIAN_POINT('',(-37.0000000000003,2.60000000000016,-0.974999925493911));
#6219=CARTESIAN_POINT('',(-37.0000000000003,9.00000000000006,-0.974999925493911));
#6220=CARTESIAN_POINT('Origin',(-38.5000000000003,2.60000000000016,-0.974999925493911));
#6221=CARTESIAN_POINT('Origin',(-38.5000000000003,9.00000000000006,-12.9749999254939));
#6222=CARTESIAN_POINT('',(-37.0000000000003,2.60000000000016,-12.9749999254939));
#6223=CARTESIAN_POINT('',(-37.0000000000003,9.00000000000006,-12.9749999254939));
#6224=CARTESIAN_POINT('Origin',(-38.5000000000003,2.60000000000016,-12.9749999254939));
#6225=CARTESIAN_POINT('Origin',(-30.0712871682567,9.00000000000006,-21.4037127572376));
#6226=CARTESIAN_POINT('',(-28.5712871682567,2.60000000000016,-21.4037127572376));
#6227=CARTESIAN_POINT('',(-28.5712871682567,9.00000000000006,-21.4037127572376));
#6228=CARTESIAN_POINT('Origin',(-30.0712871682567,2.60000000000016,-21.4037127572376));
#6229=CARTESIAN_POINT('Origin',(13.4436339513146,-42.2272005110894,27.8251338322726));
#6230=CARTESIAN_POINT('',(12.4153660486854,-42.2272005110894,10.540600392831));
#6231=CARTESIAN_POINT('',(13.4436339513146,-42.2272005110894,23.8251338322726));
#6232=CARTESIAN_POINT('',(13.4436339513145,-42.2272005110894,10.540600392831));
#6233=CARTESIAN_POINT('',(7.89963395131463,-42.2272005110894,23.8251338322726));
#6234=CARTESIAN_POINT('',(5.99963395131463,-42.2272005110894,23.8251338322726));
#6235=CARTESIAN_POINT('',(7.15368588117007,-42.2272005110894,25.4248246310384));
#6236=CARTESIAN_POINT('Origin',(6.94963395131456,-36.0391753288126,25.8624154067568));
#6237=CARTESIAN_POINT('',(7.89963395131463,-44.716073115009,23.8251338322726));
#6238=CARTESIAN_POINT('',(7.89963395131463,-36.0391753288126,23.8251338322726));
#6239=CARTESIAN_POINT('',(7.89963395131463,-47.6839268849915,23.8251338322726));
#6240=CARTESIAN_POINT('Origin',(8.11863395131462,-46.2000000000001,23.355486816681));
#6241=CARTESIAN_POINT('',(7.89963395131462,-49.4005002680538,23.8251338322726));
#6242=CARTESIAN_POINT('',(7.89963395131463,-36.0391753288126,23.8251338322726));
#6243=CARTESIAN_POINT('',(6.40558752126125,-49.4005002680537,27.0291267410847));
#6244=CARTESIAN_POINT('Origin',(8.11863395131462,-46.2000000000001,30.3791338322729));
#6245=CARTESIAN_POINT('',(9.61863395131463,-46.2000000000001,23.8251338322726));
#6246=CARTESIAN_POINT('Origin',(8.11863395131478,-46.2000000000003,23.8251338322726));
#6247=CARTESIAN_POINT('',(9.61863395131463,-46.2000000000001,30.3791338322729));
#6248=CARTESIAN_POINT('Origin',(8.11863395131478,-46.2000000000003,23.8251338322726));
#6249=CARTESIAN_POINT('Origin',(9.72163395131462,-45.8138503895716,23.8251338322726));
#6250=CARTESIAN_POINT('',(13.4436339513146,-44.4005002680539,23.8251338322726));
#6251=CARTESIAN_POINT('',(13.4436339513146,-42.2272005110894,23.8251338322726));
#6252=CARTESIAN_POINT('',(9.72363395131461,-48.1205002680537,23.8251338322726));
#6253=CARTESIAN_POINT('',(10.9097964209351,-46.9343377984332,23.8251338322726));
#6254=CARTESIAN_POINT('',(9.72363395131461,-49.4005002680538,23.8251338322726));
#6255=CARTESIAN_POINT('',(9.72363395131461,-29.7391753288127,23.8251338322726));
#6256=CARTESIAN_POINT('',(8.44961347510172,-49.4005002680538,23.8251338322726));
#6257=CARTESIAN_POINT('',(10.8504009042809,-49.4005002680538,23.8251338322726));
#6258=CARTESIAN_POINT('',(8.44961347510172,-49.3945207442666,23.8251338322726));
#6259=CARTESIAN_POINT('',(8.44961347510172,-40.9265128591921,23.8251338322726));
#6260=CARTESIAN_POINT('',(8.44363395131461,-49.4005002680538,23.8251338322726));
#6261=CARTESIAN_POINT('',(10.9097964209351,-46.9343377984332,23.8251338322726));
#6262=CARTESIAN_POINT('',(13.4436339513146,-49.4005002680538,23.8251338322726));
#6263=CARTESIAN_POINT('Origin',(10.5436339513145,-49.4005002680537,30.3791338322729));
#6264=CARTESIAN_POINT('',(8.44363395131461,-49.4005002680538,23.8315634277426));
#6265=CARTESIAN_POINT('',(8.44363395131461,-49.4005002680538,27.8251338322726));
#6266=CARTESIAN_POINT('',(6.66550307233281,-49.4005002680537,25.7435321148197));
#6267=CARTESIAN_POINT('',(13.4436339513145,-49.4005002680538,27.8251338322726));
#6268=CARTESIAN_POINT('',(12.4779778839652,-49.4005002680537,26.7867939749078));
#6269=CARTESIAN_POINT('',(13.4436339513145,-49.4005002680538,30.3791338322729));
#6270=CARTESIAN_POINT('Origin',(8.44363395131453,-49.4005002680537,27.8251338322726));
#6271=CARTESIAN_POINT('',(13.4436339513146,-44.4005002680539,27.8251338322726));
#6272=CARTESIAN_POINT('',(13.5467305041663,-44.297403715202,27.9359903407154));
#6273=CARTESIAN_POINT('',(13.4436339513146,-44.4005002680539,27.8251338322726));
#6274=CARTESIAN_POINT('Origin',(8.44363395131453,-49.4005002680537,27.8251338322726));
#6275=CARTESIAN_POINT('',(9.44793232253665,-48.3962018968316,22.7516727059985));
#6276=CARTESIAN_POINT('Origin',(11.5836339513145,-29.7391753288127,25.8251338322726));
#6277=CARTESIAN_POINT('',(13.4436339513145,-29.7391753288127,27.8251338322726));
#6278=CARTESIAN_POINT('Origin',(7.1786213092357,-36.0391753288126,25.1917920751393));
#6279=CARTESIAN_POINT('Origin',(13.4436339513145,-13.6645002680537,30.3791338322727));
#6280=CARTESIAN_POINT('Origin',(-13.4436339513146,-42.2272005110894,27.8251338322726));
#6281=CARTESIAN_POINT('',(-6.38497734703217,-42.2272005110894,27.0733254023519));
#6282=CARTESIAN_POINT('',(-6.38497734703217,-42.2272005110894,13.040600392831));
#6283=CARTESIAN_POINT('',(-7.89963395131465,-42.2272005110894,23.8251338322726));
#6284=CARTESIAN_POINT('',(-7.15368588117009,-42.2272005110894,25.4248246310384));
#6285=CARTESIAN_POINT('',(-13.4436339513146,-42.2272005110894,23.8251338322726));
#6286=CARTESIAN_POINT('',(-5.99963395131465,-42.2272005110894,23.8251338322726));
#6287=CARTESIAN_POINT('',(-13.4436339513145,-42.2272005110894,10.540600392831));
#6288=CARTESIAN_POINT('Origin',(-5.9996339513145,-26.2645002680536,30.3791338322727));
#6289=CARTESIAN_POINT('',(-5.99963395131465,-49.4005002680538,27.8996969812411));
#6290=CARTESIAN_POINT('',(-5.99963395131465,-49.4005002680538,27.8251338322726));
#6291=CARTESIAN_POINT('',(-5.99963395131451,-42.2273526397944,27.8996969812411));
#6292=CARTESIAN_POINT('',(-5.99963395131451,-36.0391753288126,27.8996969812411));
#6293=CARTESIAN_POINT('',(-5.99963395131448,-42.2273526397943,32.8791338322727));
#6294=CARTESIAN_POINT('Origin',(-6.94963395131458,-36.0391753288126,25.8624154067568));
#6295=CARTESIAN_POINT('',(-5.04223869196655,-42.2273526397944,29.9528377405758));
#6296=CARTESIAN_POINT('',(-7.89963395131465,-49.4005002680538,23.8251338322726));
#6297=CARTESIAN_POINT('',(-6.40558752126127,-49.4005002680537,27.0291267410847));
#6298=CARTESIAN_POINT('',(-7.89963395131465,-47.6839268849915,23.8251338322726));
#6299=CARTESIAN_POINT('',(-7.89963395131466,-36.0391753288126,23.8251338322726));
#6300=CARTESIAN_POINT('',(-7.89963395131465,-44.716073115009,23.8251338322726));
#6301=CARTESIAN_POINT('Origin',(-8.11863395131465,-46.2000000000001,23.355486816681));
#6302=CARTESIAN_POINT('',(-7.89963395131466,-36.0391753288126,23.8251338322726));
#6303=CARTESIAN_POINT('Origin',(-8.11863395131465,-46.2000000000001,30.3791338322729));
#6304=CARTESIAN_POINT('',(-9.61863395131465,-46.2000000000001,23.8251338322726));
#6305=CARTESIAN_POINT('Origin',(-8.1186339513148,-46.2000000000003,23.8251338322726));
#6306=CARTESIAN_POINT('',(-9.61863395131465,-46.2000000000001,30.3791338322729));
#6307=CARTESIAN_POINT('Origin',(-8.1186339513148,-46.2000000000003,23.8251338322726));
#6308=CARTESIAN_POINT('Origin',(-9.72163395131465,-45.8138503895716,23.8251338322726));
#6309=CARTESIAN_POINT('',(-8.44363395131464,-49.4005002680538,23.8251338322726));
#6310=CARTESIAN_POINT('',(-13.4436339513146,-49.4005002680538,23.8251338322726));
#6311=CARTESIAN_POINT('',(-8.44961347510175,-49.3945207442666,23.8251338322726));
#6312=CARTESIAN_POINT('',(-10.9097964209351,-46.9343377984332,23.8251338322726));
#6313=CARTESIAN_POINT('',(-8.44961347510175,-49.4005002680538,23.8251338322726));
#6314=CARTESIAN_POINT('',(-8.44961347510175,-40.9265128591921,23.8251338322726));
#6315=CARTESIAN_POINT('',(-9.72363395131464,-49.4005002680538,23.8251338322726));
#6316=CARTESIAN_POINT('',(-10.850400904281,-49.4005002680538,23.8251338322726));
#6317=CARTESIAN_POINT('',(-9.72363395131464,-48.1205002680537,23.8251338322726));
#6318=CARTESIAN_POINT('',(-9.72363395131464,-29.7391753288127,23.8251338322726));
#6319=CARTESIAN_POINT('',(-13.4436339513146,-44.4005002680539,23.8251338322726));
#6320=CARTESIAN_POINT('',(-10.9097964209351,-46.9343377984332,23.8251338322726));
#6321=CARTESIAN_POINT('',(-13.4436339513146,-42.2272005110894,23.8251338322726));
#6322=CARTESIAN_POINT('Origin',(-10.5436339513145,-49.4005002680537,30.3791338322729));
#6323=CARTESIAN_POINT('',(-13.4436339513145,-49.4005002680538,27.8251338322726));
#6324=CARTESIAN_POINT('',(-13.4436339513145,-49.4005002680538,30.3791338322729));
#6325=CARTESIAN_POINT('',(-12.4779778839652,-49.4005002680537,26.7867939749078));
#6326=CARTESIAN_POINT('',(-8.44363395131464,-49.4005002680538,23.8315634277426));
#6327=CARTESIAN_POINT('',(-6.66550307233284,-49.4005002680537,25.7435321148197));
#6328=CARTESIAN_POINT('',(-8.44363395131464,-49.4005002680538,27.8251338322726));
#6329=CARTESIAN_POINT('Origin',(-8.44363395131455,-49.4005002680537,27.8251338322726));
#6330=CARTESIAN_POINT('',(-13.4436339513146,-44.4005002680539,27.8251338322726));
#6331=CARTESIAN_POINT('',(-13.5467305041663,-44.297403715202,27.9359903407154));
#6332=CARTESIAN_POINT('',(-13.4436339513146,-44.4005002680539,27.8251338322726));
#6333=CARTESIAN_POINT('Origin',(-8.44363395131455,-49.4005002680537,27.8251338322726));
#6334=CARTESIAN_POINT('',(-9.44793232253667,-48.3962018968316,22.7516727059985));
#6335=CARTESIAN_POINT('Origin',(-11.5836339513146,-29.7391753288127,25.8251338322726));
#6336=CARTESIAN_POINT('',(-13.4436339513145,-29.7391753288127,27.8251338322726));
#6337=CARTESIAN_POINT('Origin',(-7.17862130923572,-36.0391753288126,25.1917920751393));
#6338=CARTESIAN_POINT('Origin',(-5.99963395131466,-42.2273526397944,35.3791338322726));
#6339=CARTESIAN_POINT('Origin',(-7.50000000000026,2.60000000000016,-38.9749999254939));
#6340=CARTESIAN_POINT('',(12.4153660486853,2.60000000000031,-4.29793304661072));
#6341=CARTESIAN_POINT('',(-13.4436339513145,2.60000000000016,35.379000074506));
#6342=CARTESIAN_POINT('',(-13.4436339513145,2.60000000000024,-7.8120579982237));
#6343=CARTESIAN_POINT('',(-18.1460000000001,2.60000000000009,35.379000074506));
#6344=CARTESIAN_POINT('',(-17.5,2.60000000000009,35.379000074506));
#6345=CARTESIAN_POINT('',(-50.,2.60000000000013,3.52500007450622));
#6346=CARTESIAN_POINT('',(18.15,2.60000000000009,35.375000074506));
#6347=CARTESIAN_POINT('',(50.,2.60000000000013,3.52500007450626));
#6348=CARTESIAN_POINT('',(18.15,2.60000000000041,35.379000074506));
#6349=CARTESIAN_POINT('',(18.15,2.60000000000034,-1.79999992549394));
#6350=CARTESIAN_POINT('',(-3.75000000000017,2.60000000000034,35.379000074506));
#6351=CARTESIAN_POINT('',(-16.1251117402182,2.60000000000016,30.8998890048401));
#6352=CARTESIAN_POINT('Origin',(-17.6251117402182,2.60000000000016,30.8998890048401));
#6353=CARTESIAN_POINT('Origin',(-8.43769498715119E-14,5.8000000000001,35.379000074506));
#6354=CARTESIAN_POINT('',(-13.4436339513145,-11.0189334978534,35.379000074506));
#6355=CARTESIAN_POINT('',(18.15,4.20000000000013,35.379000074506));
#6356=CARTESIAN_POINT('',(-18.146,4.20000000000013,35.379000074506));
#6357=CARTESIAN_POINT('Origin',(18.15,4.59949973194637,35.375000074506));
#6358=CARTESIAN_POINT('',(18.15,4.20000000000013,35.375000074506));
#6359=CARTESIAN_POINT('Origin',(12.4153660486855,-26.2645002680536,30.3791338322726));
#6360=CARTESIAN_POINT('Origin',(0.000366048685486928,-11.9195000594374,
28.3791338322726));
#6361=CARTESIAN_POINT('',(1.00036604868549,-11.9195000594374,28.3791338322726));
#6362=CARTESIAN_POINT('Origin',(-5.69363395131448,-14.3645002680536,35.3791338322727));
#6363=CARTESIAN_POINT('',(6.41536604868551,-14.3645002680536,32.8791338322726));
#6364=CARTESIAN_POINT('Origin',(-13.4436339513145,-13.6645002680537,30.3791338322727));
#6365=CARTESIAN_POINT('Origin',(6.4153660486855,-13.6645002680536,30.3791338322726));
#6366=CARTESIAN_POINT('Origin',(-17.6251117402182,9.00000000000006,30.8998890048401));
#6367=CARTESIAN_POINT('',(-16.1251117402182,9.00000000000006,30.8998890048401));
#6368=CARTESIAN_POINT('Origin',(-50.,2.60000000000016,3.52500007450608));
#6369=CARTESIAN_POINT('Origin',(50.,2.60000000000016,3.52500007450608));
#6370=CARTESIAN_POINT('Origin',(3.91024309129325,-3.7999999999997,-38.9749999254938));
#6371=CARTESIAN_POINT('',(-1.94724309129337,-44.1175260717212,-17.687660118967));
#6372=CARTESIAN_POINT('',(-1.94724309129337,-21.7173720208879,-29.5147670240479));
#6373=CARTESIAN_POINT('',(-2.82503240504298,-44.9937893616499,-17.2249999254939));
#6374=CARTESIAN_POINT('',(10.3816879725709,-31.810028673311,-24.1859229047797));
#6375=CARTESIAN_POINT('',(2.82503240504295,-44.9937893616499,-17.2249999254939));
#6376=CARTESIAN_POINT('',(7.60537663699454,-44.9937893616499,-17.2249999254939));
#6377=CARTESIAN_POINT('',(1.94724309129334,-44.1175260717212,-17.687660118967));
#6378=CARTESIAN_POINT('',(-1.00227069999552,-41.173139966809,-19.2422730539319));
#6379=CARTESIAN_POINT('',(1.94724309129334,-3.86003472490912,-38.9433020582422));
#6380=CARTESIAN_POINT('',(3.81024309129325,-0.703333901025538,-40.6100155114936));
#6381=CARTESIAN_POINT('',(-3.81024282711448,-3.7999999999997,-38.9749999254938));
#6382=CARTESIAN_POINT('Origin',(-1.94724309129337,-38.1446107317232,-17.2322703205284));
#6383=CARTESIAN_POINT('',(-1.94724309129337,-44.1044490104103,-13.7353985293347));
#6384=CARTESIAN_POINT('Origin',(-1.94724309129337,-42.6001629910598,-12.4423876635131));
#6385=CARTESIAN_POINT('',(-1.94724309129337,-44.1159800581364,-17.2204106381371));
#6386=CARTESIAN_POINT('Origin',(3.81024309129334,-42.6001629910598,-12.4423876635131));
#6387=CARTESIAN_POINT('',(1.01024309129334,-42.6001629910598,-10.942388109891));
#6388=CARTESIAN_POINT('Origin',(1.01024309129334,-42.6001629910598,-12.4423876635131));
#6389=CARTESIAN_POINT('',(3.81024309129334,-42.6001629910598,-10.942388109891));
#6390=CARTESIAN_POINT('',(3.81024309129334,-42.6001629910598,-10.942388109891));
#6391=CARTESIAN_POINT('Origin',(3.81024309129334,-42.6001629910598,-12.4423876635131));
#6392=CARTESIAN_POINT('Origin',(3.81024309129334,-42.6001629910598,-12.4423876635131));
#6393=CARTESIAN_POINT('',(3.81024309129334,-45.1001488599805,-12.4341158252901));
#6394=CARTESIAN_POINT('Origin',(3.81024309129334,-42.6001629910598,-12.4423876635131));
#6395=CARTESIAN_POINT('',(3.81024309129334,-45.1160007168708,-17.2249999254939));
#6396=CARTESIAN_POINT('',(3.81024309129334,-45.1001488599805,-12.4341158252901));
#6397=CARTESIAN_POINT('',(3.81024309129336,-64.6757339914141,-17.2249999254939));
#6398=CARTESIAN_POINT('',(3.81024309129319,-21.8250000186263,-17.2249999254939));
#6399=CARTESIAN_POINT('',(3.81024309129336,-57.3220084918683,-22.0249999254938));
#6400=CARTESIAN_POINT('',(3.81024309129336,-5.1664866653456,-56.068493224607));
#6401=CARTESIAN_POINT('',(3.81024309129336,-57.3220084918683,-24.4249999254938));
#6402=CARTESIAN_POINT('',(3.81024309129336,-57.3220084918683,-22.0249999254938));
#6403=CARTESIAN_POINT('',(3.81024309129301,-51.3927361939515,-24.4249999254938));
#6404=CARTESIAN_POINT('',(3.81024309129319,-15.2500000186264,-24.4249999254938));
#6405=CARTESIAN_POINT('',(3.81024309129334,-51.3927361939526,-22.9097754015324));
#6406=CARTESIAN_POINT('',(3.81024309129301,-51.3927361939515,-22.0249999254938));
#6407=CARTESIAN_POINT('',(3.81024309129334,-3.7999999999997,-53.9749999254938));
#6408=CARTESIAN_POINT('Origin',(-1.97897534445566,-42.6001629910598,-12.4423876635131));
#6409=CARTESIAN_POINT('',(-1.01024309129336,-42.6001629910598,-10.942388109891));
#6410=CARTESIAN_POINT('Origin',(-1.01024309129337,-42.6001629910598,-12.4423876635131));
#6411=CARTESIAN_POINT('',(-2.94770759761796,-42.6001629910598,-9.94238810989101));
#6412=CARTESIAN_POINT('',(-1.97897534445566,-42.6001629910598,-10.442388109891));
#6413=CARTESIAN_POINT('',(-2.94722759836958,-45.0999011152505,-12.4341166450165));
#6414=CARTESIAN_POINT('Origin',(-2.94770759761796,-42.6001629910598,-12.4423876635131));
#6415=CARTESIAN_POINT('Origin',(-1.29814881876261,-43.4510636143964,-12.4395722426791));
#6416=CARTESIAN_POINT('Origin',(-2.94770759761796,-42.6001629910598,-12.4423876635131));
#6417=CARTESIAN_POINT('Origin',(-3.81024309129337,-42.6001629910598,-12.4423876635131));
#6418=CARTESIAN_POINT('',(-3.81024309129337,-45.1001488599805,-12.4341158252901));
#6419=CARTESIAN_POINT('Origin',(-3.81024309129337,-42.6001629910598,-12.4423876635131));
#6420=CARTESIAN_POINT('',(-3.81024309129337,-45.1001488599805,-12.4341158252901));
#6421=CARTESIAN_POINT('Origin',(-3.81024309129337,-42.6001629910598,-12.4423876635131));
#6422=CARTESIAN_POINT('',(-3.81024309129337,-42.6001629910598,-10.942388109891));
#6423=CARTESIAN_POINT('',(-3.81024309129337,-42.6001629910598,-10.942388109891));
#6424=CARTESIAN_POINT('Origin',(-3.81024309129337,-42.6001629910598,-12.4423876635131));
#6425=CARTESIAN_POINT('Origin',(-3.81024282711448,-3.79999999999966,-38.9749999254939));
#6426=CARTESIAN_POINT('',(-3.81024282711439,-51.3680364187927,-22.925897695025));
#6427=CARTESIAN_POINT('',(-3.81024282711439,-7.23287681267468,-51.7342569576122));
#6428=CARTESIAN_POINT('',(-3.81024282711472,-51.3680364187937,-24.4249999254938));
#6429=CARTESIAN_POINT('',(-3.81024282711472,-51.3680364187937,-22.0249999254938));
#6430=CARTESIAN_POINT('',(-3.81024282711437,-57.3220084918683,-24.4249999254938));
#6431=CARTESIAN_POINT('',(-3.81024282711454,-15.2500000186263,-24.4249999254938));
#6432=CARTESIAN_POINT('',(-3.81024282711437,-57.3220084918683,-22.0249999254938));
#6433=CARTESIAN_POINT('',(-3.81024282711437,-57.3220084918683,-22.0249999254938));
#6434=CARTESIAN_POINT('',(-3.81024282711437,-64.6757339914141,-17.2249999254939));
#6435=CARTESIAN_POINT('',(-3.81024282711437,-8.59936347802051,-53.8277502567254));
#6436=CARTESIAN_POINT('',(-3.81024309129337,-45.1160007168708,-17.2249999254939));
#6437=CARTESIAN_POINT('',(-3.81024282711454,-21.8250000186263,-17.2249999254939));
#6438=CARTESIAN_POINT('',(-3.81024309129337,-45.1001488599805,-12.4341158252901));
#6439=CARTESIAN_POINT('Origin',(3.81024309129334,-42.6001629910598,-12.4423876635131));
#6440=CARTESIAN_POINT('',(2.94722759836955,-45.0999011152505,-12.4341166450165));
#6441=CARTESIAN_POINT('',(2.94770759761794,-42.6001629910598,-9.94238810989101));
#6442=CARTESIAN_POINT('Origin',(2.94770759761793,-42.6001629910598,-12.4423876635131));
#6443=CARTESIAN_POINT('',(3.81024309129334,-45.1001488599805,-12.4341158252901));
#6444=CARTESIAN_POINT('Origin',(2.94770759761793,-42.6001629910598,-12.4423876635131));
#6445=CARTESIAN_POINT('Origin',(3.81024309129334,-45.1160007168708,-17.2249999254939));
#6446=CARTESIAN_POINT('',(2.94724309129334,-45.1160007168708,-17.2249999254939));
#6447=CARTESIAN_POINT('',(2.94724309129334,-45.1159745842549,-17.2171019022571));
#6448=CARTESIAN_POINT('',(3.81024309129334,-45.1160007168708,-17.2249999254939));
#6449=CARTESIAN_POINT('Origin',(1.94724309129334,-38.1446107317232,-17.2322703205284));
#6450=CARTESIAN_POINT('',(1.94724309129334,-44.1044490104103,-13.7353985293347));
#6451=CARTESIAN_POINT('',(1.94724309129334,-44.1159800581364,-17.2204106381371));
#6452=CARTESIAN_POINT('Origin',(1.94724309129334,-42.6001629910598,-12.4423876635131));
#6453=CARTESIAN_POINT('Origin',(2.44724309129334,-44.6159773211956,-17.2187562701971));
#6454=CARTESIAN_POINT('',(2.88243390681556,-45.0511911776333,-17.2249999254939));
#6455=CARTESIAN_POINT('Origin',(1.29814881876259,-43.4510636143964,-12.4395722426791));
#6456=CARTESIAN_POINT('Origin',(1.97897534445564,-42.6001629910598,-12.4423876635131));
#6457=CARTESIAN_POINT('',(1.97897534445564,-42.6001629910598,-10.442388109891));
#6458=CARTESIAN_POINT('Origin',(-3.91024282711439,-3.7999999999997,-53.9749999254939));
#6459=CARTESIAN_POINT('',(1.8841578746258,-49.0713726065792,-24.4249999254938));
#6460=CARTESIAN_POINT('Origin',(-0.00394550309095076,-52.5977114494947,
-22.1232514516027));
#6461=CARTESIAN_POINT('',(-1.89204888080773,-49.0713726065792,-24.4249999254938));
#6462=CARTESIAN_POINT('Origin',(-0.00394550309095076,-52.5977114494947,
-22.1232514516027));
#6463=CARTESIAN_POINT('Origin',(-0.00394550309095076,-52.5977114494947,
-22.1232514516027));
#6464=CARTESIAN_POINT('Origin',(-3.91024282711438,-5.16648666534557,-56.0684932246071));
#6465=CARTESIAN_POINT('',(7.908878586443,-57.3220084918683,-22.0249999254938));
#6466=CARTESIAN_POINT('',(3.69513367779076,-64.675733991414,-17.2249999254939));
#6467=CARTESIAN_POINT('Origin',(-0.00394550309095076,-52.5977114494947,
32.4750000745062));
#6468=CARTESIAN_POINT('',(-1.50394550309095,-52.5977114494947,-17.2249999254939));
#6469=CARTESIAN_POINT('Origin',(-0.00394550309095076,-52.5977114494947,
-17.2249999254939));
#6470=CARTESIAN_POINT('',(-1.50394550309095,-52.5977114494947,-24.4249999254938));
#6471=CARTESIAN_POINT('',(-1.50394550309095,-52.5977114494947,32.4750000745062));
#6472=CARTESIAN_POINT('Origin',(-0.00394550309095076,-52.5977114494947,
-24.4249999254938));
#6473=CARTESIAN_POINT('Origin',(-0.00394550309095076,-52.5977114494947,
32.4750000745062));
#6474=CARTESIAN_POINT('Origin',(-0.00394550309095076,-52.5977114494947,
-24.4249999254938));
#6475=CARTESIAN_POINT('Origin',(19.728,-26.7000000372529,-24.4249999254938));
#6476=CARTESIAN_POINT('Origin',(-0.00394550309095076,-52.5977114494947,
-24.4249999254938));
#6477=CARTESIAN_POINT('Origin',(-0.00394550309095076,-52.5977114494947,
-24.4249999254938));
#6478=CARTESIAN_POINT('',(7.908878586443,-57.3220084918683,-24.4249999254938));
#6479=CARTESIAN_POINT('Origin',(3.81024309129336,-57.3220084918683,-22.0249999254938));
#6480=CARTESIAN_POINT('Origin',(-0.00394550309095076,-52.5977114494947,
-22.0249999254938));
#6481=CARTESIAN_POINT('Origin',(-0.00394550309095076,-52.5977114494947,
-22.0249999254938));
#6482=CARTESIAN_POINT('Origin',(11.3005101826955,-39.8500000372529,-17.2249999254939));
#6483=CARTESIAN_POINT('',(-2.94724309129337,-45.1160007168708,-17.2249999254939));
#6484=CARTESIAN_POINT('',(3.74513354570107,-45.1160007168708,-17.2249999254939));
#6485=CARTESIAN_POINT('',(2.18118106408668,-39.9875484889508,-17.2249999254939));
#6486=CARTESIAN_POINT('Origin',(-3.81024309129337,-45.1160007168708,-17.2249999254939));
#6487=CARTESIAN_POINT('',(-2.94724309129337,-45.1159745842549,-17.2171019022571));
#6488=CARTESIAN_POINT('Origin',(-2.44724309129337,-44.6159773211956,-17.2187562701971));
#6489=CARTESIAN_POINT('Origin',(-45.082693372592,14.7000000000001,10.6575303910638));
#6490=CARTESIAN_POINT('',(-42.8906623509137,14.7000000000001,10.5868197129452));
#6491=CARTESIAN_POINT('Origin',(-43.9513225226935,14.7000000000001,9.52615954116531));
#6492=CARTESIAN_POINT('',(-44.0220332008122,14.7000000000001,11.7181905628436));
#6493=CARTESIAN_POINT('',(-44.0220332008122,14.7000000000001,11.7181905628436));
#6494=CARTESIAN_POINT('Origin',(-45.082693372592,14.7000000000001,10.6575303910638));
#6495=CARTESIAN_POINT('Origin',(-23.374515190165,14.7000000000001,32.3657085734908));
#6496=CARTESIAN_POINT('',(-21.1824841684867,14.7000000000001,32.2949978953721));
#6497=CARTESIAN_POINT('Origin',(-22.2431443402665,14.7000000000001,31.2343377235923));
#6498=CARTESIAN_POINT('',(-22.3138550183852,14.7000000000001,33.4263687452706));
#6499=CARTESIAN_POINT('',(-22.3138550183852,14.7000000000001,33.4263687452706));
#6500=CARTESIAN_POINT('Origin',(-23.374515190165,14.7000000000001,32.3657085734908));
#6501=CARTESIAN_POINT('Origin',(-9.93948634762059,-42.5,45.8007374160352));
#6502=CARTESIAN_POINT('',(-9.93948634762059,-42.5,45.8007374160352));
#6503=CARTESIAN_POINT('',(-58.0227474683058,-42.5,-2.28252370465004));
#6504=CARTESIAN_POINT('',(-9.93948634762059,-42.5,45.8007374160352));
#6505=CARTESIAN_POINT('',(-56.8913766184073,-42.5,-3.41389455454852));
#6506=CARTESIAN_POINT('',(-58.0227474683058,-42.5,-2.28252370465004));
#6507=CARTESIAN_POINT('',(-8.80811549772211,-42.5,44.6693665661367));
#6508=CARTESIAN_POINT('',(-8.80811549772211,-42.5,44.6693665661367));
#6509=CARTESIAN_POINT('',(-9.93948634762059,-42.5,45.8007374160352));
#6510=CARTESIAN_POINT('Origin',(-9.9394863476206,18.0000000000001,45.8007374160352));
#6511=CARTESIAN_POINT('',(-9.9394863476206,18.0000000000001,45.8007374160352));
#6512=CARTESIAN_POINT('',(-9.9394863476206,18.0000000000001,45.8007374160352));
#6513=CARTESIAN_POINT('',(-8.80811549772212,18.0000000000001,44.6693665661368));
#6514=CARTESIAN_POINT('',(-8.80811549772212,18.0000000000001,44.6693665661368));
#6515=CARTESIAN_POINT('',(-9.9394863476206,18.0000000000001,45.8007374160352));
#6516=CARTESIAN_POINT('Origin',(-58.0227474683058,18.0000000000001,-2.28252370465004));
#6517=CARTESIAN_POINT('',(-58.0227474683058,18.0000000000001,-2.28252370465004));
#6518=CARTESIAN_POINT('',(-58.0227474683058,18.0000000000001,-2.28252370465004));
#6519=CARTESIAN_POINT('',(-56.8913766184073,18.0000000000001,-3.41389455454852));
#6520=CARTESIAN_POINT('',(-56.8913766184073,18.0000000000001,-3.41389455454852));
#6521=CARTESIAN_POINT('',(-58.0227474683058,18.0000000000001,-2.28252370465004));
#6522=CARTESIAN_POINT('Origin',(-58.0227474683058,-42.5,-2.28252370465004));
#6523=CARTESIAN_POINT('',(-58.0227474683058,-42.5,-2.28252370465004));
#6524=CARTESIAN_POINT('',(-56.8913766184073,-42.5,-3.41389455454852));
#6525=CARTESIAN_POINT('Origin',(-32.8497460580647,-12.2499999999999,20.6277360057941));
#6526=CARTESIAN_POINT('Origin',(-33.9811169079632,-12.2499999999999,21.7591068556926));
#6527=CARTESIAN_POINT('Origin',(-35.466041148455,14.7000000000001,7.40483919760567));
#6528=CARTESIAN_POINT('',(-35.466041148455,9.00000000000006,10.9403731035384));
#6529=CARTESIAN_POINT('',(-35.4660411484549,9.00000000000006,3.86930529167294));
#6530=CARTESIAN_POINT('',(-35.466041148455,9.00000000000006,9.52615954116535));
#6531=CARTESIAN_POINT('',(-35.4660411484549,17.7000000000001,3.86930529167294));
#6532=CARTESIAN_POINT('',(-35.4660411484549,14.7000000000001,3.86930529167294));
#6533=CARTESIAN_POINT('',(-35.466041148455,17.7000000000001,10.9403731035384));
#6534=CARTESIAN_POINT('',(-35.466041148455,17.7000000000001,5.99062563523258));
#6535=CARTESIAN_POINT('',(-35.466041148455,14.7000000000001,10.9403731035384));
#6536=CARTESIAN_POINT('Origin',(-39.0015750543877,17.7000000000001,14.4759070094712));
#6537=CARTESIAN_POINT('',(-39.0015750543877,17.7000000000001,14.4759070094712));
#6538=CARTESIAN_POINT('',(-39.0015750543877,17.7000000000001,14.4759070094712));
#6539=CARTESIAN_POINT('',(-39.0015750543877,9.00000000000006,14.4759070094712));
#6540=CARTESIAN_POINT('',(-39.0015750543877,17.7000000000001,14.4759070094712));
#6541=CARTESIAN_POINT('',(-39.0015750543877,9.00000000000006,14.4759070094712));
#6542=CARTESIAN_POINT('Origin',(-34.7589343672684,17.7000000000001,4.57641207285949));
#6543=CARTESIAN_POINT('',(-39.0015750543877,17.7000000000001,0.333771385740214));
#6544=CARTESIAN_POINT('',(-34.7589343672684,17.7000000000001,4.57641207285949));
#6545=CARTESIAN_POINT('',(-46.0726428662532,17.7000000000001,7.40483919760567));
#6546=CARTESIAN_POINT('',(-46.0726428662532,17.7000000000001,7.40483919760567));
#6547=CARTESIAN_POINT('',(-46.0726428662532,17.7000000000001,7.40483919760567));
#6548=CARTESIAN_POINT('',(-37.7878910907638,17.7000000000001,9.33710965429462));
#6549=CARTESIAN_POINT('Origin',(-39.1878910907638,17.7000000000001,9.33710965429462));
#6550=CARTESIAN_POINT('Origin',(-41.8300021791339,9.00000000000006,11.647479884725));
#6551=CARTESIAN_POINT('',(-46.0726428662532,9.00000000000006,7.40483919760567));
#6552=CARTESIAN_POINT('',(-41.8300021791339,9.00000000000006,11.647479884725));
#6553=CARTESIAN_POINT('',(-39.0015750543877,9.00000000000006,0.333771385740214));
#6554=CARTESIAN_POINT('',(-46.0726428662532,9.00000000000006,7.40483919760567));
#6555=CARTESIAN_POINT('',(-34.7589343672684,9.00000000000006,4.57641207285949));
#6556=CARTESIAN_POINT('',(-37.7878910907638,9.00000000000006,9.33710965429462));
#6557=CARTESIAN_POINT('Origin',(-39.1878910907638,9.00000000000006,9.33710965429462));
#6558=CARTESIAN_POINT('Origin',(-43.9513225226935,14.7000000000001,9.52615954116531));
#6559=CARTESIAN_POINT('',(-35.8903052171669,14.7000000000001,3.44504122296101));
#6560=CARTESIAN_POINT('Origin',(-36.8802547108281,14.7000000000001,2.45509172929985));
#6561=CARTESIAN_POINT('',(-42.9613730290324,14.7000000000001,10.5161090348265));
#6562=CARTESIAN_POINT('',(-42.9613730290324,14.7000000000001,10.5161090348265));
#6563=CARTESIAN_POINT('Origin',(-43.9513225226935,14.7000000000001,9.52615954116531));
#6564=CARTESIAN_POINT('Origin',(-46.0726428662532,11.7000000000001,7.40483919760567));
#6565=CARTESIAN_POINT('',(-46.0726428662532,11.7000000000001,7.40483919760567));
#6566=CARTESIAN_POINT('',(-39.0015750543877,11.7000000000001,0.333771385740214));
#6567=CARTESIAN_POINT('Origin',(-39.1878910907638,17.7000000000001,9.33710965429462));
#6568=CARTESIAN_POINT('',(-37.7878910907638,17.7000000000001,9.33710965429462));
#6569=CARTESIAN_POINT('Origin',(-34.7589343672684,11.7000000000001,4.57641207285949));
#6570=CARTESIAN_POINT('Origin',(-41.8300021791339,17.7000000000001,11.647479884725));
#6571=CARTESIAN_POINT('Origin',(-1.39428998558735,18.7000000000001,35.005945213229));
#6572=CARTESIAN_POINT('',(-18.4715368506299,20.7000000000001,35.005945213229));
#6573=CARTESIAN_POINT('',(-18.4715368506299,18.7000000000001,35.005945213229));
#6574=CARTESIAN_POINT('',(-18.4715368506299,18.2000000000001,35.005945213229));
#6575=CARTESIAN_POINT('',(-1.39428998558735,20.7000000000001,35.0059452132289));
#6576=CARTESIAN_POINT('',(-1.39428998558735,20.7000000000001,35.005945213229));
#6577=CARTESIAN_POINT('',(-1.39428998558735,18.7000000000001,35.0059452132289));
#6578=CARTESIAN_POINT('',(-1.39428998558735,19.7000000000001,35.005945213229));
#6579=CARTESIAN_POINT('',(-9.23518323069751,18.7000000000001,35.005945213229));
#6580=CARTESIAN_POINT('Origin',(-1.39428998558739,20.7000000000001,30.375000074506));
#6581=CARTESIAN_POINT('',(-1.39428998558738,18.7000000000001,30.375000074506));
#6582=CARTESIAN_POINT('',(-1.39428998558737,18.7000000000001,32.6404726438674));
#6583=CARTESIAN_POINT('',(-1.39428998558734,20.7000000000001,36.9059452132289));
#6584=CARTESIAN_POINT('',(-1.39428998558735,20.7000000000001,34.9059452132289));
#6585=CARTESIAN_POINT('',(-1.39428998558734,9.00000000000007,36.9059452132289));
#6586=CARTESIAN_POINT('',(-1.39428998558734,20.7000000000001,36.9059452132289));
#6587=CARTESIAN_POINT('',(-1.39428998558738,9.00000000000007,30.375000074506));
#6588=CARTESIAN_POINT('',(-1.39428998558735,9.00000000000007,34.9059452132289));
#6589=CARTESIAN_POINT('',(-1.39428998558737,20.7000000000001,30.375000074506));
#6590=CARTESIAN_POINT('Origin',(-20.1218239967069,17.7000000000001,33.355658067152));
#6591=CARTESIAN_POINT('',(-20.4942899855874,18.7000000000001,32.9831920782715));
#6592=CARTESIAN_POINT('',(-21.7398687074078,18.7000000000001,31.7376133564511));
#6593=CARTESIAN_POINT('',(-20.4942899855874,20.7000000000001,32.9831920782715));
#6594=CARTESIAN_POINT('',(-20.4942899855874,19.2000000000001,32.9831920782715));
#6595=CARTESIAN_POINT('',(-24.3644646838262,20.7000000000001,29.1130173800327));
#6596=CARTESIAN_POINT('',(-24.3644646838262,20.7000000000001,29.1130173800327));
#6597=CARTESIAN_POINT('',(-24.3644646838262,9.00000000000006,29.1130173800327));
#6598=CARTESIAN_POINT('',(-24.3644646838262,11.7000000000001,29.1130173800327));
#6599=CARTESIAN_POINT('',(-16.5715368506299,9.00000000000006,36.905945213229));
#6600=CARTESIAN_POINT('',(-19.2816400003203,9.00000000000006,34.1958420635385));
#6601=CARTESIAN_POINT('',(-16.5715368506299,20.7000000000001,36.905945213229));
#6602=CARTESIAN_POINT('',(-16.5715368506299,17.7750000000001,36.905945213229));
#6603=CARTESIAN_POINT('',(-14.2121847110212,20.7000000000001,39.2652973528377));
#6604=CARTESIAN_POINT('',(-21.2531948466054,14.7000000000001,32.2242872172535));
#6605=CARTESIAN_POINT('Origin',(-22.2431443402665,14.7000000000001,31.2343377235923));
#6606=CARTESIAN_POINT('Origin',(-13.757862966028,20.7000000000001,27.255945213229));
#6607=CARTESIAN_POINT('',(-13.757862966028,18.7000000000001,27.255945213229));
#6608=CARTESIAN_POINT('',(-11.2690548612771,18.7000000000001,27.255945213229));
#6609=CARTESIAN_POINT('',(-11.2313182027337,18.7000000000001,27.255945213229));
#6610=CARTESIAN_POINT('',(-11.2690548612771,9.00000000000008,27.255945213229));
#6611=CARTESIAN_POINT('',(-11.2690548612771,20.7000000000001,27.255945213229));
#6612=CARTESIAN_POINT('',(-13.757862966028,9.00000000000007,27.255945213229));
#6613=CARTESIAN_POINT('',(-1.3942899855874,9.00000000000007,27.2559452132289));
#6614=CARTESIAN_POINT('',(-13.757862966028,17.7000000000001,27.255945213229));
#6615=CARTESIAN_POINT('Origin',(-20.4942899855874,20.7000000000001,33.0831920782715));
#6616=CARTESIAN_POINT('',(-20.4942899855874,18.7000000000001,27.155945213229));
#6617=CARTESIAN_POINT('',(-20.4942899855874,18.7000000000001,27.255945213229));
#6618=CARTESIAN_POINT('',(-20.4942899855874,20.7000000000001,27.155945213229));
#6619=CARTESIAN_POINT('',(-20.4942899855874,20.7000000000001,27.155945213229));
#6620=CARTESIAN_POINT('',(-20.4942899855874,20.7000000000001,29.683891166779));
#6621=CARTESIAN_POINT('Origin',(-20.3942899855874,20.7000000000001,27.155945213229));
#6622=CARTESIAN_POINT('',(-13.757862966028,20.7000000000001,27.155945213229));
#6623=CARTESIAN_POINT('',(-16.7225230852144,20.7000000000001,27.155945213229));
#6624=CARTESIAN_POINT('',(-13.757862966028,18.7000000000001,27.155945213229));
#6625=CARTESIAN_POINT('',(-20.3942899855874,18.7000000000001,27.155945213229));
#6626=CARTESIAN_POINT('',(-13.757862966028,17.7000000000001,27.155945213229));
#6627=CARTESIAN_POINT('Origin',(-13.757862966028,14.7000000000001,29.1130173800327));
#6628=CARTESIAN_POINT('',(-13.757862966028,9.00000000000006,25.5774834741));
#6629=CARTESIAN_POINT('',(-13.757862966028,9.00000000000006,31.2343377235923));
#6630=CARTESIAN_POINT('',(-13.757862966028,20.7000000000001,25.5774834741));
#6631=CARTESIAN_POINT('',(-13.757862966028,17.7000000000001,25.5774834741));
#6632=CARTESIAN_POINT('',(-13.757862966028,20.7000000000001,27.6988038176596));
#6633=CARTESIAN_POINT('',(-13.757862966028,18.7000000000001,28.1844812966308));
#6634=CARTESIAN_POINT('Origin',(-13.0507561848414,20.7000000000001,26.2845902552865));
#6635=CARTESIAN_POINT('',(-17.2933968719607,20.7000000000001,22.0419495681672));
#6636=CARTESIAN_POINT('',(-13.0507561848414,20.7000000000001,26.2845902552865));
#6637=CARTESIAN_POINT('',(-24.3644646838262,20.7000000000001,29.1130173800327));
#6638=CARTESIAN_POINT('Origin',(-22.2431443402665,14.7000000000001,31.2343377235923));
#6639=CARTESIAN_POINT('',(-14.1821270347399,14.7000000000001,25.153219405388));
#6640=CARTESIAN_POINT('Origin',(-15.172076528401,14.7000000000001,24.1632699117269));
#6641=CARTESIAN_POINT('',(-21.2531948466054,14.7000000000001,32.2242872172535));
#6642=CARTESIAN_POINT('Origin',(-24.3644646838262,11.7000000000001,29.1130173800327));
#6643=CARTESIAN_POINT('',(-17.2933968719607,9.00000000000006,22.0419495681672));
#6644=CARTESIAN_POINT('',(-17.2933968719607,11.7000000000001,22.0419495681672));
#6645=CARTESIAN_POINT('',(-24.3644646838262,9.00000000000006,29.1130173800327));
#6646=CARTESIAN_POINT('Origin',(-17.4797129083368,17.7000000000001,31.0452878367217));
#6647=CARTESIAN_POINT('',(-16.0797129083368,18.7000000000001,31.0452878367217));
#6648=CARTESIAN_POINT('Origin',(-17.4797129083368,18.7000000000001,31.0452878367217));
#6649=CARTESIAN_POINT('',(-16.0797129083368,9.00000000000006,31.0452878367217));
#6650=CARTESIAN_POINT('',(-16.0797129083368,17.7000000000001,31.0452878367217));
#6651=CARTESIAN_POINT('Origin',(-17.4797129083368,9.00000000000006,31.0452878367217));
#6652=CARTESIAN_POINT('Origin',(-13.0507561848414,11.7000000000001,26.2845902552865));
#6653=CARTESIAN_POINT('',(-13.0507561848414,9.00000000000006,26.2845902552865));
#6654=CARTESIAN_POINT('Origin',(-8.15,20.7000000000001,30.375000074506));
#6655=CARTESIAN_POINT('',(-8.15,18.7000000000001,30.375000074506));
#6656=CARTESIAN_POINT('',(-8.42738671971972,18.7000000000001,30.375000074506));
#6657=CARTESIAN_POINT('',(-8.15,9.00000000000008,30.375000074506));
#6658=CARTESIAN_POINT('',(8.14999999999998,9.00000000000007,30.375000074506));
#6659=CARTESIAN_POINT('',(-8.15,20.7000000000001,30.375000074506));
#6660=CARTESIAN_POINT('Origin',(-11.2690548612771,20.7000000000001,27.255945213229));
#6661=CARTESIAN_POINT('',(-9.67173450581767,18.7000000000001,28.8532655686884));
#6662=CARTESIAN_POINT('',(-8.15,9.00000000000008,30.375000074506));
#6663=CARTESIAN_POINT('Origin',(-17.0760764758077,18.7000000000001,31.7200152025636));
#6664=CARTESIAN_POINT('Origin',(-1.39428998558735,20.7000000000001,34.9059452132289));
#6665=CARTESIAN_POINT('',(-14.9777269052572,20.7000000000001,36.905945213229));
#6666=CARTESIAN_POINT('Origin',(-20.1218239967069,9.00000000000006,33.355658067152));
#6667=CARTESIAN_POINT('',(-16.5006006657068,9.00000000000006,36.905945213229));
#6668=CARTESIAN_POINT('Origin',(-1.39428998558734,20.7000000000001,36.9059452132289));
#6669=UNCERTAINTY_MEASURE_WITH_UNIT(LENGTH_MEASURE(0.01),#6673,
'DISTANCE_ACCURACY_VALUE',
'Maximum model space distance between geometric entities at asserted c
onnectivities');
#6670=UNCERTAINTY_MEASURE_WITH_UNIT(LENGTH_MEASURE(0.01),#6673,
'DISTANCE_ACCURACY_VALUE',
'Maximum model space distance between geometric entities at asserted c
onnectivities');
#6671=(
GEOMETRIC_REPRESENTATION_CONTEXT(3)
GLOBAL_UNCERTAINTY_ASSIGNED_CONTEXT((#6669))
GLOBAL_UNIT_ASSIGNED_CONTEXT((#6673,#6675,#6676))
REPRESENTATION_CONTEXT('','3D')
);
#6672=(
GEOMETRIC_REPRESENTATION_CONTEXT(3)
GLOBAL_UNCERTAINTY_ASSIGNED_CONTEXT((#6670))
GLOBAL_UNIT_ASSIGNED_CONTEXT((#6673,#6675,#6676))
REPRESENTATION_CONTEXT('','3D')
);
#6673=(
LENGTH_UNIT()
NAMED_UNIT(*)
SI_UNIT(.MILLI.,.METRE.)
);
#6674=(
LENGTH_UNIT()
NAMED_UNIT(*)
SI_UNIT($,.METRE.)
);
#6675=(
NAMED_UNIT(*)
PLANE_ANGLE_UNIT()
SI_UNIT($,.RADIAN.)
);
#6676=(
NAMED_UNIT(*)
SI_UNIT($,.STERADIAN.)
SOLID_ANGLE_UNIT()
);
#6677=SHAPE_DEFINITION_REPRESENTATION(#6678,#6679);
#6678=PRODUCT_DEFINITION_SHAPE('',$,#6681);
#6679=SHAPE_REPRESENTATION('',(#4000),#6671);
#6680=PRODUCT_DEFINITION_CONTEXT('part definition',#6685,'design');
#6681=PRODUCT_DEFINITION('IMUmount','IMUmount v2',#6682,#6680);
#6682=PRODUCT_DEFINITION_FORMATION('',$,#6687);
#6683=PRODUCT_RELATED_PRODUCT_CATEGORY('IMUmount v2','IMUmount v2',(#6687));
#6684=APPLICATION_PROTOCOL_DEFINITION('international standard',
'automotive_design',2009,#6685);
#6685=APPLICATION_CONTEXT(
'Core Data for Automotive Mechanical Design Process');
#6686=PRODUCT_CONTEXT('part definition',#6685,'mechanical');
#6687=PRODUCT('IMUmount','IMUmount v2',$,(#6686));
#6688=PRESENTATION_STYLE_ASSIGNMENT((#6689));
#6689=SURFACE_STYLE_USAGE(.BOTH.,#6690);
#6690=SURFACE_SIDE_STYLE('',(#6691));
#6691=SURFACE_STYLE_FILL_AREA(#6692);
#6692=FILL_AREA_STYLE('Steel - Satin',(#6693));
#6693=FILL_AREA_STYLE_COLOUR('Steel - Satin',#6694);
#6694=COLOUR_RGB('Steel - Satin',0.627450980392157,0.627450980392157,0.627450980392157);
ENDSEC;
END-ISO-10303-21;
