ISO-10303-21;
HEADER;
/* Generated by software containing ST-Developer
 * from STEP Tools, Inc. (www.steptools.com) 
 */

FILE_DESCRIPTION(
/* description */ (''),
/* implementation_level */ '2;1');

FILE_NAME(
/* name */ '656a87c6-7249-4498-afe4-eaa241c7d2f4.stp',
/* time_stamp */ '2026-04-24T18:31:54Z',
/* author */ (''),
/* organization */ (''),
/* preprocessor_version */ 'ST-DEVELOPER v20.1',
/* originating_system */ 'Autodesk Translation Framework v15.8.0.0',
/* authorisation */ '');

FILE_SCHEMA (('AUTOMOTIVE_DESIGN { 1 0 10303 214 3 1 1 }'));
ENDSEC;

DATA;
#10=MECHANICAL_DESIGN_GEOMETRIC_PRESENTATION_REPRESENTATION('',(#13,#14,
#15,#16,#17,#18),#3240);
#11=SHAPE_REPRESENTATION_RELATIONSHIP('SRR','None',#3247,#12);
#12=ADVANCED_BREP_SHAPE_REPRESENTATION('',(#19,#20,#21,#22,#23,#24),#3239);
#13=STYLED_ITEM('',(#3256),#19);
#14=STYLED_ITEM('',(#3256),#20);
#15=STYLED_ITEM('',(#3256),#21);
#16=STYLED_ITEM('',(#3256),#22);
#17=STYLED_ITEM('',(#3256),#23);
#18=STYLED_ITEM('',(#3256),#24);
#19=MANIFOLD_SOLID_BREP('MOLD',#1485);
#20=MANIFOLD_SOLID_BREP('STICK1',#1486);
#21=MANIFOLD_SOLID_BREP('STICK2',#1487);
#22=MANIFOLD_SOLID_BREP('STICK3',#1488);
#23=MANIFOLD_SOLID_BREP('STICK4',#1489);
#24=MANIFOLD_SOLID_BREP('MOLD (1)',#1490);
#25=FACE_BOUND('',#253,.T.);
#26=FACE_BOUND('',#259,.T.);
#27=FACE_BOUND('',#263,.T.);
#28=FACE_BOUND('',#268,.T.);
#29=FACE_BOUND('',#271,.T.);
#30=FACE_BOUND('',#272,.T.);
#31=FACE_BOUND('',#273,.T.);
#32=FACE_BOUND('',#274,.T.);
#33=FACE_BOUND('',#314,.T.);
#34=FACE_BOUND('',#320,.T.);
#35=FACE_BOUND('',#324,.T.);
#36=FACE_BOUND('',#329,.T.);
#37=FACE_BOUND('',#332,.T.);
#38=FACE_BOUND('',#333,.T.);
#39=FACE_BOUND('',#334,.T.);
#40=FACE_BOUND('',#335,.T.);
#41=TOROIDAL_SURFACE('',#1547,82.1885230281208,5.);
#42=TOROIDAL_SURFACE('',#1562,82.1885230281208,5.);
#43=TOROIDAL_SURFACE('',#1570,82.1885230281208,5.);
#44=TOROIDAL_SURFACE('',#1582,82.1885230281208,5.);
#45=TOROIDAL_SURFACE('',#1657,82.1885230281208,5.);
#46=TOROIDAL_SURFACE('',#1672,82.1885230281208,5.);
#47=TOROIDAL_SURFACE('',#1680,82.1885230281208,5.);
#48=TOROIDAL_SURFACE('',#1692,82.1885230281208,5.);
#49=SPHERICAL_SURFACE('',#1540,5.);
#50=SPHERICAL_SURFACE('',#1544,5.);
#51=SPHERICAL_SURFACE('',#1555,5.);
#52=SPHERICAL_SURFACE('',#1558,5.);
#53=SPHERICAL_SURFACE('',#1566,5.);
#54=SPHERICAL_SURFACE('',#1574,5.);
#55=SPHERICAL_SURFACE('',#1578,5.);
#56=SPHERICAL_SURFACE('',#1586,5.);
#57=SPHERICAL_SURFACE('',#1650,5.);
#58=SPHERICAL_SURFACE('',#1654,5.);
#59=SPHERICAL_SURFACE('',#1665,5.);
#60=SPHERICAL_SURFACE('',#1668,5.);
#61=SPHERICAL_SURFACE('',#1676,5.);
#62=SPHERICAL_SURFACE('',#1684,5.);
#63=SPHERICAL_SURFACE('',#1688,5.);
#64=SPHERICAL_SURFACE('',#1696,5.);
#65=CONICAL_SURFACE('',#1536,5.125,0.483447001567199);
#66=CONICAL_SURFACE('',#1646,5.125,0.483447001567199);
#67=ELLIPSE('',#1534,1.61329096053337,1.5);
#68=ELLIPSE('',#1535,1.61329096053337,1.5);
#69=ELLIPSE('',#1553,4.07470783749881,1.5);
#70=ELLIPSE('',#1554,4.07470783749881,1.5);
#71=ELLIPSE('',#1643,1.61329096053337,1.5);
#72=ELLIPSE('',#1644,1.61329096053337,1.5);
#73=ELLIPSE('',#1662,4.07470783749881,1.5);
#74=ELLIPSE('',#1663,4.07470783749881,1.5);
#75=B_SPLINE_CURVE_WITH_KNOTS('',3,(#2216,#2217,#2218,#2219,#2220,#2221,
#2222,#2223,#2224,#2225,#2226,#2227,#2228,#2229,#2230,#2231,#2232,#2233,
#2234,#2235,#2236,#2237,#2238,#2239,#2240,#2241,#2242,#2243,#2244,#2245,
#2246,#2247,#2248,#2249,#2250,#2251,#2252,#2253,#2254,#2255,#2256,#2257),
 .UNSPECIFIED.,.F.,.F.,(4,2,2,2,2,2,2,2,2,2,2,2,2,2,2,2,2,2,2,2,4),(-1.0146293852228,
-1.00912685972895,-1.00003648763721,-0.983681122830652,-0.923683012210045,
-0.864292323759426,-0.801244569577443,-0.741762776297955,-0.683703471850057,
-0.628873823963231,-0.580719670274998,-0.543586729649857,-0.525917813254821,
-0.516537119755658,-0.508872881461115,-0.500077066091866,-0.485030328619208,
-0.435386758098742,-0.381018308484733,-0.317333446213849,-0.283157503421231),
 .UNSPECIFIED.);
#76=B_SPLINE_CURVE_WITH_KNOTS('',3,(#2261,#2262,#2263,#2264,#2265,#2266,
#2267,#2268,#2269,#2270,#2271,#2272,#2273,#2274,#2275,#2276,#2277,#2278),
 .UNSPECIFIED.,.F.,.F.,(4,2,2,2,2,2,2,2,4),(-0.283157503421231,-0.256353099040315,
-0.197571405044662,-0.140502819453299,-0.0887302269898276,-0.0474468161826273,
-0.0213551365174854,-0.0083335164629986,0.),.UNSPECIFIED.);
#77=B_SPLINE_CURVE_WITH_KNOTS('',3,(#2283,#2284,#2285,#2286,#2287,#2288,
#2289,#2290,#2291,#2292,#2293,#2294,#2295,#2296,#2297,#2298,#2299,#2300,
#2301,#2302,#2303,#2304,#2305,#2306,#2307,#2308,#2309,#2310,#2311,#2312,
#2313,#2314,#2315,#2316,#2317,#2318,#2319,#2320,#2321,#2322,#2323,#2324,
#2325,#2326),.UNSPECIFIED.,.F.,.F.,(4,2,2,2,2,2,2,2,2,2,2,2,2,2,2,2,2,2,
2,2,2,4),(-1.01458786451656,-1.01302674512372,-1.00376558425499,-0.988033799290582,
-0.937253649445499,-0.881163169000115,-0.817502812430688,-0.756805565561734,
-0.698067593803424,-0.641204018946477,-0.589829348487712,-0.541611496473951,
-0.519476932626558,-0.50882760603812,-0.500645213536259,-0.49178433888889,
-0.477802333924858,-0.438833515993243,-0.383896338647254,-0.320516982558826,
-0.259049312183422,-0.209904168486908),.UNSPECIFIED.);
#78=B_SPLINE_CURVE_WITH_KNOTS('',3,(#2330,#2331,#2332,#2333,#2334,#2335,
#2336,#2337,#2338,#2339,#2340,#2341,#2342,#2343,#2344,#2345),
 .UNSPECIFIED.,.F.,.F.,(4,2,2,2,2,2,2,4),(-0.209904168486908,-0.200482283854565,
-0.143619534430741,-0.091996230792496,-0.042029717878432,-0.0190298208865143,
-0.00820819341186252,0.),.UNSPECIFIED.);
#79=B_SPLINE_CURVE_WITH_KNOTS('',3,(#2350,#2351,#2352,#2353,#2354,#2355,
#2356,#2357,#2358,#2359,#2360,#2361,#2362,#2363,#2364,#2365,#2366,#2367,
#2368,#2369,#2370,#2371,#2372,#2373,#2374,#2375,#2376,#2377,#2378,#2379,
#2380,#2381,#2382,#2383,#2384,#2385,#2386,#2387,#2388,#2389,#2390,#2391,
#2392,#2393),.UNSPECIFIED.,.F.,.F.,(4,2,2,2,2,2,2,2,2,2,2,2,2,2,2,2,2,2,
2,2,2,4),(-1.01469744211455,-1.01150355069293,-1.00200366064412,-0.983783832585323,
-0.921992419268182,-0.861065824179116,-0.797988499407149,-0.738317866976612,
-0.679877322052245,-0.624378413168468,-0.575331410688719,-0.53568427701358,
-0.517121890826679,-0.507547816851314,-0.499868005601277,-0.491208063378811,
-0.476757119768539,-0.431452734594922,-0.376339962090559,-0.312820442307375,
-0.251998697854612,-0.223990239795243),.UNSPECIFIED.);
#80=B_SPLINE_CURVE_WITH_KNOTS('',3,(#2397,#2398,#2399,#2400,#2401,#2402,
#2403,#2404,#2405,#2406,#2407,#2408,#2409,#2410,#2411,#2412),
 .UNSPECIFIED.,.F.,.F.,(4,2,2,2,2,2,2,4),(-0.223990239795243,-0.193553473636147,
-0.13713043000837,-0.0863746498082279,-0.0395089705990993,-0.0179477304454895,
-0.00775689913321069,0.),.UNSPECIFIED.);
#81=B_SPLINE_CURVE_WITH_KNOTS('',3,(#2417,#2418,#2419,#2420,#2421,#2422,
#2423,#2424,#2425,#2426,#2427,#2428,#2429,#2430,#2431,#2432,#2433,#2434,
#2435,#2436,#2437,#2438,#2439,#2440,#2441,#2442,#2443,#2444,#2445,#2446,
#2447,#2448,#2449,#2450,#2451,#2452,#2453,#2454,#2455,#2456,#2457,#2458),
 .UNSPECIFIED.,.F.,.F.,(4,2,2,2,2,2,2,2,2,2,2,2,2,2,2,2,2,2,2,2,4),(-1.01447651690715,
-1.00976009989083,-1.00053346198818,-0.984951529102569,-0.935197117211029,
-0.880982259480728,-0.817476878948266,-0.75707797030374,-0.69871732949922,
-0.642636092182714,-0.592476633027298,-0.548550604632058,-0.527958457423695,
-0.517628167611987,-0.509488290358123,-0.500466694325877,-0.485780575291107,
-0.442260546760392,-0.386303569202611,-0.32264169074323,-0.297222722889236),
 .UNSPECIFIED.);
#82=B_SPLINE_CURVE_WITH_KNOTS('',3,(#2462,#2463,#2464,#2465,#2466,#2467,
#2468,#2469,#2470,#2471,#2472,#2473,#2474,#2475,#2476,#2477,#2478,#2479),
 .UNSPECIFIED.,.F.,.F.,(4,2,2,2,2,2,2,2,4),(-0.297222722889236,-0.261261465850806,
-0.202408037541759,-0.145060170446689,-0.092695022793869,-0.049740781388496,
-0.0224386316973731,-0.0087860875722068,0.),.UNSPECIFIED.);
#83=B_SPLINE_CURVE_WITH_KNOTS('',3,(#2496,#2497,#2498,#2499,#2500,#2501,
#2502,#2503,#2504,#2505,#2506,#2507,#2508,#2509,#2510,#2511,#2512,#2513,
#2514),.UNSPECIFIED.,.F.,.F.,(4,2,2,2,3,2,2,2,4),(-0.201326805419296,-0.151296955400893,
-0.10126710538249,-0.0506335526912451,0.,0.0638500693409929,0.127700138681986,
0.191550846968965,0.255401555255944),.UNSPECIFIED.);
#84=B_SPLINE_CURVE_WITH_KNOTS('',3,(#2522,#2523,#2524,#2525,#2526,#2527,
#2528,#2529,#2530,#2531,#2532,#2533,#2534,#2535,#2536,#2537,#2538,#2539,
#2540),.UNSPECIFIED.,.F.,.F.,(4,2,2,2,3,2,2,2,4),(0.712129915931185,0.762159765949588,
0.812189615967991,0.862823168659236,0.913456721350481,0.977306790691474,
1.04115686003247,1.10500756831945,1.16885827660643),.UNSPECIFIED.);
#85=B_SPLINE_CURVE_WITH_KNOTS('',3,(#2556,#2557,#2558,#2559,#2560,#2561,
#2562,#2563,#2564,#2565,#2566,#2567,#2568,#2569,#2570,#2571,#2572,#2573,
#2574),.UNSPECIFIED.,.F.,.F.,(4,2,2,2,3,2,2,2,4),(-0.243316970459949,-0.184609685639633,
-0.125902400819317,-0.0629512004096585,0.,0.063196728973022,0.126393457946044,
0.182511455022751,0.238629452099458),.UNSPECIFIED.);
#86=B_SPLINE_CURVE_WITH_KNOTS('',3,(#2615,#2616,#2617,#2618,#2619,#2620,
#2621,#2622,#2623,#2624,#2625,#2626,#2627,#2628,#2629,#2630,#2631,#2632,
#2633),.UNSPECIFIED.,.F.,.F.,(4,2,2,2,3,2,2,2,4),(-0.243316970459949,-0.184609685639633,
-0.125902400819317,-0.0629512004096585,0.,0.063196728973022,0.126393457946044,
0.182511455022751,0.238629452099458),.UNSPECIFIED.);
#87=B_SPLINE_CURVE_WITH_KNOTS('',3,(#2758,#2759,#2760,#2761,#2762,#2763,
#2764,#2765,#2766,#2767,#2768,#2769,#2770,#2771,#2772,#2773,#2774,#2775,
#2776,#2777,#2778,#2779,#2780,#2781,#2782,#2783,#2784,#2785,#2786,#2787,
#2788,#2789,#2790,#2791,#2792,#2793,#2794,#2795,#2796,#2797,#2798,#2799),
 .UNSPECIFIED.,.F.,.F.,(4,2,2,2,2,2,2,2,2,2,2,2,2,2,2,2,2,2,2,2,4),(-1.0146293852228,
-1.00912685972895,-1.00003648763721,-0.983681122830652,-0.923683012210045,
-0.864292323759426,-0.801244569577443,-0.741762776297955,-0.683703471850057,
-0.628873823963231,-0.580719670274998,-0.543586729649857,-0.525917813254821,
-0.516537119755658,-0.508872881461115,-0.500077066091866,-0.485030328619208,
-0.435386758098742,-0.381018308484733,-0.317333446213849,-0.283157503421231),
 .UNSPECIFIED.);
#88=B_SPLINE_CURVE_WITH_KNOTS('',3,(#2800,#2801,#2802,#2803,#2804,#2805,
#2806,#2807,#2808,#2809,#2810,#2811,#2812,#2813,#2814,#2815,#2816,#2817),
 .UNSPECIFIED.,.F.,.F.,(4,2,2,2,2,2,2,2,4),(-0.283157503421231,-0.256353099040315,
-0.197571405044662,-0.140502819453299,-0.0887302269898276,-0.0474468161826273,
-0.0213551365174854,-0.0083335164629986,0.),.UNSPECIFIED.);
#89=B_SPLINE_CURVE_WITH_KNOTS('',3,(#2825,#2826,#2827,#2828,#2829,#2830,
#2831,#2832,#2833,#2834,#2835,#2836,#2837,#2838,#2839,#2840,#2841,#2842,
#2843,#2844,#2845,#2846,#2847,#2848,#2849,#2850,#2851,#2852,#2853,#2854,
#2855,#2856,#2857,#2858,#2859,#2860,#2861,#2862,#2863,#2864,#2865,#2866,
#2867,#2868),.UNSPECIFIED.,.F.,.F.,(4,2,2,2,2,2,2,2,2,2,2,2,2,2,2,2,2,2,
2,2,2,4),(-1.01458786451656,-1.01302674512372,-1.00376558425499,-0.988033799290582,
-0.937253649445499,-0.881163169000115,-0.817502812430688,-0.756805565561734,
-0.698067593803424,-0.641204018946477,-0.589829348487712,-0.541611496473951,
-0.519476932626558,-0.50882760603812,-0.500645213536259,-0.49178433888889,
-0.477802333924858,-0.438833515993243,-0.383896338647254,-0.320516982558826,
-0.259049312183422,-0.209904168486908),.UNSPECIFIED.);
#90=B_SPLINE_CURVE_WITH_KNOTS('',3,(#2869,#2870,#2871,#2872,#2873,#2874,
#2875,#2876,#2877,#2878,#2879,#2880,#2881,#2882,#2883,#2884),
 .UNSPECIFIED.,.F.,.F.,(4,2,2,2,2,2,2,4),(-0.209904168486908,-0.200482283854565,
-0.143619534430741,-0.091996230792496,-0.042029717878432,-0.0190298208865143,
-0.00820819341186252,0.),.UNSPECIFIED.);
#91=B_SPLINE_CURVE_WITH_KNOTS('',3,(#2892,#2893,#2894,#2895,#2896,#2897,
#2898,#2899,#2900,#2901,#2902,#2903,#2904,#2905,#2906,#2907,#2908,#2909,
#2910,#2911,#2912,#2913,#2914,#2915,#2916,#2917,#2918,#2919,#2920,#2921,
#2922,#2923,#2924,#2925,#2926,#2927,#2928,#2929,#2930,#2931,#2932,#2933,
#2934,#2935),.UNSPECIFIED.,.F.,.F.,(4,2,2,2,2,2,2,2,2,2,2,2,2,2,2,2,2,2,
2,2,2,4),(-1.01469744211455,-1.01150355069293,-1.00200366064412,-0.983783832585323,
-0.921992419268182,-0.861065824179116,-0.797988499407149,-0.738317866976612,
-0.679877322052245,-0.624378413168468,-0.575331410688719,-0.53568427701358,
-0.517121890826679,-0.507547816851314,-0.499868005601277,-0.491208063378811,
-0.476757119768539,-0.431452734594922,-0.376339962090559,-0.312820442307375,
-0.251998697854612,-0.223990239795243),.UNSPECIFIED.);
#92=B_SPLINE_CURVE_WITH_KNOTS('',3,(#2936,#2937,#2938,#2939,#2940,#2941,
#2942,#2943,#2944,#2945,#2946,#2947,#2948,#2949,#2950,#2951),
 .UNSPECIFIED.,.F.,.F.,(4,2,2,2,2,2,2,4),(-0.223990239795243,-0.193553473636147,
-0.13713043000837,-0.0863746498082279,-0.0395089705990993,-0.0179477304454895,
-0.00775689913321069,0.),.UNSPECIFIED.);
#93=B_SPLINE_CURVE_WITH_KNOTS('',3,(#2959,#2960,#2961,#2962,#2963,#2964,
#2965,#2966,#2967,#2968,#2969,#2970,#2971,#2972,#2973,#2974,#2975,#2976,
#2977,#2978,#2979,#2980,#2981,#2982,#2983,#2984,#2985,#2986,#2987,#2988,
#2989,#2990,#2991,#2992,#2993,#2994,#2995,#2996,#2997,#2998,#2999,#3000),
 .UNSPECIFIED.,.F.,.F.,(4,2,2,2,2,2,2,2,2,2,2,2,2,2,2,2,2,2,2,2,4),(-1.01447651690715,
-1.00976009989083,-1.00053346198818,-0.984951529102569,-0.935197117211029,
-0.880982259480728,-0.817476878948266,-0.75707797030374,-0.69871732949922,
-0.642636092182714,-0.592476633027298,-0.548550604632058,-0.527958457423695,
-0.517628167611987,-0.509488290358123,-0.500466694325877,-0.485780575291107,
-0.442260546760392,-0.386303569202611,-0.32264169074323,-0.297222722889236),
 .UNSPECIFIED.);
#94=B_SPLINE_CURVE_WITH_KNOTS('',3,(#3001,#3002,#3003,#3004,#3005,#3006,
#3007,#3008,#3009,#3010,#3011,#3012,#3013,#3014,#3015,#3016,#3017,#3018),
 .UNSPECIFIED.,.F.,.F.,(4,2,2,2,2,2,2,2,4),(-0.297222722889236,-0.261261465850806,
-0.202408037541759,-0.145060170446689,-0.092695022793869,-0.049740781388496,
-0.0224386316973731,-0.0087860875722068,0.),.UNSPECIFIED.);
#95=B_SPLINE_CURVE_WITH_KNOTS('',3,(#3040,#3041,#3042,#3043,#3044,#3045,
#3046,#3047,#3048,#3049,#3050,#3051,#3052,#3053,#3054,#3055,#3056,#3057,
#3058),.UNSPECIFIED.,.F.,.F.,(4,2,2,2,3,2,2,2,4),(0.712129915931185,0.762159765949588,
0.812189615967991,0.862823168659236,0.913456721350481,0.977306790691474,
1.04115686003247,1.10500756831945,1.16885827660643),.UNSPECIFIED.);
#96=B_SPLINE_CURVE_WITH_KNOTS('',3,(#3065,#3066,#3067,#3068,#3069,#3070,
#3071,#3072,#3073,#3074,#3075,#3076,#3077,#3078,#3079,#3080,#3081,#3082,
#3083),.UNSPECIFIED.,.F.,.F.,(4,2,2,2,3,2,2,2,4),(-0.201326805419296,-0.151296955400893,
-0.10126710538249,-0.0506335526912451,0.,0.0638500693409929,0.127700138681986,
0.191550846968965,0.255401555255944),.UNSPECIFIED.);
#97=B_SPLINE_CURVE_WITH_KNOTS('',3,(#3095,#3096,#3097,#3098,#3099,#3100,
#3101,#3102,#3103,#3104,#3105,#3106,#3107,#3108,#3109,#3110,#3111,#3112,
#3113),.UNSPECIFIED.,.F.,.F.,(4,2,2,2,3,2,2,2,4),(-0.243316970459949,-0.184609685639633,
-0.125902400819317,-0.0629512004096585,0.,0.063196728973022,0.126393457946044,
0.182511455022751,0.238629452099458),.UNSPECIFIED.);
#98=B_SPLINE_CURVE_WITH_KNOTS('',3,(#3156,#3157,#3158,#3159,#3160,#3161,
#3162,#3163,#3164,#3165,#3166,#3167,#3168,#3169,#3170,#3171,#3172,#3173,
#3174),.UNSPECIFIED.,.F.,.F.,(4,2,2,2,3,2,2,2,4),(-0.243316970459949,-0.184609685639633,
-0.125902400819317,-0.0629512004096585,0.,0.063196728973022,0.126393457946044,
0.182511455022751,0.238629452099458),.UNSPECIFIED.);
#99=PLANE('',#1507);
#100=PLANE('',#1511);
#101=PLANE('',#1515);
#102=PLANE('',#1519);
#103=PLANE('',#1522);
#104=PLANE('',#1525);
#105=PLANE('',#1528);
#106=PLANE('',#1531);
#107=PLANE('',#1532);
#108=PLANE('',#1588);
#109=PLANE('',#1589);
#110=PLANE('',#1590);
#111=PLANE('',#1591);
#112=PLANE('',#1592);
#113=PLANE('',#1593);
#114=PLANE('',#1594);
#115=PLANE('',#1598);
#116=PLANE('',#1599);
#117=PLANE('',#1603);
#118=PLANE('',#1604);
#119=PLANE('',#1608);
#120=PLANE('',#1609);
#121=PLANE('',#1613);
#122=PLANE('',#1617);
#123=PLANE('',#1621);
#124=PLANE('',#1625);
#125=PLANE('',#1629);
#126=PLANE('',#1632);
#127=PLANE('',#1635);
#128=PLANE('',#1638);
#129=PLANE('',#1641);
#130=PLANE('',#1642);
#131=PLANE('',#1698);
#132=PLANE('',#1699);
#133=PLANE('',#1700);
#134=PLANE('',#1701);
#135=PLANE('',#1702);
#136=PLANE('',#1703);
#137=FACE_OUTER_BOUND('',#231,.T.);
#138=FACE_OUTER_BOUND('',#232,.T.);
#139=FACE_OUTER_BOUND('',#233,.T.);
#140=FACE_OUTER_BOUND('',#234,.T.);
#141=FACE_OUTER_BOUND('',#235,.T.);
#142=FACE_OUTER_BOUND('',#236,.T.);
#143=FACE_OUTER_BOUND('',#237,.T.);
#144=FACE_OUTER_BOUND('',#238,.T.);
#145=FACE_OUTER_BOUND('',#239,.T.);
#146=FACE_OUTER_BOUND('',#240,.T.);
#147=FACE_OUTER_BOUND('',#241,.T.);
#148=FACE_OUTER_BOUND('',#242,.T.);
#149=FACE_OUTER_BOUND('',#243,.T.);
#150=FACE_OUTER_BOUND('',#244,.T.);
#151=FACE_OUTER_BOUND('',#245,.T.);
#152=FACE_OUTER_BOUND('',#246,.T.);
#153=FACE_OUTER_BOUND('',#247,.T.);
#154=FACE_OUTER_BOUND('',#248,.T.);
#155=FACE_OUTER_BOUND('',#249,.T.);
#156=FACE_OUTER_BOUND('',#250,.T.);
#157=FACE_OUTER_BOUND('',#251,.T.);
#158=FACE_OUTER_BOUND('',#252,.T.);
#159=FACE_OUTER_BOUND('',#254,.T.);
#160=FACE_OUTER_BOUND('',#255,.T.);
#161=FACE_OUTER_BOUND('',#256,.T.);
#162=FACE_OUTER_BOUND('',#257,.T.);
#163=FACE_OUTER_BOUND('',#258,.T.);
#164=FACE_OUTER_BOUND('',#260,.T.);
#165=FACE_OUTER_BOUND('',#261,.T.);
#166=FACE_OUTER_BOUND('',#262,.T.);
#167=FACE_OUTER_BOUND('',#264,.T.);
#168=FACE_OUTER_BOUND('',#265,.T.);
#169=FACE_OUTER_BOUND('',#266,.T.);
#170=FACE_OUTER_BOUND('',#267,.T.);
#171=FACE_OUTER_BOUND('',#269,.T.);
#172=FACE_OUTER_BOUND('',#270,.T.);
#173=FACE_OUTER_BOUND('',#275,.T.);
#174=FACE_OUTER_BOUND('',#276,.T.);
#175=FACE_OUTER_BOUND('',#277,.T.);
#176=FACE_OUTER_BOUND('',#278,.T.);
#177=FACE_OUTER_BOUND('',#279,.T.);
#178=FACE_OUTER_BOUND('',#280,.T.);
#179=FACE_OUTER_BOUND('',#281,.T.);
#180=FACE_OUTER_BOUND('',#282,.T.);
#181=FACE_OUTER_BOUND('',#283,.T.);
#182=FACE_OUTER_BOUND('',#284,.T.);
#183=FACE_OUTER_BOUND('',#285,.T.);
#184=FACE_OUTER_BOUND('',#286,.T.);
#185=FACE_OUTER_BOUND('',#287,.T.);
#186=FACE_OUTER_BOUND('',#288,.T.);
#187=FACE_OUTER_BOUND('',#289,.T.);
#188=FACE_OUTER_BOUND('',#290,.T.);
#189=FACE_OUTER_BOUND('',#291,.T.);
#190=FACE_OUTER_BOUND('',#292,.T.);
#191=FACE_OUTER_BOUND('',#293,.T.);
#192=FACE_OUTER_BOUND('',#294,.T.);
#193=FACE_OUTER_BOUND('',#295,.T.);
#194=FACE_OUTER_BOUND('',#296,.T.);
#195=FACE_OUTER_BOUND('',#297,.T.);
#196=FACE_OUTER_BOUND('',#298,.T.);
#197=FACE_OUTER_BOUND('',#299,.T.);
#198=FACE_OUTER_BOUND('',#300,.T.);
#199=FACE_OUTER_BOUND('',#301,.T.);
#200=FACE_OUTER_BOUND('',#302,.T.);
#201=FACE_OUTER_BOUND('',#303,.T.);
#202=FACE_OUTER_BOUND('',#304,.T.);
#203=FACE_OUTER_BOUND('',#305,.T.);
#204=FACE_OUTER_BOUND('',#306,.T.);
#205=FACE_OUTER_BOUND('',#307,.T.);
#206=FACE_OUTER_BOUND('',#308,.T.);
#207=FACE_OUTER_BOUND('',#309,.T.);
#208=FACE_OUTER_BOUND('',#310,.T.);
#209=FACE_OUTER_BOUND('',#311,.T.);
#210=FACE_OUTER_BOUND('',#312,.T.);
#211=FACE_OUTER_BOUND('',#313,.T.);
#212=FACE_OUTER_BOUND('',#315,.T.);
#213=FACE_OUTER_BOUND('',#316,.T.);
#214=FACE_OUTER_BOUND('',#317,.T.);
#215=FACE_OUTER_BOUND('',#318,.T.);
#216=FACE_OUTER_BOUND('',#319,.T.);
#217=FACE_OUTER_BOUND('',#321,.T.);
#218=FACE_OUTER_BOUND('',#322,.T.);
#219=FACE_OUTER_BOUND('',#323,.T.);
#220=FACE_OUTER_BOUND('',#325,.T.);
#221=FACE_OUTER_BOUND('',#326,.T.);
#222=FACE_OUTER_BOUND('',#327,.T.);
#223=FACE_OUTER_BOUND('',#328,.T.);
#224=FACE_OUTER_BOUND('',#330,.T.);
#225=FACE_OUTER_BOUND('',#331,.T.);
#226=FACE_OUTER_BOUND('',#336,.T.);
#227=FACE_OUTER_BOUND('',#337,.T.);
#228=FACE_OUTER_BOUND('',#338,.T.);
#229=FACE_OUTER_BOUND('',#339,.T.);
#230=FACE_OUTER_BOUND('',#340,.T.);
#231=EDGE_LOOP('',(#945,#946,#947,#948));
#232=EDGE_LOOP('',(#949));
#233=EDGE_LOOP('',(#950,#951,#952,#953));
#234=EDGE_LOOP('',(#954));
#235=EDGE_LOOP('',(#955,#956,#957,#958));
#236=EDGE_LOOP('',(#959));
#237=EDGE_LOOP('',(#960,#961,#962,#963));
#238=EDGE_LOOP('',(#964));
#239=EDGE_LOOP('',(#965,#966,#967,#968,#969));
#240=EDGE_LOOP('',(#970));
#241=EDGE_LOOP('',(#971,#972,#973,#974,#975));
#242=EDGE_LOOP('',(#976));
#243=EDGE_LOOP('',(#977,#978,#979,#980,#981));
#244=EDGE_LOOP('',(#982));
#245=EDGE_LOOP('',(#983,#984,#985,#986,#987));
#246=EDGE_LOOP('',(#988));
#247=EDGE_LOOP('',(#989,#990,#991,#992,#993));
#248=EDGE_LOOP('',(#994,#995,#996,#997,#998,#999,#1000,#1001));
#249=EDGE_LOOP('',(#1002,#1003,#1004,#1005));
#250=EDGE_LOOP('',(#1006,#1007,#1008,#1009));
#251=EDGE_LOOP('',(#1010,#1011));
#252=EDGE_LOOP('',(#1012,#1013,#1014,#1015));
#253=EDGE_LOOP('',(#1016,#1017));
#254=EDGE_LOOP('',(#1018,#1019,#1020,#1021));
#255=EDGE_LOOP('',(#1022,#1023,#1024,#1025,#1026,#1027));
#256=EDGE_LOOP('',(#1028,#1029));
#257=EDGE_LOOP('',(#1030,#1031,#1032,#1033));
#258=EDGE_LOOP('',(#1034,#1035,#1036,#1037));
#259=EDGE_LOOP('',(#1038,#1039));
#260=EDGE_LOOP('',(#1040,#1041,#1042,#1043));
#261=EDGE_LOOP('',(#1044,#1045,#1046,#1047));
#262=EDGE_LOOP('',(#1048,#1049,#1050,#1051));
#263=EDGE_LOOP('',(#1052,#1053));
#264=EDGE_LOOP('',(#1054,#1055));
#265=EDGE_LOOP('',(#1056,#1057,#1058,#1059,#1060,#1061));
#266=EDGE_LOOP('',(#1062,#1063,#1064,#1065));
#267=EDGE_LOOP('',(#1066,#1067,#1068,#1069));
#268=EDGE_LOOP('',(#1070,#1071));
#269=EDGE_LOOP('',(#1072,#1073));
#270=EDGE_LOOP('',(#1074,#1075,#1076,#1077,#1078,#1079,#1080,#1081,#1082,
#1083,#1084,#1085,#1086,#1087,#1088,#1089,#1090,#1091,#1092,#1093,#1094,
#1095,#1096,#1097,#1098,#1099,#1100,#1101,#1102,#1103,#1104,#1105,#1106,
#1107,#1108,#1109,#1110,#1111,#1112,#1113,#1114));
#271=EDGE_LOOP('',(#1115));
#272=EDGE_LOOP('',(#1116));
#273=EDGE_LOOP('',(#1117));
#274=EDGE_LOOP('',(#1118));
#275=EDGE_LOOP('',(#1119,#1120,#1121,#1122));
#276=EDGE_LOOP('',(#1123,#1124,#1125,#1126,#1127,#1128));
#277=EDGE_LOOP('',(#1129,#1130,#1131,#1132));
#278=EDGE_LOOP('',(#1133,#1134,#1135,#1136));
#279=EDGE_LOOP('',(#1137,#1138,#1139,#1140));
#280=EDGE_LOOP('',(#1141));
#281=EDGE_LOOP('',(#1142,#1143,#1144,#1145));
#282=EDGE_LOOP('',(#1146));
#283=EDGE_LOOP('',(#1147));
#284=EDGE_LOOP('',(#1148,#1149,#1150,#1151));
#285=EDGE_LOOP('',(#1152));
#286=EDGE_LOOP('',(#1153));
#287=EDGE_LOOP('',(#1154,#1155,#1156,#1157));
#288=EDGE_LOOP('',(#1158));
#289=EDGE_LOOP('',(#1159));
#290=EDGE_LOOP('',(#1160,#1161,#1162,#1163));
#291=EDGE_LOOP('',(#1164));
#292=EDGE_LOOP('',(#1165,#1166,#1167,#1168));
#293=EDGE_LOOP('',(#1169));
#294=EDGE_LOOP('',(#1170,#1171,#1172,#1173));
#295=EDGE_LOOP('',(#1174));
#296=EDGE_LOOP('',(#1175,#1176,#1177,#1178));
#297=EDGE_LOOP('',(#1179));
#298=EDGE_LOOP('',(#1180,#1181,#1182,#1183));
#299=EDGE_LOOP('',(#1184));
#300=EDGE_LOOP('',(#1185,#1186,#1187,#1188,#1189));
#301=EDGE_LOOP('',(#1190));
#302=EDGE_LOOP('',(#1191,#1192,#1193,#1194,#1195));
#303=EDGE_LOOP('',(#1196));
#304=EDGE_LOOP('',(#1197,#1198,#1199,#1200,#1201));
#305=EDGE_LOOP('',(#1202));
#306=EDGE_LOOP('',(#1203,#1204,#1205,#1206,#1207));
#307=EDGE_LOOP('',(#1208));
#308=EDGE_LOOP('',(#1209,#1210,#1211,#1212,#1213));
#309=EDGE_LOOP('',(#1214,#1215,#1216,#1217,#1218,#1219,#1220,#1221));
#310=EDGE_LOOP('',(#1222,#1223,#1224,#1225));
#311=EDGE_LOOP('',(#1226,#1227,#1228,#1229));
#312=EDGE_LOOP('',(#1230,#1231));
#313=EDGE_LOOP('',(#1232,#1233,#1234,#1235));
#314=EDGE_LOOP('',(#1236,#1237));
#315=EDGE_LOOP('',(#1238,#1239,#1240,#1241));
#316=EDGE_LOOP('',(#1242,#1243,#1244,#1245,#1246,#1247));
#317=EDGE_LOOP('',(#1248,#1249));
#318=EDGE_LOOP('',(#1250,#1251,#1252,#1253));
#319=EDGE_LOOP('',(#1254,#1255,#1256,#1257));
#320=EDGE_LOOP('',(#1258,#1259));
#321=EDGE_LOOP('',(#1260,#1261,#1262,#1263));
#322=EDGE_LOOP('',(#1264,#1265,#1266,#1267));
#323=EDGE_LOOP('',(#1268,#1269,#1270,#1271));
#324=EDGE_LOOP('',(#1272,#1273));
#325=EDGE_LOOP('',(#1274,#1275));
#326=EDGE_LOOP('',(#1276,#1277,#1278,#1279,#1280,#1281));
#327=EDGE_LOOP('',(#1282,#1283,#1284,#1285));
#328=EDGE_LOOP('',(#1286,#1287,#1288,#1289));
#329=EDGE_LOOP('',(#1290,#1291));
#330=EDGE_LOOP('',(#1292,#1293));
#331=EDGE_LOOP('',(#1294,#1295,#1296,#1297,#1298,#1299,#1300,#1301,#1302,
#1303,#1304,#1305,#1306,#1307,#1308,#1309,#1310,#1311,#1312,#1313,#1314,
#1315,#1316,#1317,#1318,#1319,#1320,#1321,#1322,#1323,#1324,#1325,#1326,
#1327,#1328,#1329,#1330,#1331,#1332,#1333,#1334));
#332=EDGE_LOOP('',(#1335));
#333=EDGE_LOOP('',(#1336));
#334=EDGE_LOOP('',(#1337));
#335=EDGE_LOOP('',(#1338));
#336=EDGE_LOOP('',(#1339,#1340,#1341,#1342));
#337=EDGE_LOOP('',(#1343,#1344,#1345,#1346,#1347,#1348));
#338=EDGE_LOOP('',(#1349,#1350,#1351,#1352));
#339=EDGE_LOOP('',(#1353,#1354,#1355,#1356));
#340=EDGE_LOOP('',(#1357,#1358,#1359,#1360));
#341=LINE('',#2189,#419);
#342=LINE('',#2196,#420);
#343=LINE('',#2203,#421);
#344=LINE('',#2210,#422);
#345=LINE('',#2259,#423);
#346=LINE('',#2328,#424);
#347=LINE('',#2395,#425);
#348=LINE('',#2460,#426);
#349=LINE('',#2484,#427);
#350=LINE('',#2488,#428);
#351=LINE('',#2494,#429);
#352=LINE('',#2516,#430);
#353=LINE('',#2520,#431);
#354=LINE('',#2541,#432);
#355=LINE('',#2544,#433);
#356=LINE('',#2547,#434);
#357=LINE('',#2584,#435);
#358=LINE('',#2585,#436);
#359=LINE('',#2589,#437);
#360=LINE('',#2592,#438);
#361=LINE('',#2612,#439);
#362=LINE('',#2614,#440);
#363=LINE('',#2650,#441);
#364=LINE('',#2652,#442);
#365=LINE('',#2670,#443);
#366=LINE('',#2672,#444);
#367=LINE('',#2674,#445);
#368=LINE('',#2676,#446);
#369=LINE('',#2677,#447);
#370=LINE('',#2680,#448);
#371=LINE('',#2682,#449);
#372=LINE('',#2683,#450);
#373=LINE('',#2686,#451);
#374=LINE('',#2687,#452);
#375=LINE('',#2690,#453);
#376=LINE('',#2691,#454);
#377=LINE('',#2693,#455);
#378=LINE('',#2701,#456);
#379=LINE('',#2709,#457);
#380=LINE('',#2717,#458);
#381=LINE('',#2725,#459);
#382=LINE('',#2731,#460);
#383=LINE('',#2738,#461);
#384=LINE('',#2745,#462);
#385=LINE('',#2752,#463);
#386=LINE('',#2819,#464);
#387=LINE('',#2886,#465);
#388=LINE('',#2953,#466);
#389=LINE('',#3020,#467);
#390=LINE('',#3026,#468);
#391=LINE('',#3032,#469);
#392=LINE('',#3036,#470);
#393=LINE('',#3038,#471);
#394=LINE('',#3060,#472);
#395=LINE('',#3064,#473);
#396=LINE('',#3086,#474);
#397=LINE('',#3088,#475);
#398=LINE('',#3126,#476);
#399=LINE('',#3127,#477);
#400=LINE('',#3131,#478);
#401=LINE('',#3136,#479);
#402=LINE('',#3154,#480);
#403=LINE('',#3175,#481);
#404=LINE('',#3192,#482);
#405=LINE('',#3195,#483);
#406=LINE('',#3212,#484);
#407=LINE('',#3214,#485);
#408=LINE('',#3216,#486);
#409=LINE('',#3218,#487);
#410=LINE('',#3219,#488);
#411=LINE('',#3222,#489);
#412=LINE('',#3224,#490);
#413=LINE('',#3225,#491);
#414=LINE('',#3228,#492);
#415=LINE('',#3229,#493);
#416=LINE('',#3232,#494);
#417=LINE('',#3233,#495);
#418=LINE('',#3235,#496);
#419=VECTOR('',#1710,1.35);
#420=VECTOR('',#1719,1.35);
#421=VECTOR('',#1728,1.35);
#422=VECTOR('',#1737,1.35);
#423=VECTOR('',#1744,1.6);
#424=VECTOR('',#1751,1.6);
#425=VECTOR('',#1758,1.6);
#426=VECTOR('',#1765,1.6);
#427=VECTOR('',#1772,10.);
#428=VECTOR('',#1775,10.);
#429=VECTOR('',#1782,10.);
#430=VECTOR('',#1783,10.);
#431=VECTOR('',#1786,10.);
#432=VECTOR('',#1787,10.);
#433=VECTOR('',#1790,10.);
#434=VECTOR('',#1793,10.);
#435=VECTOR('',#1816,10.);
#436=VECTOR('',#1817,10.);
#437=VECTOR('',#1820,10.);
#438=VECTOR('',#1823,10.);
#439=VECTOR('',#1850,10.);
#440=VECTOR('',#1851,10.);
#441=VECTOR('',#1874,10.);
#442=VECTOR('',#1875,10.);
#443=VECTOR('',#1900,10.);
#444=VECTOR('',#1901,10.);
#445=VECTOR('',#1902,10.);
#446=VECTOR('',#1903,10.);
#447=VECTOR('',#1904,10.);
#448=VECTOR('',#1907,10.);
#449=VECTOR('',#1908,10.);
#450=VECTOR('',#1909,10.);
#451=VECTOR('',#1912,10.);
#452=VECTOR('',#1913,10.);
#453=VECTOR('',#1916,10.);
#454=VECTOR('',#1917,10.);
#455=VECTOR('',#1920,10.);
#456=VECTOR('',#1931,1.6);
#457=VECTOR('',#1942,1.6);
#458=VECTOR('',#1953,1.6);
#459=VECTOR('',#1964,1.6);
#460=VECTOR('',#1971,1.35);
#461=VECTOR('',#1980,1.35);
#462=VECTOR('',#1989,1.35);
#463=VECTOR('',#1998,1.35);
#464=VECTOR('',#2005,1.6);
#465=VECTOR('',#2012,1.6);
#466=VECTOR('',#2019,1.6);
#467=VECTOR('',#2026,1.6);
#468=VECTOR('',#2033,10.);
#469=VECTOR('',#2038,10.);
#470=VECTOR('',#2043,10.);
#471=VECTOR('',#2044,10.);
#472=VECTOR('',#2045,10.);
#473=VECTOR('',#2048,10.);
#474=VECTOR('',#2051,10.);
#475=VECTOR('',#2052,10.);
#476=VECTOR('',#2077,10.);
#477=VECTOR('',#2078,10.);
#478=VECTOR('',#2081,10.);
#479=VECTOR('',#2086,10.);
#480=VECTOR('',#2111,10.);
#481=VECTOR('',#2112,10.);
#482=VECTOR('',#2135,10.);
#483=VECTOR('',#2138,10.);
#484=VECTOR('',#2161,10.);
#485=VECTOR('',#2162,10.);
#486=VECTOR('',#2163,10.);
#487=VECTOR('',#2164,10.);
#488=VECTOR('',#2165,10.);
#489=VECTOR('',#2168,10.);
#490=VECTOR('',#2169,10.);
#491=VECTOR('',#2170,10.);
#492=VECTOR('',#2173,10.);
#493=VECTOR('',#2174,10.);
#494=VECTOR('',#2177,10.);
#495=VECTOR('',#2178,10.);
#496=VECTOR('',#2181,10.);
#497=CIRCLE('',#1505,1.35);
#498=CIRCLE('',#1506,1.35);
#499=CIRCLE('',#1509,1.35);
#500=CIRCLE('',#1510,1.35);
#501=CIRCLE('',#1513,1.35);
#502=CIRCLE('',#1514,1.35);
#503=CIRCLE('',#1517,1.35);
#504=CIRCLE('',#1518,1.35);
#505=CIRCLE('',#1521,1.6);
#506=CIRCLE('',#1524,1.6);
#507=CIRCLE('',#1527,1.6);
#508=CIRCLE('',#1530,1.6);
#509=CIRCLE('',#1533,2.5);
#510=CIRCLE('',#1537,7.75);
#511=CIRCLE('',#1539,7.75);
#512=CIRCLE('',#1541,5.);
#513=CIRCLE('',#1542,5.);
#514=CIRCLE('',#1543,5.);
#515=CIRCLE('',#1545,5.);
#516=CIRCLE('',#1546,5.);
#517=CIRCLE('',#1548,77.1885230281208);
#518=CIRCLE('',#1549,87.1885230281208);
#519=CIRCLE('',#1552,1.5);
#520=CIRCLE('',#1556,5.);
#521=CIRCLE('',#1557,5.);
#522=CIRCLE('',#1559,5.);
#523=CIRCLE('',#1560,5.);
#524=CIRCLE('',#1561,5.);
#525=CIRCLE('',#1563,77.1885230281208);
#526=CIRCLE('',#1564,87.1885230281208);
#527=CIRCLE('',#1567,5.);
#528=CIRCLE('',#1568,5.);
#529=CIRCLE('',#1569,5.);
#530=CIRCLE('',#1571,77.1885230281208);
#531=CIRCLE('',#1572,87.1885230281208);
#532=CIRCLE('',#1573,5.);
#533=CIRCLE('',#1575,5.);
#534=CIRCLE('',#1577,1.5);
#535=CIRCLE('',#1579,5.);
#536=CIRCLE('',#1580,5.);
#537=CIRCLE('',#1581,5.);
#538=CIRCLE('',#1583,77.1885230281208);
#539=CIRCLE('',#1584,87.1885230281208);
#540=CIRCLE('',#1585,5.);
#541=CIRCLE('',#1587,5.);
#542=CIRCLE('',#1595,1.52);
#543=CIRCLE('',#1597,1.52);
#544=CIRCLE('',#1600,1.52);
#545=CIRCLE('',#1602,1.52);
#546=CIRCLE('',#1605,1.52);
#547=CIRCLE('',#1607,1.52);
#548=CIRCLE('',#1610,1.52);
#549=CIRCLE('',#1612,1.52);
#550=CIRCLE('',#1615,1.35);
#551=CIRCLE('',#1616,1.35);
#552=CIRCLE('',#1619,1.35);
#553=CIRCLE('',#1620,1.35);
#554=CIRCLE('',#1623,1.35);
#555=CIRCLE('',#1624,1.35);
#556=CIRCLE('',#1627,1.35);
#557=CIRCLE('',#1628,1.35);
#558=CIRCLE('',#1631,1.6);
#559=CIRCLE('',#1634,1.6);
#560=CIRCLE('',#1637,1.6);
#561=CIRCLE('',#1640,1.6);
#562=CIRCLE('',#1645,2.5);
#563=CIRCLE('',#1647,7.75);
#564=CIRCLE('',#1649,7.75);
#565=CIRCLE('',#1651,5.);
#566=CIRCLE('',#1652,5.);
#567=CIRCLE('',#1653,5.);
#568=CIRCLE('',#1655,5.);
#569=CIRCLE('',#1656,5.);
#570=CIRCLE('',#1658,77.1885230281208);
#571=CIRCLE('',#1659,87.1885230281208);
#572=CIRCLE('',#1664,1.5);
#573=CIRCLE('',#1666,5.);
#574=CIRCLE('',#1667,5.);
#575=CIRCLE('',#1669,5.);
#576=CIRCLE('',#1670,5.);
#577=CIRCLE('',#1671,5.);
#578=CIRCLE('',#1673,77.1885230281208);
#579=CIRCLE('',#1674,87.1885230281208);
#580=CIRCLE('',#1677,5.);
#581=CIRCLE('',#1678,5.);
#582=CIRCLE('',#1679,5.);
#583=CIRCLE('',#1681,77.1885230281208);
#584=CIRCLE('',#1682,5.);
#585=CIRCLE('',#1683,87.1885230281208);
#586=CIRCLE('',#1685,5.);
#587=CIRCLE('',#1687,1.5);
#588=CIRCLE('',#1689,5.);
#589=CIRCLE('',#1690,5.);
#590=CIRCLE('',#1691,5.);
#591=CIRCLE('',#1693,77.1885230281208);
#592=CIRCLE('',#1694,5.);
#593=CIRCLE('',#1695,87.1885230281208);
#594=CIRCLE('',#1697,5.);
#595=VERTEX_POINT('',#2186);
#596=VERTEX_POINT('',#2188);
#597=VERTEX_POINT('',#2193);
#598=VERTEX_POINT('',#2195);
#599=VERTEX_POINT('',#2200);
#600=VERTEX_POINT('',#2202);
#601=VERTEX_POINT('',#2207);
#602=VERTEX_POINT('',#2209);
#603=VERTEX_POINT('',#2214);
#604=VERTEX_POINT('',#2215);
#605=VERTEX_POINT('',#2258);
#606=VERTEX_POINT('',#2281);
#607=VERTEX_POINT('',#2282);
#608=VERTEX_POINT('',#2327);
#609=VERTEX_POINT('',#2348);
#610=VERTEX_POINT('',#2349);
#611=VERTEX_POINT('',#2394);
#612=VERTEX_POINT('',#2415);
#613=VERTEX_POINT('',#2416);
#614=VERTEX_POINT('',#2459);
#615=VERTEX_POINT('',#2482);
#616=VERTEX_POINT('',#2483);
#617=VERTEX_POINT('',#2485);
#618=VERTEX_POINT('',#2487);
#619=VERTEX_POINT('',#2489);
#620=VERTEX_POINT('',#2493);
#621=VERTEX_POINT('',#2495);
#622=VERTEX_POINT('',#2515);
#623=VERTEX_POINT('',#2517);
#624=VERTEX_POINT('',#2519);
#625=VERTEX_POINT('',#2521);
#626=VERTEX_POINT('',#2543);
#627=VERTEX_POINT('',#2545);
#628=VERTEX_POINT('',#2549);
#629=VERTEX_POINT('',#2550);
#630=VERTEX_POINT('',#2552);
#631=VERTEX_POINT('',#2554);
#632=VERTEX_POINT('',#2576);
#633=VERTEX_POINT('',#2577);
#634=VERTEX_POINT('',#2587);
#635=VERTEX_POINT('',#2588);
#636=VERTEX_POINT('',#2590);
#637=VERTEX_POINT('',#2593);
#638=VERTEX_POINT('',#2597);
#639=VERTEX_POINT('',#2598);
#640=VERTEX_POINT('',#2602);
#641=VERTEX_POINT('',#2604);
#642=VERTEX_POINT('',#2611);
#643=VERTEX_POINT('',#2613);
#644=VERTEX_POINT('',#2635);
#645=VERTEX_POINT('',#2637);
#646=VERTEX_POINT('',#2641);
#647=VERTEX_POINT('',#2643);
#648=VERTEX_POINT('',#2649);
#649=VERTEX_POINT('',#2651);
#650=VERTEX_POINT('',#2655);
#651=VERTEX_POINT('',#2657);
#652=VERTEX_POINT('',#2661);
#653=VERTEX_POINT('',#2663);
#654=VERTEX_POINT('',#2669);
#655=VERTEX_POINT('',#2671);
#656=VERTEX_POINT('',#2673);
#657=VERTEX_POINT('',#2675);
#658=VERTEX_POINT('',#2679);
#659=VERTEX_POINT('',#2681);
#660=VERTEX_POINT('',#2685);
#661=VERTEX_POINT('',#2689);
#662=VERTEX_POINT('',#2696);
#663=VERTEX_POINT('',#2699);
#664=VERTEX_POINT('',#2704);
#665=VERTEX_POINT('',#2707);
#666=VERTEX_POINT('',#2712);
#667=VERTEX_POINT('',#2715);
#668=VERTEX_POINT('',#2720);
#669=VERTEX_POINT('',#2723);
#670=VERTEX_POINT('',#2728);
#671=VERTEX_POINT('',#2730);
#672=VERTEX_POINT('',#2735);
#673=VERTEX_POINT('',#2737);
#674=VERTEX_POINT('',#2742);
#675=VERTEX_POINT('',#2744);
#676=VERTEX_POINT('',#2749);
#677=VERTEX_POINT('',#2751);
#678=VERTEX_POINT('',#2756);
#679=VERTEX_POINT('',#2757);
#680=VERTEX_POINT('',#2818);
#681=VERTEX_POINT('',#2823);
#682=VERTEX_POINT('',#2824);
#683=VERTEX_POINT('',#2885);
#684=VERTEX_POINT('',#2890);
#685=VERTEX_POINT('',#2891);
#686=VERTEX_POINT('',#2952);
#687=VERTEX_POINT('',#2957);
#688=VERTEX_POINT('',#2958);
#689=VERTEX_POINT('',#3019);
#690=VERTEX_POINT('',#3024);
#691=VERTEX_POINT('',#3025);
#692=VERTEX_POINT('',#3027);
#693=VERTEX_POINT('',#3029);
#694=VERTEX_POINT('',#3031);
#695=VERTEX_POINT('',#3035);
#696=VERTEX_POINT('',#3037);
#697=VERTEX_POINT('',#3039);
#698=VERTEX_POINT('',#3059);
#699=VERTEX_POINT('',#3061);
#700=VERTEX_POINT('',#3063);
#701=VERTEX_POINT('',#3085);
#702=VERTEX_POINT('',#3087);
#703=VERTEX_POINT('',#3091);
#704=VERTEX_POINT('',#3092);
#705=VERTEX_POINT('',#3094);
#706=VERTEX_POINT('',#3114);
#707=VERTEX_POINT('',#3118);
#708=VERTEX_POINT('',#3119);
#709=VERTEX_POINT('',#3129);
#710=VERTEX_POINT('',#3130);
#711=VERTEX_POINT('',#3132);
#712=VERTEX_POINT('',#3135);
#713=VERTEX_POINT('',#3139);
#714=VERTEX_POINT('',#3140);
#715=VERTEX_POINT('',#3144);
#716=VERTEX_POINT('',#3146);
#717=VERTEX_POINT('',#3153);
#718=VERTEX_POINT('',#3155);
#719=VERTEX_POINT('',#3177);
#720=VERTEX_POINT('',#3179);
#721=VERTEX_POINT('',#3183);
#722=VERTEX_POINT('',#3185);
#723=VERTEX_POINT('',#3191);
#724=VERTEX_POINT('',#3193);
#725=VERTEX_POINT('',#3197);
#726=VERTEX_POINT('',#3199);
#727=VERTEX_POINT('',#3203);
#728=VERTEX_POINT('',#3205);
#729=VERTEX_POINT('',#3211);
#730=VERTEX_POINT('',#3213);
#731=VERTEX_POINT('',#3215);
#732=VERTEX_POINT('',#3217);
#733=VERTEX_POINT('',#3221);
#734=VERTEX_POINT('',#3223);
#735=VERTEX_POINT('',#3227);
#736=VERTEX_POINT('',#3231);
#737=EDGE_CURVE('',#595,#595,#497,.T.);
#738=EDGE_CURVE('',#595,#596,#341,.T.);
#739=EDGE_CURVE('',#596,#596,#498,.T.);
#740=EDGE_CURVE('',#597,#597,#499,.T.);
#741=EDGE_CURVE('',#597,#598,#342,.T.);
#742=EDGE_CURVE('',#598,#598,#500,.T.);
#743=EDGE_CURVE('',#599,#599,#501,.T.);
#744=EDGE_CURVE('',#599,#600,#343,.T.);
#745=EDGE_CURVE('',#600,#600,#502,.T.);
#746=EDGE_CURVE('',#601,#601,#503,.T.);
#747=EDGE_CURVE('',#601,#602,#344,.T.);
#748=EDGE_CURVE('',#602,#602,#504,.T.);
#749=EDGE_CURVE('',#603,#604,#75,.T.);
#750=EDGE_CURVE('',#604,#605,#345,.T.);
#751=EDGE_CURVE('',#605,#605,#505,.T.);
#752=EDGE_CURVE('',#604,#603,#76,.T.);
#753=EDGE_CURVE('',#606,#607,#77,.T.);
#754=EDGE_CURVE('',#607,#608,#346,.T.);
#755=EDGE_CURVE('',#608,#608,#506,.T.);
#756=EDGE_CURVE('',#607,#606,#78,.T.);
#757=EDGE_CURVE('',#609,#610,#79,.T.);
#758=EDGE_CURVE('',#610,#611,#347,.T.);
#759=EDGE_CURVE('',#611,#611,#507,.T.);
#760=EDGE_CURVE('',#610,#609,#80,.T.);
#761=EDGE_CURVE('',#612,#613,#81,.T.);
#762=EDGE_CURVE('',#613,#614,#348,.T.);
#763=EDGE_CURVE('',#614,#614,#508,.T.);
#764=EDGE_CURVE('',#613,#612,#82,.T.);
#765=EDGE_CURVE('',#615,#616,#349,.T.);
#766=EDGE_CURVE('',#615,#617,#509,.T.);
#767=EDGE_CURVE('',#618,#617,#350,.T.);
#768=EDGE_CURVE('',#619,#618,#67,.T.);
#769=EDGE_CURVE('',#619,#616,#68,.T.);
#770=EDGE_CURVE('',#620,#615,#351,.T.);
#771=EDGE_CURVE('',#620,#621,#83,.T.);
#772=EDGE_CURVE('',#622,#621,#352,.T.);
#773=EDGE_CURVE('',#623,#622,#510,.T.);
#774=EDGE_CURVE('',#624,#623,#353,.T.);
#775=EDGE_CURVE('',#625,#624,#84,.T.);
#776=EDGE_CURVE('',#617,#625,#354,.T.);
#777=EDGE_CURVE('',#626,#622,#355,.T.);
#778=EDGE_CURVE('',#627,#626,#511,.T.);
#779=EDGE_CURVE('',#623,#627,#356,.T.);
#780=EDGE_CURVE('',#628,#629,#512,.T.);
#781=EDGE_CURVE('',#630,#628,#513,.T.);
#782=EDGE_CURVE('',#631,#630,#514,.T.);
#783=EDGE_CURVE('',#631,#629,#85,.T.);
#784=EDGE_CURVE('',#632,#633,#515,.T.);
#785=EDGE_CURVE('',#633,#632,#516,.T.);
#786=EDGE_CURVE('',#633,#628,#517,.T.);
#787=EDGE_CURVE('',#630,#632,#518,.T.);
#788=EDGE_CURVE('',#629,#620,#357,.T.);
#789=EDGE_CURVE('',#621,#631,#358,.T.);
#790=EDGE_CURVE('',#634,#635,#359,.T.);
#791=EDGE_CURVE('',#634,#636,#519,.T.);
#792=EDGE_CURVE('',#616,#636,#360,.T.);
#793=EDGE_CURVE('',#619,#637,#69,.T.);
#794=EDGE_CURVE('',#637,#635,#70,.T.);
#795=EDGE_CURVE('',#638,#639,#520,.T.);
#796=EDGE_CURVE('',#639,#638,#521,.T.);
#797=EDGE_CURVE('',#640,#634,#522,.T.);
#798=EDGE_CURVE('',#641,#640,#523,.T.);
#799=EDGE_CURVE('',#636,#641,#524,.T.);
#800=EDGE_CURVE('',#639,#640,#525,.T.);
#801=EDGE_CURVE('',#641,#638,#526,.T.);
#802=EDGE_CURVE('',#625,#642,#361,.T.);
#803=EDGE_CURVE('',#643,#624,#362,.T.);
#804=EDGE_CURVE('',#643,#642,#86,.T.);
#805=EDGE_CURVE('',#642,#644,#527,.T.);
#806=EDGE_CURVE('',#645,#643,#528,.T.);
#807=EDGE_CURVE('',#645,#644,#529,.T.);
#808=EDGE_CURVE('',#644,#646,#530,.T.);
#809=EDGE_CURVE('',#647,#645,#531,.T.);
#810=EDGE_CURVE('',#646,#647,#532,.T.);
#811=EDGE_CURVE('',#646,#647,#533,.T.);
#812=EDGE_CURVE('',#635,#648,#363,.T.);
#813=EDGE_CURVE('',#649,#618,#364,.T.);
#814=EDGE_CURVE('',#648,#649,#534,.T.);
#815=EDGE_CURVE('',#648,#650,#535,.T.);
#816=EDGE_CURVE('',#651,#649,#536,.T.);
#817=EDGE_CURVE('',#651,#650,#537,.T.);
#818=EDGE_CURVE('',#650,#652,#538,.T.);
#819=EDGE_CURVE('',#653,#651,#539,.T.);
#820=EDGE_CURVE('',#652,#653,#540,.T.);
#821=EDGE_CURVE('',#652,#653,#541,.T.);
#822=EDGE_CURVE('',#627,#654,#365,.T.);
#823=EDGE_CURVE('',#654,#655,#366,.T.);
#824=EDGE_CURVE('',#655,#656,#367,.T.);
#825=EDGE_CURVE('',#656,#657,#368,.T.);
#826=EDGE_CURVE('',#657,#626,#369,.T.);
#827=EDGE_CURVE('',#656,#658,#370,.T.);
#828=EDGE_CURVE('',#659,#658,#371,.T.);
#829=EDGE_CURVE('',#657,#659,#372,.T.);
#830=EDGE_CURVE('',#660,#659,#373,.T.);
#831=EDGE_CURVE('',#654,#660,#374,.T.);
#832=EDGE_CURVE('',#661,#660,#375,.T.);
#833=EDGE_CURVE('',#655,#661,#376,.T.);
#834=EDGE_CURVE('',#658,#661,#377,.T.);
#835=EDGE_CURVE('',#662,#662,#542,.T.);
#836=EDGE_CURVE('',#663,#663,#543,.F.);
#837=EDGE_CURVE('',#663,#662,#378,.T.);
#838=EDGE_CURVE('',#664,#664,#544,.T.);
#839=EDGE_CURVE('',#665,#665,#545,.F.);
#840=EDGE_CURVE('',#665,#664,#379,.T.);
#841=EDGE_CURVE('',#666,#666,#546,.T.);
#842=EDGE_CURVE('',#667,#667,#547,.F.);
#843=EDGE_CURVE('',#667,#666,#380,.T.);
#844=EDGE_CURVE('',#668,#668,#548,.T.);
#845=EDGE_CURVE('',#669,#669,#549,.F.);
#846=EDGE_CURVE('',#669,#668,#381,.T.);
#847=EDGE_CURVE('',#670,#670,#550,.T.);
#848=EDGE_CURVE('',#670,#671,#382,.T.);
#849=EDGE_CURVE('',#671,#671,#551,.T.);
#850=EDGE_CURVE('',#672,#672,#552,.T.);
#851=EDGE_CURVE('',#672,#673,#383,.T.);
#852=EDGE_CURVE('',#673,#673,#553,.T.);
#853=EDGE_CURVE('',#674,#674,#554,.T.);
#854=EDGE_CURVE('',#674,#675,#384,.T.);
#855=EDGE_CURVE('',#675,#675,#555,.T.);
#856=EDGE_CURVE('',#676,#676,#556,.T.);
#857=EDGE_CURVE('',#676,#677,#385,.T.);
#858=EDGE_CURVE('',#677,#677,#557,.T.);
#859=EDGE_CURVE('',#678,#679,#87,.T.);
#860=EDGE_CURVE('',#679,#678,#88,.T.);
#861=EDGE_CURVE('',#679,#680,#386,.T.);
#862=EDGE_CURVE('',#680,#680,#558,.T.);
#863=EDGE_CURVE('',#681,#682,#89,.T.);
#864=EDGE_CURVE('',#682,#681,#90,.T.);
#865=EDGE_CURVE('',#682,#683,#387,.T.);
#866=EDGE_CURVE('',#683,#683,#559,.T.);
#867=EDGE_CURVE('',#684,#685,#91,.T.);
#868=EDGE_CURVE('',#685,#684,#92,.T.);
#869=EDGE_CURVE('',#685,#686,#388,.T.);
#870=EDGE_CURVE('',#686,#686,#560,.T.);
#871=EDGE_CURVE('',#687,#688,#93,.T.);
#872=EDGE_CURVE('',#688,#687,#94,.T.);
#873=EDGE_CURVE('',#688,#689,#389,.T.);
#874=EDGE_CURVE('',#689,#689,#561,.T.);
#875=EDGE_CURVE('',#690,#691,#390,.T.);
#876=EDGE_CURVE('',#692,#691,#71,.T.);
#877=EDGE_CURVE('',#692,#693,#72,.T.);
#878=EDGE_CURVE('',#693,#694,#391,.T.);
#879=EDGE_CURVE('',#690,#694,#562,.T.);
#880=EDGE_CURVE('',#695,#690,#392,.T.);
#881=EDGE_CURVE('',#694,#696,#393,.T.);
#882=EDGE_CURVE('',#696,#697,#95,.T.);
#883=EDGE_CURVE('',#697,#698,#394,.T.);
#884=EDGE_CURVE('',#698,#699,#563,.T.);
#885=EDGE_CURVE('',#699,#700,#395,.T.);
#886=EDGE_CURVE('',#695,#700,#96,.T.);
#887=EDGE_CURVE('',#701,#699,#396,.T.);
#888=EDGE_CURVE('',#698,#702,#397,.T.);
#889=EDGE_CURVE('',#702,#701,#564,.T.);
#890=EDGE_CURVE('',#703,#704,#565,.T.);
#891=EDGE_CURVE('',#705,#704,#97,.T.);
#892=EDGE_CURVE('',#705,#706,#566,.T.);
#893=EDGE_CURVE('',#706,#703,#567,.T.);
#894=EDGE_CURVE('',#707,#708,#568,.T.);
#895=EDGE_CURVE('',#708,#707,#569,.T.);
#896=EDGE_CURVE('',#708,#703,#570,.T.);
#897=EDGE_CURVE('',#706,#707,#571,.T.);
#898=EDGE_CURVE('',#704,#695,#398,.T.);
#899=EDGE_CURVE('',#700,#705,#399,.T.);
#900=EDGE_CURVE('',#709,#710,#400,.T.);
#901=EDGE_CURVE('',#711,#710,#73,.T.);
#902=EDGE_CURVE('',#692,#711,#74,.T.);
#903=EDGE_CURVE('',#691,#712,#401,.T.);
#904=EDGE_CURVE('',#709,#712,#572,.T.);
#905=EDGE_CURVE('',#713,#714,#573,.T.);
#906=EDGE_CURVE('',#714,#713,#574,.T.);
#907=EDGE_CURVE('',#715,#709,#575,.T.);
#908=EDGE_CURVE('',#712,#716,#576,.T.);
#909=EDGE_CURVE('',#716,#715,#577,.T.);
#910=EDGE_CURVE('',#714,#715,#578,.T.);
#911=EDGE_CURVE('',#716,#713,#579,.T.);
#912=EDGE_CURVE('',#696,#717,#402,.T.);
#913=EDGE_CURVE('',#718,#717,#98,.T.);
#914=EDGE_CURVE('',#718,#697,#403,.T.);
#915=EDGE_CURVE('',#717,#719,#580,.T.);
#916=EDGE_CURVE('',#720,#719,#581,.T.);
#917=EDGE_CURVE('',#720,#718,#582,.T.);
#918=EDGE_CURVE('',#719,#721,#583,.T.);
#919=EDGE_CURVE('',#721,#722,#584,.T.);
#920=EDGE_CURVE('',#722,#720,#585,.T.);
#921=EDGE_CURVE('',#721,#722,#586,.T.);
#922=EDGE_CURVE('',#710,#723,#404,.T.);
#923=EDGE_CURVE('',#723,#724,#587,.T.);
#924=EDGE_CURVE('',#724,#693,#405,.T.);
#925=EDGE_CURVE('',#723,#725,#588,.T.);
#926=EDGE_CURVE('',#726,#725,#589,.T.);
#927=EDGE_CURVE('',#726,#724,#590,.T.);
#928=EDGE_CURVE('',#725,#727,#591,.T.);
#929=EDGE_CURVE('',#727,#728,#592,.T.);
#930=EDGE_CURVE('',#728,#726,#593,.T.);
#931=EDGE_CURVE('',#727,#728,#594,.T.);
#932=EDGE_CURVE('',#729,#701,#406,.T.);
#933=EDGE_CURVE('',#730,#729,#407,.T.);
#934=EDGE_CURVE('',#731,#730,#408,.T.);
#935=EDGE_CURVE('',#732,#731,#409,.T.);
#936=EDGE_CURVE('',#702,#732,#410,.T.);
#937=EDGE_CURVE('',#729,#733,#411,.T.);
#938=EDGE_CURVE('',#733,#734,#412,.T.);
#939=EDGE_CURVE('',#730,#734,#413,.T.);
#940=EDGE_CURVE('',#732,#735,#414,.T.);
#941=EDGE_CURVE('',#735,#733,#415,.T.);
#942=EDGE_CURVE('',#731,#736,#416,.T.);
#943=EDGE_CURVE('',#736,#735,#417,.T.);
#944=EDGE_CURVE('',#734,#736,#418,.T.);
#945=ORIENTED_EDGE('',*,*,#737,.F.);
#946=ORIENTED_EDGE('',*,*,#738,.T.);
#947=ORIENTED_EDGE('',*,*,#739,.T.);
#948=ORIENTED_EDGE('',*,*,#738,.F.);
#949=ORIENTED_EDGE('',*,*,#739,.F.);
#950=ORIENTED_EDGE('',*,*,#740,.F.);
#951=ORIENTED_EDGE('',*,*,#741,.T.);
#952=ORIENTED_EDGE('',*,*,#742,.T.);
#953=ORIENTED_EDGE('',*,*,#741,.F.);
#954=ORIENTED_EDGE('',*,*,#742,.F.);
#955=ORIENTED_EDGE('',*,*,#743,.F.);
#956=ORIENTED_EDGE('',*,*,#744,.T.);
#957=ORIENTED_EDGE('',*,*,#745,.T.);
#958=ORIENTED_EDGE('',*,*,#744,.F.);
#959=ORIENTED_EDGE('',*,*,#745,.F.);
#960=ORIENTED_EDGE('',*,*,#746,.F.);
#961=ORIENTED_EDGE('',*,*,#747,.T.);
#962=ORIENTED_EDGE('',*,*,#748,.T.);
#963=ORIENTED_EDGE('',*,*,#747,.F.);
#964=ORIENTED_EDGE('',*,*,#748,.F.);
#965=ORIENTED_EDGE('',*,*,#749,.T.);
#966=ORIENTED_EDGE('',*,*,#750,.T.);
#967=ORIENTED_EDGE('',*,*,#751,.T.);
#968=ORIENTED_EDGE('',*,*,#750,.F.);
#969=ORIENTED_EDGE('',*,*,#752,.T.);
#970=ORIENTED_EDGE('',*,*,#751,.F.);
#971=ORIENTED_EDGE('',*,*,#753,.T.);
#972=ORIENTED_EDGE('',*,*,#754,.T.);
#973=ORIENTED_EDGE('',*,*,#755,.T.);
#974=ORIENTED_EDGE('',*,*,#754,.F.);
#975=ORIENTED_EDGE('',*,*,#756,.T.);
#976=ORIENTED_EDGE('',*,*,#755,.F.);
#977=ORIENTED_EDGE('',*,*,#757,.T.);
#978=ORIENTED_EDGE('',*,*,#758,.T.);
#979=ORIENTED_EDGE('',*,*,#759,.T.);
#980=ORIENTED_EDGE('',*,*,#758,.F.);
#981=ORIENTED_EDGE('',*,*,#760,.T.);
#982=ORIENTED_EDGE('',*,*,#759,.F.);
#983=ORIENTED_EDGE('',*,*,#761,.T.);
#984=ORIENTED_EDGE('',*,*,#762,.T.);
#985=ORIENTED_EDGE('',*,*,#763,.T.);
#986=ORIENTED_EDGE('',*,*,#762,.F.);
#987=ORIENTED_EDGE('',*,*,#764,.T.);
#988=ORIENTED_EDGE('',*,*,#763,.F.);
#989=ORIENTED_EDGE('',*,*,#765,.F.);
#990=ORIENTED_EDGE('',*,*,#766,.T.);
#991=ORIENTED_EDGE('',*,*,#767,.F.);
#992=ORIENTED_EDGE('',*,*,#768,.F.);
#993=ORIENTED_EDGE('',*,*,#769,.T.);
#994=ORIENTED_EDGE('',*,*,#770,.F.);
#995=ORIENTED_EDGE('',*,*,#771,.T.);
#996=ORIENTED_EDGE('',*,*,#772,.F.);
#997=ORIENTED_EDGE('',*,*,#773,.F.);
#998=ORIENTED_EDGE('',*,*,#774,.F.);
#999=ORIENTED_EDGE('',*,*,#775,.F.);
#1000=ORIENTED_EDGE('',*,*,#776,.F.);
#1001=ORIENTED_EDGE('',*,*,#766,.F.);
#1002=ORIENTED_EDGE('',*,*,#777,.F.);
#1003=ORIENTED_EDGE('',*,*,#778,.F.);
#1004=ORIENTED_EDGE('',*,*,#779,.F.);
#1005=ORIENTED_EDGE('',*,*,#773,.T.);
#1006=ORIENTED_EDGE('',*,*,#780,.F.);
#1007=ORIENTED_EDGE('',*,*,#781,.F.);
#1008=ORIENTED_EDGE('',*,*,#782,.F.);
#1009=ORIENTED_EDGE('',*,*,#783,.T.);
#1010=ORIENTED_EDGE('',*,*,#784,.F.);
#1011=ORIENTED_EDGE('',*,*,#785,.F.);
#1012=ORIENTED_EDGE('',*,*,#786,.F.);
#1013=ORIENTED_EDGE('',*,*,#785,.T.);
#1014=ORIENTED_EDGE('',*,*,#787,.F.);
#1015=ORIENTED_EDGE('',*,*,#781,.T.);
#1016=ORIENTED_EDGE('',*,*,#761,.F.);
#1017=ORIENTED_EDGE('',*,*,#764,.F.);
#1018=ORIENTED_EDGE('',*,*,#788,.F.);
#1019=ORIENTED_EDGE('',*,*,#783,.F.);
#1020=ORIENTED_EDGE('',*,*,#789,.F.);
#1021=ORIENTED_EDGE('',*,*,#771,.F.);
#1022=ORIENTED_EDGE('',*,*,#790,.F.);
#1023=ORIENTED_EDGE('',*,*,#791,.T.);
#1024=ORIENTED_EDGE('',*,*,#792,.F.);
#1025=ORIENTED_EDGE('',*,*,#769,.F.);
#1026=ORIENTED_EDGE('',*,*,#793,.T.);
#1027=ORIENTED_EDGE('',*,*,#794,.T.);
#1028=ORIENTED_EDGE('',*,*,#795,.F.);
#1029=ORIENTED_EDGE('',*,*,#796,.F.);
#1030=ORIENTED_EDGE('',*,*,#797,.F.);
#1031=ORIENTED_EDGE('',*,*,#798,.F.);
#1032=ORIENTED_EDGE('',*,*,#799,.F.);
#1033=ORIENTED_EDGE('',*,*,#791,.F.);
#1034=ORIENTED_EDGE('',*,*,#800,.F.);
#1035=ORIENTED_EDGE('',*,*,#796,.T.);
#1036=ORIENTED_EDGE('',*,*,#801,.F.);
#1037=ORIENTED_EDGE('',*,*,#798,.T.);
#1038=ORIENTED_EDGE('',*,*,#749,.F.);
#1039=ORIENTED_EDGE('',*,*,#752,.F.);
#1040=ORIENTED_EDGE('',*,*,#802,.F.);
#1041=ORIENTED_EDGE('',*,*,#775,.T.);
#1042=ORIENTED_EDGE('',*,*,#803,.F.);
#1043=ORIENTED_EDGE('',*,*,#804,.T.);
#1044=ORIENTED_EDGE('',*,*,#805,.F.);
#1045=ORIENTED_EDGE('',*,*,#804,.F.);
#1046=ORIENTED_EDGE('',*,*,#806,.F.);
#1047=ORIENTED_EDGE('',*,*,#807,.T.);
#1048=ORIENTED_EDGE('',*,*,#808,.F.);
#1049=ORIENTED_EDGE('',*,*,#807,.F.);
#1050=ORIENTED_EDGE('',*,*,#809,.F.);
#1051=ORIENTED_EDGE('',*,*,#810,.F.);
#1052=ORIENTED_EDGE('',*,*,#753,.F.);
#1053=ORIENTED_EDGE('',*,*,#756,.F.);
#1054=ORIENTED_EDGE('',*,*,#811,.F.);
#1055=ORIENTED_EDGE('',*,*,#810,.T.);
#1056=ORIENTED_EDGE('',*,*,#812,.F.);
#1057=ORIENTED_EDGE('',*,*,#794,.F.);
#1058=ORIENTED_EDGE('',*,*,#793,.F.);
#1059=ORIENTED_EDGE('',*,*,#768,.T.);
#1060=ORIENTED_EDGE('',*,*,#813,.F.);
#1061=ORIENTED_EDGE('',*,*,#814,.F.);
#1062=ORIENTED_EDGE('',*,*,#815,.F.);
#1063=ORIENTED_EDGE('',*,*,#814,.T.);
#1064=ORIENTED_EDGE('',*,*,#816,.F.);
#1065=ORIENTED_EDGE('',*,*,#817,.T.);
#1066=ORIENTED_EDGE('',*,*,#818,.F.);
#1067=ORIENTED_EDGE('',*,*,#817,.F.);
#1068=ORIENTED_EDGE('',*,*,#819,.F.);
#1069=ORIENTED_EDGE('',*,*,#820,.F.);
#1070=ORIENTED_EDGE('',*,*,#757,.F.);
#1071=ORIENTED_EDGE('',*,*,#760,.F.);
#1072=ORIENTED_EDGE('',*,*,#821,.F.);
#1073=ORIENTED_EDGE('',*,*,#820,.T.);
#1074=ORIENTED_EDGE('',*,*,#777,.T.);
#1075=ORIENTED_EDGE('',*,*,#772,.T.);
#1076=ORIENTED_EDGE('',*,*,#789,.T.);
#1077=ORIENTED_EDGE('',*,*,#782,.T.);
#1078=ORIENTED_EDGE('',*,*,#787,.T.);
#1079=ORIENTED_EDGE('',*,*,#784,.T.);
#1080=ORIENTED_EDGE('',*,*,#786,.T.);
#1081=ORIENTED_EDGE('',*,*,#780,.T.);
#1082=ORIENTED_EDGE('',*,*,#788,.T.);
#1083=ORIENTED_EDGE('',*,*,#770,.T.);
#1084=ORIENTED_EDGE('',*,*,#765,.T.);
#1085=ORIENTED_EDGE('',*,*,#792,.T.);
#1086=ORIENTED_EDGE('',*,*,#799,.T.);
#1087=ORIENTED_EDGE('',*,*,#801,.T.);
#1088=ORIENTED_EDGE('',*,*,#795,.T.);
#1089=ORIENTED_EDGE('',*,*,#800,.T.);
#1090=ORIENTED_EDGE('',*,*,#797,.T.);
#1091=ORIENTED_EDGE('',*,*,#790,.T.);
#1092=ORIENTED_EDGE('',*,*,#812,.T.);
#1093=ORIENTED_EDGE('',*,*,#815,.T.);
#1094=ORIENTED_EDGE('',*,*,#818,.T.);
#1095=ORIENTED_EDGE('',*,*,#821,.T.);
#1096=ORIENTED_EDGE('',*,*,#819,.T.);
#1097=ORIENTED_EDGE('',*,*,#816,.T.);
#1098=ORIENTED_EDGE('',*,*,#813,.T.);
#1099=ORIENTED_EDGE('',*,*,#767,.T.);
#1100=ORIENTED_EDGE('',*,*,#776,.T.);
#1101=ORIENTED_EDGE('',*,*,#802,.T.);
#1102=ORIENTED_EDGE('',*,*,#805,.T.);
#1103=ORIENTED_EDGE('',*,*,#808,.T.);
#1104=ORIENTED_EDGE('',*,*,#811,.T.);
#1105=ORIENTED_EDGE('',*,*,#809,.T.);
#1106=ORIENTED_EDGE('',*,*,#806,.T.);
#1107=ORIENTED_EDGE('',*,*,#803,.T.);
#1108=ORIENTED_EDGE('',*,*,#774,.T.);
#1109=ORIENTED_EDGE('',*,*,#779,.T.);
#1110=ORIENTED_EDGE('',*,*,#822,.T.);
#1111=ORIENTED_EDGE('',*,*,#823,.T.);
#1112=ORIENTED_EDGE('',*,*,#824,.T.);
#1113=ORIENTED_EDGE('',*,*,#825,.T.);
#1114=ORIENTED_EDGE('',*,*,#826,.T.);
#1115=ORIENTED_EDGE('',*,*,#737,.T.);
#1116=ORIENTED_EDGE('',*,*,#740,.T.);
#1117=ORIENTED_EDGE('',*,*,#743,.T.);
#1118=ORIENTED_EDGE('',*,*,#746,.T.);
#1119=ORIENTED_EDGE('',*,*,#825,.F.);
#1120=ORIENTED_EDGE('',*,*,#827,.T.);
#1121=ORIENTED_EDGE('',*,*,#828,.F.);
#1122=ORIENTED_EDGE('',*,*,#829,.F.);
#1123=ORIENTED_EDGE('',*,*,#778,.T.);
#1124=ORIENTED_EDGE('',*,*,#826,.F.);
#1125=ORIENTED_EDGE('',*,*,#829,.T.);
#1126=ORIENTED_EDGE('',*,*,#830,.F.);
#1127=ORIENTED_EDGE('',*,*,#831,.F.);
#1128=ORIENTED_EDGE('',*,*,#822,.F.);
#1129=ORIENTED_EDGE('',*,*,#823,.F.);
#1130=ORIENTED_EDGE('',*,*,#831,.T.);
#1131=ORIENTED_EDGE('',*,*,#832,.F.);
#1132=ORIENTED_EDGE('',*,*,#833,.F.);
#1133=ORIENTED_EDGE('',*,*,#824,.F.);
#1134=ORIENTED_EDGE('',*,*,#833,.T.);
#1135=ORIENTED_EDGE('',*,*,#834,.F.);
#1136=ORIENTED_EDGE('',*,*,#827,.F.);
#1137=ORIENTED_EDGE('',*,*,#834,.T.);
#1138=ORIENTED_EDGE('',*,*,#832,.T.);
#1139=ORIENTED_EDGE('',*,*,#830,.T.);
#1140=ORIENTED_EDGE('',*,*,#828,.T.);
#1141=ORIENTED_EDGE('',*,*,#835,.T.);
#1142=ORIENTED_EDGE('',*,*,#836,.F.);
#1143=ORIENTED_EDGE('',*,*,#837,.T.);
#1144=ORIENTED_EDGE('',*,*,#835,.F.);
#1145=ORIENTED_EDGE('',*,*,#837,.F.);
#1146=ORIENTED_EDGE('',*,*,#836,.T.);
#1147=ORIENTED_EDGE('',*,*,#838,.T.);
#1148=ORIENTED_EDGE('',*,*,#839,.F.);
#1149=ORIENTED_EDGE('',*,*,#840,.T.);
#1150=ORIENTED_EDGE('',*,*,#838,.F.);
#1151=ORIENTED_EDGE('',*,*,#840,.F.);
#1152=ORIENTED_EDGE('',*,*,#839,.T.);
#1153=ORIENTED_EDGE('',*,*,#841,.T.);
#1154=ORIENTED_EDGE('',*,*,#842,.F.);
#1155=ORIENTED_EDGE('',*,*,#843,.T.);
#1156=ORIENTED_EDGE('',*,*,#841,.F.);
#1157=ORIENTED_EDGE('',*,*,#843,.F.);
#1158=ORIENTED_EDGE('',*,*,#842,.T.);
#1159=ORIENTED_EDGE('',*,*,#844,.T.);
#1160=ORIENTED_EDGE('',*,*,#845,.F.);
#1161=ORIENTED_EDGE('',*,*,#846,.T.);
#1162=ORIENTED_EDGE('',*,*,#844,.F.);
#1163=ORIENTED_EDGE('',*,*,#846,.F.);
#1164=ORIENTED_EDGE('',*,*,#845,.T.);
#1165=ORIENTED_EDGE('',*,*,#847,.T.);
#1166=ORIENTED_EDGE('',*,*,#848,.T.);
#1167=ORIENTED_EDGE('',*,*,#849,.F.);
#1168=ORIENTED_EDGE('',*,*,#848,.F.);
#1169=ORIENTED_EDGE('',*,*,#849,.T.);
#1170=ORIENTED_EDGE('',*,*,#850,.T.);
#1171=ORIENTED_EDGE('',*,*,#851,.T.);
#1172=ORIENTED_EDGE('',*,*,#852,.F.);
#1173=ORIENTED_EDGE('',*,*,#851,.F.);
#1174=ORIENTED_EDGE('',*,*,#852,.T.);
#1175=ORIENTED_EDGE('',*,*,#853,.T.);
#1176=ORIENTED_EDGE('',*,*,#854,.T.);
#1177=ORIENTED_EDGE('',*,*,#855,.F.);
#1178=ORIENTED_EDGE('',*,*,#854,.F.);
#1179=ORIENTED_EDGE('',*,*,#855,.T.);
#1180=ORIENTED_EDGE('',*,*,#856,.T.);
#1181=ORIENTED_EDGE('',*,*,#857,.T.);
#1182=ORIENTED_EDGE('',*,*,#858,.F.);
#1183=ORIENTED_EDGE('',*,*,#857,.F.);
#1184=ORIENTED_EDGE('',*,*,#858,.T.);
#1185=ORIENTED_EDGE('',*,*,#859,.F.);
#1186=ORIENTED_EDGE('',*,*,#860,.F.);
#1187=ORIENTED_EDGE('',*,*,#861,.T.);
#1188=ORIENTED_EDGE('',*,*,#862,.F.);
#1189=ORIENTED_EDGE('',*,*,#861,.F.);
#1190=ORIENTED_EDGE('',*,*,#862,.T.);
#1191=ORIENTED_EDGE('',*,*,#863,.F.);
#1192=ORIENTED_EDGE('',*,*,#864,.F.);
#1193=ORIENTED_EDGE('',*,*,#865,.T.);
#1194=ORIENTED_EDGE('',*,*,#866,.F.);
#1195=ORIENTED_EDGE('',*,*,#865,.F.);
#1196=ORIENTED_EDGE('',*,*,#866,.T.);
#1197=ORIENTED_EDGE('',*,*,#867,.F.);
#1198=ORIENTED_EDGE('',*,*,#868,.F.);
#1199=ORIENTED_EDGE('',*,*,#869,.T.);
#1200=ORIENTED_EDGE('',*,*,#870,.F.);
#1201=ORIENTED_EDGE('',*,*,#869,.F.);
#1202=ORIENTED_EDGE('',*,*,#870,.T.);
#1203=ORIENTED_EDGE('',*,*,#871,.F.);
#1204=ORIENTED_EDGE('',*,*,#872,.F.);
#1205=ORIENTED_EDGE('',*,*,#873,.T.);
#1206=ORIENTED_EDGE('',*,*,#874,.F.);
#1207=ORIENTED_EDGE('',*,*,#873,.F.);
#1208=ORIENTED_EDGE('',*,*,#874,.T.);
#1209=ORIENTED_EDGE('',*,*,#875,.T.);
#1210=ORIENTED_EDGE('',*,*,#876,.F.);
#1211=ORIENTED_EDGE('',*,*,#877,.T.);
#1212=ORIENTED_EDGE('',*,*,#878,.T.);
#1213=ORIENTED_EDGE('',*,*,#879,.F.);
#1214=ORIENTED_EDGE('',*,*,#880,.T.);
#1215=ORIENTED_EDGE('',*,*,#879,.T.);
#1216=ORIENTED_EDGE('',*,*,#881,.T.);
#1217=ORIENTED_EDGE('',*,*,#882,.T.);
#1218=ORIENTED_EDGE('',*,*,#883,.T.);
#1219=ORIENTED_EDGE('',*,*,#884,.T.);
#1220=ORIENTED_EDGE('',*,*,#885,.T.);
#1221=ORIENTED_EDGE('',*,*,#886,.F.);
#1222=ORIENTED_EDGE('',*,*,#887,.T.);
#1223=ORIENTED_EDGE('',*,*,#884,.F.);
#1224=ORIENTED_EDGE('',*,*,#888,.T.);
#1225=ORIENTED_EDGE('',*,*,#889,.T.);
#1226=ORIENTED_EDGE('',*,*,#890,.T.);
#1227=ORIENTED_EDGE('',*,*,#891,.F.);
#1228=ORIENTED_EDGE('',*,*,#892,.T.);
#1229=ORIENTED_EDGE('',*,*,#893,.T.);
#1230=ORIENTED_EDGE('',*,*,#894,.T.);
#1231=ORIENTED_EDGE('',*,*,#895,.T.);
#1232=ORIENTED_EDGE('',*,*,#896,.T.);
#1233=ORIENTED_EDGE('',*,*,#893,.F.);
#1234=ORIENTED_EDGE('',*,*,#897,.T.);
#1235=ORIENTED_EDGE('',*,*,#895,.F.);
#1236=ORIENTED_EDGE('',*,*,#871,.T.);
#1237=ORIENTED_EDGE('',*,*,#872,.T.);
#1238=ORIENTED_EDGE('',*,*,#898,.T.);
#1239=ORIENTED_EDGE('',*,*,#886,.T.);
#1240=ORIENTED_EDGE('',*,*,#899,.T.);
#1241=ORIENTED_EDGE('',*,*,#891,.T.);
#1242=ORIENTED_EDGE('',*,*,#900,.T.);
#1243=ORIENTED_EDGE('',*,*,#901,.F.);
#1244=ORIENTED_EDGE('',*,*,#902,.F.);
#1245=ORIENTED_EDGE('',*,*,#876,.T.);
#1246=ORIENTED_EDGE('',*,*,#903,.T.);
#1247=ORIENTED_EDGE('',*,*,#904,.F.);
#1248=ORIENTED_EDGE('',*,*,#905,.T.);
#1249=ORIENTED_EDGE('',*,*,#906,.T.);
#1250=ORIENTED_EDGE('',*,*,#907,.T.);
#1251=ORIENTED_EDGE('',*,*,#904,.T.);
#1252=ORIENTED_EDGE('',*,*,#908,.T.);
#1253=ORIENTED_EDGE('',*,*,#909,.T.);
#1254=ORIENTED_EDGE('',*,*,#910,.T.);
#1255=ORIENTED_EDGE('',*,*,#909,.F.);
#1256=ORIENTED_EDGE('',*,*,#911,.T.);
#1257=ORIENTED_EDGE('',*,*,#906,.F.);
#1258=ORIENTED_EDGE('',*,*,#859,.T.);
#1259=ORIENTED_EDGE('',*,*,#860,.T.);
#1260=ORIENTED_EDGE('',*,*,#912,.T.);
#1261=ORIENTED_EDGE('',*,*,#913,.F.);
#1262=ORIENTED_EDGE('',*,*,#914,.T.);
#1263=ORIENTED_EDGE('',*,*,#882,.F.);
#1264=ORIENTED_EDGE('',*,*,#915,.T.);
#1265=ORIENTED_EDGE('',*,*,#916,.F.);
#1266=ORIENTED_EDGE('',*,*,#917,.T.);
#1267=ORIENTED_EDGE('',*,*,#913,.T.);
#1268=ORIENTED_EDGE('',*,*,#918,.T.);
#1269=ORIENTED_EDGE('',*,*,#919,.T.);
#1270=ORIENTED_EDGE('',*,*,#920,.T.);
#1271=ORIENTED_EDGE('',*,*,#916,.T.);
#1272=ORIENTED_EDGE('',*,*,#863,.T.);
#1273=ORIENTED_EDGE('',*,*,#864,.T.);
#1274=ORIENTED_EDGE('',*,*,#921,.T.);
#1275=ORIENTED_EDGE('',*,*,#919,.F.);
#1276=ORIENTED_EDGE('',*,*,#922,.T.);
#1277=ORIENTED_EDGE('',*,*,#923,.T.);
#1278=ORIENTED_EDGE('',*,*,#924,.T.);
#1279=ORIENTED_EDGE('',*,*,#877,.F.);
#1280=ORIENTED_EDGE('',*,*,#902,.T.);
#1281=ORIENTED_EDGE('',*,*,#901,.T.);
#1282=ORIENTED_EDGE('',*,*,#925,.T.);
#1283=ORIENTED_EDGE('',*,*,#926,.F.);
#1284=ORIENTED_EDGE('',*,*,#927,.T.);
#1285=ORIENTED_EDGE('',*,*,#923,.F.);
#1286=ORIENTED_EDGE('',*,*,#928,.T.);
#1287=ORIENTED_EDGE('',*,*,#929,.T.);
#1288=ORIENTED_EDGE('',*,*,#930,.T.);
#1289=ORIENTED_EDGE('',*,*,#926,.T.);
#1290=ORIENTED_EDGE('',*,*,#867,.T.);
#1291=ORIENTED_EDGE('',*,*,#868,.T.);
#1292=ORIENTED_EDGE('',*,*,#931,.T.);
#1293=ORIENTED_EDGE('',*,*,#929,.F.);
#1294=ORIENTED_EDGE('',*,*,#887,.F.);
#1295=ORIENTED_EDGE('',*,*,#932,.F.);
#1296=ORIENTED_EDGE('',*,*,#933,.F.);
#1297=ORIENTED_EDGE('',*,*,#934,.F.);
#1298=ORIENTED_EDGE('',*,*,#935,.F.);
#1299=ORIENTED_EDGE('',*,*,#936,.F.);
#1300=ORIENTED_EDGE('',*,*,#888,.F.);
#1301=ORIENTED_EDGE('',*,*,#883,.F.);
#1302=ORIENTED_EDGE('',*,*,#914,.F.);
#1303=ORIENTED_EDGE('',*,*,#917,.F.);
#1304=ORIENTED_EDGE('',*,*,#920,.F.);
#1305=ORIENTED_EDGE('',*,*,#921,.F.);
#1306=ORIENTED_EDGE('',*,*,#918,.F.);
#1307=ORIENTED_EDGE('',*,*,#915,.F.);
#1308=ORIENTED_EDGE('',*,*,#912,.F.);
#1309=ORIENTED_EDGE('',*,*,#881,.F.);
#1310=ORIENTED_EDGE('',*,*,#878,.F.);
#1311=ORIENTED_EDGE('',*,*,#924,.F.);
#1312=ORIENTED_EDGE('',*,*,#927,.F.);
#1313=ORIENTED_EDGE('',*,*,#930,.F.);
#1314=ORIENTED_EDGE('',*,*,#931,.F.);
#1315=ORIENTED_EDGE('',*,*,#928,.F.);
#1316=ORIENTED_EDGE('',*,*,#925,.F.);
#1317=ORIENTED_EDGE('',*,*,#922,.F.);
#1318=ORIENTED_EDGE('',*,*,#900,.F.);
#1319=ORIENTED_EDGE('',*,*,#907,.F.);
#1320=ORIENTED_EDGE('',*,*,#910,.F.);
#1321=ORIENTED_EDGE('',*,*,#905,.F.);
#1322=ORIENTED_EDGE('',*,*,#911,.F.);
#1323=ORIENTED_EDGE('',*,*,#908,.F.);
#1324=ORIENTED_EDGE('',*,*,#903,.F.);
#1325=ORIENTED_EDGE('',*,*,#875,.F.);
#1326=ORIENTED_EDGE('',*,*,#880,.F.);
#1327=ORIENTED_EDGE('',*,*,#898,.F.);
#1328=ORIENTED_EDGE('',*,*,#890,.F.);
#1329=ORIENTED_EDGE('',*,*,#896,.F.);
#1330=ORIENTED_EDGE('',*,*,#894,.F.);
#1331=ORIENTED_EDGE('',*,*,#897,.F.);
#1332=ORIENTED_EDGE('',*,*,#892,.F.);
#1333=ORIENTED_EDGE('',*,*,#899,.F.);
#1334=ORIENTED_EDGE('',*,*,#885,.F.);
#1335=ORIENTED_EDGE('',*,*,#847,.F.);
#1336=ORIENTED_EDGE('',*,*,#850,.F.);
#1337=ORIENTED_EDGE('',*,*,#853,.F.);
#1338=ORIENTED_EDGE('',*,*,#856,.F.);
#1339=ORIENTED_EDGE('',*,*,#933,.T.);
#1340=ORIENTED_EDGE('',*,*,#937,.T.);
#1341=ORIENTED_EDGE('',*,*,#938,.T.);
#1342=ORIENTED_EDGE('',*,*,#939,.F.);
#1343=ORIENTED_EDGE('',*,*,#889,.F.);
#1344=ORIENTED_EDGE('',*,*,#936,.T.);
#1345=ORIENTED_EDGE('',*,*,#940,.T.);
#1346=ORIENTED_EDGE('',*,*,#941,.T.);
#1347=ORIENTED_EDGE('',*,*,#937,.F.);
#1348=ORIENTED_EDGE('',*,*,#932,.T.);
#1349=ORIENTED_EDGE('',*,*,#935,.T.);
#1350=ORIENTED_EDGE('',*,*,#942,.T.);
#1351=ORIENTED_EDGE('',*,*,#943,.T.);
#1352=ORIENTED_EDGE('',*,*,#940,.F.);
#1353=ORIENTED_EDGE('',*,*,#934,.T.);
#1354=ORIENTED_EDGE('',*,*,#939,.T.);
#1355=ORIENTED_EDGE('',*,*,#944,.T.);
#1356=ORIENTED_EDGE('',*,*,#942,.F.);
#1357=ORIENTED_EDGE('',*,*,#944,.F.);
#1358=ORIENTED_EDGE('',*,*,#938,.F.);
#1359=ORIENTED_EDGE('',*,*,#941,.F.);
#1360=ORIENTED_EDGE('',*,*,#943,.F.);
#1361=CYLINDRICAL_SURFACE('',#1504,1.35);
#1362=CYLINDRICAL_SURFACE('',#1508,1.35);
#1363=CYLINDRICAL_SURFACE('',#1512,1.35);
#1364=CYLINDRICAL_SURFACE('',#1516,1.35);
#1365=CYLINDRICAL_SURFACE('',#1520,1.6);
#1366=CYLINDRICAL_SURFACE('',#1523,1.6);
#1367=CYLINDRICAL_SURFACE('',#1526,1.6);
#1368=CYLINDRICAL_SURFACE('',#1529,1.6);
#1369=CYLINDRICAL_SURFACE('',#1538,7.75);
#1370=CYLINDRICAL_SURFACE('',#1550,1.5);
#1371=CYLINDRICAL_SURFACE('',#1551,1.5);
#1372=CYLINDRICAL_SURFACE('',#1565,1.5);
#1373=CYLINDRICAL_SURFACE('',#1576,1.5);
#1374=CYLINDRICAL_SURFACE('',#1596,1.52);
#1375=CYLINDRICAL_SURFACE('',#1601,1.52);
#1376=CYLINDRICAL_SURFACE('',#1606,1.52);
#1377=CYLINDRICAL_SURFACE('',#1611,1.52);
#1378=CYLINDRICAL_SURFACE('',#1614,1.35);
#1379=CYLINDRICAL_SURFACE('',#1618,1.35);
#1380=CYLINDRICAL_SURFACE('',#1622,1.35);
#1381=CYLINDRICAL_SURFACE('',#1626,1.35);
#1382=CYLINDRICAL_SURFACE('',#1630,1.6);
#1383=CYLINDRICAL_SURFACE('',#1633,1.6);
#1384=CYLINDRICAL_SURFACE('',#1636,1.6);
#1385=CYLINDRICAL_SURFACE('',#1639,1.6);
#1386=CYLINDRICAL_SURFACE('',#1648,7.75);
#1387=CYLINDRICAL_SURFACE('',#1660,1.5);
#1388=CYLINDRICAL_SURFACE('',#1661,1.5);
#1389=CYLINDRICAL_SURFACE('',#1675,1.5);
#1390=CYLINDRICAL_SURFACE('',#1686,1.5);
#1391=ADVANCED_FACE('',(#137),#1361,.F.);
#1392=ADVANCED_FACE('',(#138),#99,.F.);
#1393=ADVANCED_FACE('',(#139),#1362,.F.);
#1394=ADVANCED_FACE('',(#140),#100,.F.);
#1395=ADVANCED_FACE('',(#141),#1363,.F.);
#1396=ADVANCED_FACE('',(#142),#101,.F.);
#1397=ADVANCED_FACE('',(#143),#1364,.F.);
#1398=ADVANCED_FACE('',(#144),#102,.F.);
#1399=ADVANCED_FACE('',(#145),#1365,.F.);
#1400=ADVANCED_FACE('',(#146),#103,.F.);
#1401=ADVANCED_FACE('',(#147),#1366,.F.);
#1402=ADVANCED_FACE('',(#148),#104,.F.);
#1403=ADVANCED_FACE('',(#149),#1367,.F.);
#1404=ADVANCED_FACE('',(#150),#105,.F.);
#1405=ADVANCED_FACE('',(#151),#1368,.F.);
#1406=ADVANCED_FACE('',(#152),#106,.F.);
#1407=ADVANCED_FACE('',(#153),#107,.T.);
#1408=ADVANCED_FACE('',(#154),#65,.F.);
#1409=ADVANCED_FACE('',(#155),#1369,.F.);
#1410=ADVANCED_FACE('',(#156),#49,.F.);
#1411=ADVANCED_FACE('',(#157),#50,.F.);
#1412=ADVANCED_FACE('',(#158,#25),#41,.F.);
#1413=ADVANCED_FACE('',(#159),#1370,.F.);
#1414=ADVANCED_FACE('',(#160),#1371,.F.);
#1415=ADVANCED_FACE('',(#161),#51,.F.);
#1416=ADVANCED_FACE('',(#162),#52,.F.);
#1417=ADVANCED_FACE('',(#163,#26),#42,.F.);
#1418=ADVANCED_FACE('',(#164),#1372,.F.);
#1419=ADVANCED_FACE('',(#165),#53,.F.);
#1420=ADVANCED_FACE('',(#166,#27),#43,.F.);
#1421=ADVANCED_FACE('',(#167),#54,.F.);
#1422=ADVANCED_FACE('',(#168),#1373,.F.);
#1423=ADVANCED_FACE('',(#169),#55,.F.);
#1424=ADVANCED_FACE('',(#170,#28),#44,.F.);
#1425=ADVANCED_FACE('',(#171),#56,.F.);
#1426=ADVANCED_FACE('',(#172,#29,#30,#31,#32),#108,.F.);
#1427=ADVANCED_FACE('',(#173),#109,.T.);
#1428=ADVANCED_FACE('',(#174),#110,.T.);
#1429=ADVANCED_FACE('',(#175),#111,.T.);
#1430=ADVANCED_FACE('',(#176),#112,.T.);
#1431=ADVANCED_FACE('',(#177),#113,.T.);
#1432=ADVANCED_FACE('',(#178),#114,.F.);
#1433=ADVANCED_FACE('',(#179),#1374,.T.);
#1434=ADVANCED_FACE('',(#180),#115,.T.);
#1435=ADVANCED_FACE('',(#181),#116,.F.);
#1436=ADVANCED_FACE('',(#182),#1375,.T.);
#1437=ADVANCED_FACE('',(#183),#117,.T.);
#1438=ADVANCED_FACE('',(#184),#118,.F.);
#1439=ADVANCED_FACE('',(#185),#1376,.T.);
#1440=ADVANCED_FACE('',(#186),#119,.T.);
#1441=ADVANCED_FACE('',(#187),#120,.F.);
#1442=ADVANCED_FACE('',(#188),#1377,.T.);
#1443=ADVANCED_FACE('',(#189),#121,.T.);
#1444=ADVANCED_FACE('',(#190),#1378,.F.);
#1445=ADVANCED_FACE('',(#191),#122,.T.);
#1446=ADVANCED_FACE('',(#192),#1379,.F.);
#1447=ADVANCED_FACE('',(#193),#123,.T.);
#1448=ADVANCED_FACE('',(#194),#1380,.F.);
#1449=ADVANCED_FACE('',(#195),#124,.T.);
#1450=ADVANCED_FACE('',(#196),#1381,.F.);
#1451=ADVANCED_FACE('',(#197),#125,.T.);
#1452=ADVANCED_FACE('',(#198),#1382,.F.);
#1453=ADVANCED_FACE('',(#199),#126,.T.);
#1454=ADVANCED_FACE('',(#200),#1383,.F.);
#1455=ADVANCED_FACE('',(#201),#127,.T.);
#1456=ADVANCED_FACE('',(#202),#1384,.F.);
#1457=ADVANCED_FACE('',(#203),#128,.T.);
#1458=ADVANCED_FACE('',(#204),#1385,.F.);
#1459=ADVANCED_FACE('',(#205),#129,.T.);
#1460=ADVANCED_FACE('',(#206),#130,.F.);
#1461=ADVANCED_FACE('',(#207),#66,.F.);
#1462=ADVANCED_FACE('',(#208),#1386,.F.);
#1463=ADVANCED_FACE('',(#209),#57,.F.);
#1464=ADVANCED_FACE('',(#210),#58,.F.);
#1465=ADVANCED_FACE('',(#211,#33),#45,.F.);
#1466=ADVANCED_FACE('',(#212),#1387,.F.);
#1467=ADVANCED_FACE('',(#213),#1388,.F.);
#1468=ADVANCED_FACE('',(#214),#59,.F.);
#1469=ADVANCED_FACE('',(#215),#60,.F.);
#1470=ADVANCED_FACE('',(#216,#34),#46,.F.);
#1471=ADVANCED_FACE('',(#217),#1389,.F.);
#1472=ADVANCED_FACE('',(#218),#61,.F.);
#1473=ADVANCED_FACE('',(#219,#35),#47,.F.);
#1474=ADVANCED_FACE('',(#220),#62,.F.);
#1475=ADVANCED_FACE('',(#221),#1390,.F.);
#1476=ADVANCED_FACE('',(#222),#63,.F.);
#1477=ADVANCED_FACE('',(#223,#36),#48,.F.);
#1478=ADVANCED_FACE('',(#224),#64,.F.);
#1479=ADVANCED_FACE('',(#225,#37,#38,#39,#40),#131,.T.);
#1480=ADVANCED_FACE('',(#226),#132,.F.);
#1481=ADVANCED_FACE('',(#227),#133,.F.);
#1482=ADVANCED_FACE('',(#228),#134,.F.);
#1483=ADVANCED_FACE('',(#229),#135,.F.);
#1484=ADVANCED_FACE('',(#230),#136,.F.);
#1485=CLOSED_SHELL('',(#1391,#1392,#1393,#1394,#1395,#1396,#1397,#1398,
#1399,#1400,#1401,#1402,#1403,#1404,#1405,#1406,#1407,#1408,#1409,#1410,
#1411,#1412,#1413,#1414,#1415,#1416,#1417,#1418,#1419,#1420,#1421,#1422,
#1423,#1424,#1425,#1426,#1427,#1428,#1429,#1430,#1431));
#1486=CLOSED_SHELL('',(#1432,#1433,#1434));
#1487=CLOSED_SHELL('',(#1435,#1436,#1437));
#1488=CLOSED_SHELL('',(#1438,#1439,#1440));
#1489=CLOSED_SHELL('',(#1441,#1442,#1443));
#1490=CLOSED_SHELL('',(#1444,#1445,#1446,#1447,#1448,#1449,#1450,#1451,
#1452,#1453,#1454,#1455,#1456,#1457,#1458,#1459,#1460,#1461,#1462,#1463,
#1464,#1465,#1466,#1467,#1468,#1469,#1470,#1471,#1472,#1473,#1474,#1475,
#1476,#1477,#1478,#1479,#1480,#1481,#1482,#1483,#1484));
#1491=DERIVED_UNIT_ELEMENT(#1493,1.);
#1492=DERIVED_UNIT_ELEMENT(#3242,-3.);
#1493=(
MASS_UNIT()
NAMED_UNIT(*)
SI_UNIT(.KILO.,.GRAM.)
);
#1494=DERIVED_UNIT((#1491,#1492));
#1495=MEASURE_REPRESENTATION_ITEM('density measure',
POSITIVE_RATIO_MEASURE(7850.),#1494);
#1496=PROPERTY_DEFINITION_REPRESENTATION(#1501,#1498);
#1497=PROPERTY_DEFINITION_REPRESENTATION(#1502,#1499);
#1498=REPRESENTATION('material name',(#1500),#3239);
#1499=REPRESENTATION('density',(#1495),#3239);
#1500=DESCRIPTIVE_REPRESENTATION_ITEM('Steel','Steel');
#1501=PROPERTY_DEFINITION('material property','material name',#3249);
#1502=PROPERTY_DEFINITION('material property','density of part',#3249);
#1503=AXIS2_PLACEMENT_3D('',#2184,#1704,#1705);
#1504=AXIS2_PLACEMENT_3D('',#2185,#1706,#1707);
#1505=AXIS2_PLACEMENT_3D('',#2187,#1708,#1709);
#1506=AXIS2_PLACEMENT_3D('',#2190,#1711,#1712);
#1507=AXIS2_PLACEMENT_3D('',#2191,#1713,#1714);
#1508=AXIS2_PLACEMENT_3D('',#2192,#1715,#1716);
#1509=AXIS2_PLACEMENT_3D('',#2194,#1717,#1718);
#1510=AXIS2_PLACEMENT_3D('',#2197,#1720,#1721);
#1511=AXIS2_PLACEMENT_3D('',#2198,#1722,#1723);
#1512=AXIS2_PLACEMENT_3D('',#2199,#1724,#1725);
#1513=AXIS2_PLACEMENT_3D('',#2201,#1726,#1727);
#1514=AXIS2_PLACEMENT_3D('',#2204,#1729,#1730);
#1515=AXIS2_PLACEMENT_3D('',#2205,#1731,#1732);
#1516=AXIS2_PLACEMENT_3D('',#2206,#1733,#1734);
#1517=AXIS2_PLACEMENT_3D('',#2208,#1735,#1736);
#1518=AXIS2_PLACEMENT_3D('',#2211,#1738,#1739);
#1519=AXIS2_PLACEMENT_3D('',#2212,#1740,#1741);
#1520=AXIS2_PLACEMENT_3D('',#2213,#1742,#1743);
#1521=AXIS2_PLACEMENT_3D('',#2260,#1745,#1746);
#1522=AXIS2_PLACEMENT_3D('',#2279,#1747,#1748);
#1523=AXIS2_PLACEMENT_3D('',#2280,#1749,#1750);
#1524=AXIS2_PLACEMENT_3D('',#2329,#1752,#1753);
#1525=AXIS2_PLACEMENT_3D('',#2346,#1754,#1755);
#1526=AXIS2_PLACEMENT_3D('',#2347,#1756,#1757);
#1527=AXIS2_PLACEMENT_3D('',#2396,#1759,#1760);
#1528=AXIS2_PLACEMENT_3D('',#2413,#1761,#1762);
#1529=AXIS2_PLACEMENT_3D('',#2414,#1763,#1764);
#1530=AXIS2_PLACEMENT_3D('',#2461,#1766,#1767);
#1531=AXIS2_PLACEMENT_3D('',#2480,#1768,#1769);
#1532=AXIS2_PLACEMENT_3D('',#2481,#1770,#1771);
#1533=AXIS2_PLACEMENT_3D('',#2486,#1773,#1774);
#1534=AXIS2_PLACEMENT_3D('',#2490,#1776,#1777);
#1535=AXIS2_PLACEMENT_3D('',#2491,#1778,#1779);
#1536=AXIS2_PLACEMENT_3D('',#2492,#1780,#1781);
#1537=AXIS2_PLACEMENT_3D('',#2518,#1784,#1785);
#1538=AXIS2_PLACEMENT_3D('',#2542,#1788,#1789);
#1539=AXIS2_PLACEMENT_3D('',#2546,#1791,#1792);
#1540=AXIS2_PLACEMENT_3D('',#2548,#1794,#1795);
#1541=AXIS2_PLACEMENT_3D('',#2551,#1796,#1797);
#1542=AXIS2_PLACEMENT_3D('',#2553,#1798,#1799);
#1543=AXIS2_PLACEMENT_3D('',#2555,#1800,#1801);
#1544=AXIS2_PLACEMENT_3D('',#2575,#1802,#1803);
#1545=AXIS2_PLACEMENT_3D('',#2578,#1804,#1805);
#1546=AXIS2_PLACEMENT_3D('',#2579,#1806,#1807);
#1547=AXIS2_PLACEMENT_3D('',#2580,#1808,#1809);
#1548=AXIS2_PLACEMENT_3D('',#2581,#1810,#1811);
#1549=AXIS2_PLACEMENT_3D('',#2582,#1812,#1813);
#1550=AXIS2_PLACEMENT_3D('',#2583,#1814,#1815);
#1551=AXIS2_PLACEMENT_3D('',#2586,#1818,#1819);
#1552=AXIS2_PLACEMENT_3D('',#2591,#1821,#1822);
#1553=AXIS2_PLACEMENT_3D('',#2594,#1824,#1825);
#1554=AXIS2_PLACEMENT_3D('',#2595,#1826,#1827);
#1555=AXIS2_PLACEMENT_3D('',#2596,#1828,#1829);
#1556=AXIS2_PLACEMENT_3D('',#2599,#1830,#1831);
#1557=AXIS2_PLACEMENT_3D('',#2600,#1832,#1833);
#1558=AXIS2_PLACEMENT_3D('',#2601,#1834,#1835);
#1559=AXIS2_PLACEMENT_3D('',#2603,#1836,#1837);
#1560=AXIS2_PLACEMENT_3D('',#2605,#1838,#1839);
#1561=AXIS2_PLACEMENT_3D('',#2606,#1840,#1841);
#1562=AXIS2_PLACEMENT_3D('',#2607,#1842,#1843);
#1563=AXIS2_PLACEMENT_3D('',#2608,#1844,#1845);
#1564=AXIS2_PLACEMENT_3D('',#2609,#1846,#1847);
#1565=AXIS2_PLACEMENT_3D('',#2610,#1848,#1849);
#1566=AXIS2_PLACEMENT_3D('',#2634,#1852,#1853);
#1567=AXIS2_PLACEMENT_3D('',#2636,#1854,#1855);
#1568=AXIS2_PLACEMENT_3D('',#2638,#1856,#1857);
#1569=AXIS2_PLACEMENT_3D('',#2639,#1858,#1859);
#1570=AXIS2_PLACEMENT_3D('',#2640,#1860,#1861);
#1571=AXIS2_PLACEMENT_3D('',#2642,#1862,#1863);
#1572=AXIS2_PLACEMENT_3D('',#2644,#1864,#1865);
#1573=AXIS2_PLACEMENT_3D('',#2645,#1866,#1867);
#1574=AXIS2_PLACEMENT_3D('',#2646,#1868,#1869);
#1575=AXIS2_PLACEMENT_3D('',#2647,#1870,#1871);
#1576=AXIS2_PLACEMENT_3D('',#2648,#1872,#1873);
#1577=AXIS2_PLACEMENT_3D('',#2653,#1876,#1877);
#1578=AXIS2_PLACEMENT_3D('',#2654,#1878,#1879);
#1579=AXIS2_PLACEMENT_3D('',#2656,#1880,#1881);
#1580=AXIS2_PLACEMENT_3D('',#2658,#1882,#1883);
#1581=AXIS2_PLACEMENT_3D('',#2659,#1884,#1885);
#1582=AXIS2_PLACEMENT_3D('',#2660,#1886,#1887);
#1583=AXIS2_PLACEMENT_3D('',#2662,#1888,#1889);
#1584=AXIS2_PLACEMENT_3D('',#2664,#1890,#1891);
#1585=AXIS2_PLACEMENT_3D('',#2665,#1892,#1893);
#1586=AXIS2_PLACEMENT_3D('',#2666,#1894,#1895);
#1587=AXIS2_PLACEMENT_3D('',#2667,#1896,#1897);
#1588=AXIS2_PLACEMENT_3D('',#2668,#1898,#1899);
#1589=AXIS2_PLACEMENT_3D('',#2678,#1905,#1906);
#1590=AXIS2_PLACEMENT_3D('',#2684,#1910,#1911);
#1591=AXIS2_PLACEMENT_3D('',#2688,#1914,#1915);
#1592=AXIS2_PLACEMENT_3D('',#2692,#1918,#1919);
#1593=AXIS2_PLACEMENT_3D('',#2694,#1921,#1922);
#1594=AXIS2_PLACEMENT_3D('',#2695,#1923,#1924);
#1595=AXIS2_PLACEMENT_3D('',#2697,#1925,#1926);
#1596=AXIS2_PLACEMENT_3D('',#2698,#1927,#1928);
#1597=AXIS2_PLACEMENT_3D('',#2700,#1929,#1930);
#1598=AXIS2_PLACEMENT_3D('',#2702,#1932,#1933);
#1599=AXIS2_PLACEMENT_3D('',#2703,#1934,#1935);
#1600=AXIS2_PLACEMENT_3D('',#2705,#1936,#1937);
#1601=AXIS2_PLACEMENT_3D('',#2706,#1938,#1939);
#1602=AXIS2_PLACEMENT_3D('',#2708,#1940,#1941);
#1603=AXIS2_PLACEMENT_3D('',#2710,#1943,#1944);
#1604=AXIS2_PLACEMENT_3D('',#2711,#1945,#1946);
#1605=AXIS2_PLACEMENT_3D('',#2713,#1947,#1948);
#1606=AXIS2_PLACEMENT_3D('',#2714,#1949,#1950);
#1607=AXIS2_PLACEMENT_3D('',#2716,#1951,#1952);
#1608=AXIS2_PLACEMENT_3D('',#2718,#1954,#1955);
#1609=AXIS2_PLACEMENT_3D('',#2719,#1956,#1957);
#1610=AXIS2_PLACEMENT_3D('',#2721,#1958,#1959);
#1611=AXIS2_PLACEMENT_3D('',#2722,#1960,#1961);
#1612=AXIS2_PLACEMENT_3D('',#2724,#1962,#1963);
#1613=AXIS2_PLACEMENT_3D('',#2726,#1965,#1966);
#1614=AXIS2_PLACEMENT_3D('',#2727,#1967,#1968);
#1615=AXIS2_PLACEMENT_3D('',#2729,#1969,#1970);
#1616=AXIS2_PLACEMENT_3D('',#2732,#1972,#1973);
#1617=AXIS2_PLACEMENT_3D('',#2733,#1974,#1975);
#1618=AXIS2_PLACEMENT_3D('',#2734,#1976,#1977);
#1619=AXIS2_PLACEMENT_3D('',#2736,#1978,#1979);
#1620=AXIS2_PLACEMENT_3D('',#2739,#1981,#1982);
#1621=AXIS2_PLACEMENT_3D('',#2740,#1983,#1984);
#1622=AXIS2_PLACEMENT_3D('',#2741,#1985,#1986);
#1623=AXIS2_PLACEMENT_3D('',#2743,#1987,#1988);
#1624=AXIS2_PLACEMENT_3D('',#2746,#1990,#1991);
#1625=AXIS2_PLACEMENT_3D('',#2747,#1992,#1993);
#1626=AXIS2_PLACEMENT_3D('',#2748,#1994,#1995);
#1627=AXIS2_PLACEMENT_3D('',#2750,#1996,#1997);
#1628=AXIS2_PLACEMENT_3D('',#2753,#1999,#2000);
#1629=AXIS2_PLACEMENT_3D('',#2754,#2001,#2002);
#1630=AXIS2_PLACEMENT_3D('',#2755,#2003,#2004);
#1631=AXIS2_PLACEMENT_3D('',#2820,#2006,#2007);
#1632=AXIS2_PLACEMENT_3D('',#2821,#2008,#2009);
#1633=AXIS2_PLACEMENT_3D('',#2822,#2010,#2011);
#1634=AXIS2_PLACEMENT_3D('',#2887,#2013,#2014);
#1635=AXIS2_PLACEMENT_3D('',#2888,#2015,#2016);
#1636=AXIS2_PLACEMENT_3D('',#2889,#2017,#2018);
#1637=AXIS2_PLACEMENT_3D('',#2954,#2020,#2021);
#1638=AXIS2_PLACEMENT_3D('',#2955,#2022,#2023);
#1639=AXIS2_PLACEMENT_3D('',#2956,#2024,#2025);
#1640=AXIS2_PLACEMENT_3D('',#3021,#2027,#2028);
#1641=AXIS2_PLACEMENT_3D('',#3022,#2029,#2030);
#1642=AXIS2_PLACEMENT_3D('',#3023,#2031,#2032);
#1643=AXIS2_PLACEMENT_3D('',#3028,#2034,#2035);
#1644=AXIS2_PLACEMENT_3D('',#3030,#2036,#2037);
#1645=AXIS2_PLACEMENT_3D('',#3033,#2039,#2040);
#1646=AXIS2_PLACEMENT_3D('',#3034,#2041,#2042);
#1647=AXIS2_PLACEMENT_3D('',#3062,#2046,#2047);
#1648=AXIS2_PLACEMENT_3D('',#3084,#2049,#2050);
#1649=AXIS2_PLACEMENT_3D('',#3089,#2053,#2054);
#1650=AXIS2_PLACEMENT_3D('',#3090,#2055,#2056);
#1651=AXIS2_PLACEMENT_3D('',#3093,#2057,#2058);
#1652=AXIS2_PLACEMENT_3D('',#3115,#2059,#2060);
#1653=AXIS2_PLACEMENT_3D('',#3116,#2061,#2062);
#1654=AXIS2_PLACEMENT_3D('',#3117,#2063,#2064);
#1655=AXIS2_PLACEMENT_3D('',#3120,#2065,#2066);
#1656=AXIS2_PLACEMENT_3D('',#3121,#2067,#2068);
#1657=AXIS2_PLACEMENT_3D('',#3122,#2069,#2070);
#1658=AXIS2_PLACEMENT_3D('',#3123,#2071,#2072);
#1659=AXIS2_PLACEMENT_3D('',#3124,#2073,#2074);
#1660=AXIS2_PLACEMENT_3D('',#3125,#2075,#2076);
#1661=AXIS2_PLACEMENT_3D('',#3128,#2079,#2080);
#1662=AXIS2_PLACEMENT_3D('',#3133,#2082,#2083);
#1663=AXIS2_PLACEMENT_3D('',#3134,#2084,#2085);
#1664=AXIS2_PLACEMENT_3D('',#3137,#2087,#2088);
#1665=AXIS2_PLACEMENT_3D('',#3138,#2089,#2090);
#1666=AXIS2_PLACEMENT_3D('',#3141,#2091,#2092);
#1667=AXIS2_PLACEMENT_3D('',#3142,#2093,#2094);
#1668=AXIS2_PLACEMENT_3D('',#3143,#2095,#2096);
#1669=AXIS2_PLACEMENT_3D('',#3145,#2097,#2098);
#1670=AXIS2_PLACEMENT_3D('',#3147,#2099,#2100);
#1671=AXIS2_PLACEMENT_3D('',#3148,#2101,#2102);
#1672=AXIS2_PLACEMENT_3D('',#3149,#2103,#2104);
#1673=AXIS2_PLACEMENT_3D('',#3150,#2105,#2106);
#1674=AXIS2_PLACEMENT_3D('',#3151,#2107,#2108);
#1675=AXIS2_PLACEMENT_3D('',#3152,#2109,#2110);
#1676=AXIS2_PLACEMENT_3D('',#3176,#2113,#2114);
#1677=AXIS2_PLACEMENT_3D('',#3178,#2115,#2116);
#1678=AXIS2_PLACEMENT_3D('',#3180,#2117,#2118);
#1679=AXIS2_PLACEMENT_3D('',#3181,#2119,#2120);
#1680=AXIS2_PLACEMENT_3D('',#3182,#2121,#2122);
#1681=AXIS2_PLACEMENT_3D('',#3184,#2123,#2124);
#1682=AXIS2_PLACEMENT_3D('',#3186,#2125,#2126);
#1683=AXIS2_PLACEMENT_3D('',#3187,#2127,#2128);
#1684=AXIS2_PLACEMENT_3D('',#3188,#2129,#2130);
#1685=AXIS2_PLACEMENT_3D('',#3189,#2131,#2132);
#1686=AXIS2_PLACEMENT_3D('',#3190,#2133,#2134);
#1687=AXIS2_PLACEMENT_3D('',#3194,#2136,#2137);
#1688=AXIS2_PLACEMENT_3D('',#3196,#2139,#2140);
#1689=AXIS2_PLACEMENT_3D('',#3198,#2141,#2142);
#1690=AXIS2_PLACEMENT_3D('',#3200,#2143,#2144);
#1691=AXIS2_PLACEMENT_3D('',#3201,#2145,#2146);
#1692=AXIS2_PLACEMENT_3D('',#3202,#2147,#2148);
#1693=AXIS2_PLACEMENT_3D('',#3204,#2149,#2150);
#1694=AXIS2_PLACEMENT_3D('',#3206,#2151,#2152);
#1695=AXIS2_PLACEMENT_3D('',#3207,#2153,#2154);
#1696=AXIS2_PLACEMENT_3D('',#3208,#2155,#2156);
#1697=AXIS2_PLACEMENT_3D('',#3209,#2157,#2158);
#1698=AXIS2_PLACEMENT_3D('',#3210,#2159,#2160);
#1699=AXIS2_PLACEMENT_3D('',#3220,#2166,#2167);
#1700=AXIS2_PLACEMENT_3D('',#3226,#2171,#2172);
#1701=AXIS2_PLACEMENT_3D('',#3230,#2175,#2176);
#1702=AXIS2_PLACEMENT_3D('',#3234,#2179,#2180);
#1703=AXIS2_PLACEMENT_3D('',#3236,#2182,#2183);
#1704=DIRECTION('axis',(0.,0.,1.));
#1705=DIRECTION('refdir',(1.,0.,0.));
#1706=DIRECTION('center_axis',(1.,0.,0.));
#1707=DIRECTION('ref_axis',(0.,1.,0.));
#1708=DIRECTION('center_axis',(1.,0.,0.));
#1709=DIRECTION('ref_axis',(0.,1.,0.));
#1710=DIRECTION('',(1.,0.,0.));
#1711=DIRECTION('center_axis',(1.,0.,0.));
#1712=DIRECTION('ref_axis',(0.,1.,0.));
#1713=DIRECTION('center_axis',(1.,0.,0.));
#1714=DIRECTION('ref_axis',(0.,1.,0.));
#1715=DIRECTION('center_axis',(1.,0.,0.));
#1716=DIRECTION('ref_axis',(0.,1.,0.));
#1717=DIRECTION('center_axis',(1.,0.,0.));
#1718=DIRECTION('ref_axis',(0.,1.,0.));
#1719=DIRECTION('',(1.,0.,0.));
#1720=DIRECTION('center_axis',(1.,0.,0.));
#1721=DIRECTION('ref_axis',(0.,1.,0.));
#1722=DIRECTION('center_axis',(1.,0.,0.));
#1723=DIRECTION('ref_axis',(0.,1.,0.));
#1724=DIRECTION('center_axis',(1.,0.,0.));
#1725=DIRECTION('ref_axis',(0.,1.,0.));
#1726=DIRECTION('center_axis',(1.,0.,0.));
#1727=DIRECTION('ref_axis',(0.,1.,0.));
#1728=DIRECTION('',(1.,0.,0.));
#1729=DIRECTION('center_axis',(1.,0.,0.));
#1730=DIRECTION('ref_axis',(0.,1.,0.));
#1731=DIRECTION('center_axis',(1.,0.,0.));
#1732=DIRECTION('ref_axis',(0.,1.,0.));
#1733=DIRECTION('center_axis',(1.,0.,0.));
#1734=DIRECTION('ref_axis',(0.,1.,0.));
#1735=DIRECTION('center_axis',(1.,0.,0.));
#1736=DIRECTION('ref_axis',(0.,1.,0.));
#1737=DIRECTION('',(1.,0.,0.));
#1738=DIRECTION('center_axis',(1.,0.,0.));
#1739=DIRECTION('ref_axis',(0.,1.,0.));
#1740=DIRECTION('center_axis',(1.,0.,0.));
#1741=DIRECTION('ref_axis',(0.,1.,0.));
#1742=DIRECTION('center_axis',(1.,0.,0.));
#1743=DIRECTION('ref_axis',(0.,1.,0.));
#1744=DIRECTION('',(1.,0.,0.));
#1745=DIRECTION('center_axis',(1.,0.,0.));
#1746=DIRECTION('ref_axis',(0.,1.,0.));
#1747=DIRECTION('center_axis',(1.,0.,0.));
#1748=DIRECTION('ref_axis',(0.,1.,0.));
#1749=DIRECTION('center_axis',(1.,0.,0.));
#1750=DIRECTION('ref_axis',(0.,1.,0.));
#1751=DIRECTION('',(1.,0.,0.));
#1752=DIRECTION('center_axis',(1.,0.,0.));
#1753=DIRECTION('ref_axis',(0.,1.,0.));
#1754=DIRECTION('center_axis',(1.,0.,0.));
#1755=DIRECTION('ref_axis',(0.,1.,0.));
#1756=DIRECTION('center_axis',(1.,0.,0.));
#1757=DIRECTION('ref_axis',(0.,1.,0.));
#1758=DIRECTION('',(1.,0.,0.));
#1759=DIRECTION('center_axis',(1.,0.,0.));
#1760=DIRECTION('ref_axis',(0.,1.,0.));
#1761=DIRECTION('center_axis',(1.,0.,0.));
#1762=DIRECTION('ref_axis',(0.,1.,0.));
#1763=DIRECTION('center_axis',(1.,0.,0.));
#1764=DIRECTION('ref_axis',(0.,1.,0.));
#1765=DIRECTION('',(1.,0.,0.));
#1766=DIRECTION('center_axis',(1.,0.,0.));
#1767=DIRECTION('ref_axis',(0.,1.,0.));
#1768=DIRECTION('center_axis',(1.,0.,0.));
#1769=DIRECTION('ref_axis',(0.,1.,0.));
#1770=DIRECTION('center_axis',(0.,0.,1.));
#1771=DIRECTION('ref_axis',(1.,0.,0.));
#1772=DIRECTION('',(0.,1.,0.));
#1773=DIRECTION('center_axis',(0.,0.,1.));
#1774=DIRECTION('ref_axis',(1.,0.,0.));
#1775=DIRECTION('',(0.,1.,0.));
#1776=DIRECTION('center_axis',(0.,0.,1.));
#1777=DIRECTION('ref_axis',(0.,-1.,0.));
#1778=DIRECTION('center_axis',(0.,0.,-1.));
#1779=DIRECTION('ref_axis',(0.,1.,0.));
#1780=DIRECTION('center_axis',(0.,0.,1.));
#1781=DIRECTION('ref_axis',(1.,0.,0.));
#1782=DIRECTION('',(0.,0.46483389898992,-0.885397902837944));
#1783=DIRECTION('',(0.,0.46483389898992,-0.885397902837944));
#1784=DIRECTION('center_axis',(0.,0.,-1.));
#1785=DIRECTION('ref_axis',(1.,0.,0.));
#1786=DIRECTION('',(0.,0.46483389898992,0.885397902837944));
#1787=DIRECTION('',(0.,0.46483389898992,0.885397902837944));
#1788=DIRECTION('center_axis',(0.,0.,1.));
#1789=DIRECTION('ref_axis',(1.,0.,0.));
#1790=DIRECTION('',(0.,0.,-1.));
#1791=DIRECTION('center_axis',(0.,0.,-1.));
#1792=DIRECTION('ref_axis',(1.,0.,0.));
#1793=DIRECTION('',(0.,0.,1.));
#1794=DIRECTION('center_axis',(6.12323399573676E-17,0.25881904510252,0.965925826289068));
#1795=DIRECTION('ref_axis',(1.,0.,0.));
#1796=DIRECTION('center_axis',(1.,0.,0.));
#1797=DIRECTION('ref_axis',(0.,0.,-1.));
#1798=DIRECTION('center_axis',(2.04613467127421E-17,0.366699575180426,0.930339412022567));
#1799=DIRECTION('ref_axis',(-4.32263964347545E-16,-0.930339412022567,0.366699575180426));
#1800=DIRECTION('center_axis',(1.,0.,0.));
#1801=DIRECTION('ref_axis',(0.,0.,-1.));
#1802=DIRECTION('center_axis',(0.577350269189626,0.577350269189626,0.577350269189626));
#1803=DIRECTION('ref_axis',(0.750794884469265,-0.0974940757723182,-0.653300808696947));
#1804=DIRECTION('center_axis',(1.,0.,0.));
#1805=DIRECTION('ref_axis',(0.,0.,-1.));
#1806=DIRECTION('center_axis',(2.04613467127421E-17,-0.147598558348073,
-0.989047352543634));
#1807=DIRECTION('ref_axis',(-4.32263964347545E-16,-0.989047352543633,0.147598558348073));
#1808=DIRECTION('center_axis',(-1.,1.74263877519258E-16,-4.66938652512013E-17));
#1809=DIRECTION('ref_axis',(0.,0.258819045102521,0.965925826289068));
#1810=DIRECTION('center_axis',(-1.,8.7131938759629E-17,-2.33469326256006E-17));
#1811=DIRECTION('ref_axis',(-2.33469326256006E-17,0.,1.));
#1812=DIRECTION('center_axis',(1.,-8.7131938759629E-17,2.33469326256006E-17));
#1813=DIRECTION('ref_axis',(-2.33469326256006E-17,0.,1.));
#1814=DIRECTION('center_axis',(0.,0.867765453368929,0.496973961027555));
#1815=DIRECTION('ref_axis',(1.,0.,0.));
#1816=DIRECTION('',(0.,0.867765453368928,0.496973961027555));
#1817=DIRECTION('',(0.,-0.867765453368928,-0.496973961027555));
#1818=DIRECTION('center_axis',(0.,0.368124552684678,0.929776485888251));
#1819=DIRECTION('ref_axis',(1.,0.,0.));
#1820=DIRECTION('',(0.,0.368124552684678,0.929776485888251));
#1821=DIRECTION('center_axis',(0.,-0.368124552684678,-0.929776485888251));
#1822=DIRECTION('ref_axis',(1.,-7.40148683083437E-16,-2.96059473233375E-15));
#1823=DIRECTION('',(0.,-0.368124552684678,-0.929776485888251));
#1824=DIRECTION('center_axis',(0.,1.,0.));
#1825=DIRECTION('ref_axis',(0.,0.,-1.));
#1826=DIRECTION('center_axis',(0.,1.,0.));
#1827=DIRECTION('ref_axis',(0.,0.,-1.));
#1828=DIRECTION('center_axis',(0.577350269189626,0.577350269189626,0.577350269189626));
#1829=DIRECTION('ref_axis',(0.727064941874286,-0.0417679176951719,-0.685297024179115));
#1830=DIRECTION('center_axis',(1.,0.,0.));
#1831=DIRECTION('ref_axis',(0.,0.,-1.));
#1832=DIRECTION('center_axis',(-1.09754522197619E-17,-0.0608357446487905,
-0.998147790746955));
#1833=DIRECTION('ref_axis',(-4.33093872579084E-16,-0.998147790746955,0.0608357446487905));
#1834=DIRECTION('center_axis',(9.25604232747469E-17,0.17364817766693,0.984807753012208));
#1835=DIRECTION('ref_axis',(1.,0.,0.));
#1836=DIRECTION('center_axis',(1.,0.,0.));
#1837=DIRECTION('ref_axis',(0.,0.,-1.));
#1838=DIRECTION('center_axis',(5.12764379793204E-17,0.284219750124989,0.958759163522774));
#1839=DIRECTION('ref_axis',(-4.25987721440526E-16,-0.958759163522774,0.284219750124989));
#1840=DIRECTION('center_axis',(1.,0.,0.));
#1841=DIRECTION('ref_axis',(0.,0.,-1.));
#1842=DIRECTION('center_axis',(-1.,1.80411241501588E-16,9.22070091252873E-35));
#1843=DIRECTION('ref_axis',(3.13280833173792E-17,0.17364817766693,0.984807753012208));
#1844=DIRECTION('center_axis',(-1.,9.0205620750794E-17,4.61035045626437E-35));
#1845=DIRECTION('ref_axis',(4.61035045626437E-35,0.,1.));
#1846=DIRECTION('center_axis',(1.,-9.0205620750794E-17,-4.61035045626437E-35));
#1847=DIRECTION('ref_axis',(4.61035045626437E-35,0.,1.));
#1848=DIRECTION('center_axis',(0.,0.867765453368929,-0.496973961027555));
#1849=DIRECTION('ref_axis',(1.,0.,0.));
#1850=DIRECTION('',(0.,0.867765453368928,-0.496973961027555));
#1851=DIRECTION('',(0.,-0.867765453368928,0.496973961027555));
#1852=DIRECTION('center_axis',(6.12323399573676E-17,-0.25881904510252,0.965925826289068));
#1853=DIRECTION('ref_axis',(1.,0.,0.));
#1854=DIRECTION('center_axis',(1.,0.,0.));
#1855=DIRECTION('ref_axis',(0.,0.,-1.));
#1856=DIRECTION('center_axis',(1.,0.,0.));
#1857=DIRECTION('ref_axis',(0.,0.,-1.));
#1858=DIRECTION('center_axis',(-2.04613467127421E-17,0.366699575180426,
-0.930339412022567));
#1859=DIRECTION('ref_axis',(-4.32263964347545E-16,0.930339412022567,0.366699575180426));
#1860=DIRECTION('center_axis',(-1.,-1.74263877519258E-16,-4.66938652512013E-17));
#1861=DIRECTION('ref_axis',(0.,-0.258819045102521,0.965925826289068));
#1862=DIRECTION('center_axis',(-1.,-8.7131938759629E-17,-2.33469326256006E-17));
#1863=DIRECTION('ref_axis',(-2.33469326256006E-17,0.,1.));
#1864=DIRECTION('center_axis',(1.,8.7131938759629E-17,2.33469326256006E-17));
#1865=DIRECTION('ref_axis',(-2.33469326256006E-17,0.,1.));
#1866=DIRECTION('center_axis',(-2.04613467127421E-17,-0.147598558348073,
0.989047352543634));
#1867=DIRECTION('ref_axis',(-4.32263964347545E-16,0.989047352543633,0.147598558348073));
#1868=DIRECTION('center_axis',(0.577350269189626,0.577350269189626,0.577350269189626));
#1869=DIRECTION('ref_axis',(0.75677811691188,-0.112936310641037,-0.643841806270842));
#1870=DIRECTION('center_axis',(1.,0.,0.));
#1871=DIRECTION('ref_axis',(0.,0.,-1.));
#1872=DIRECTION('center_axis',(0.,0.368124552684678,-0.929776485888251));
#1873=DIRECTION('ref_axis',(1.,0.,0.));
#1874=DIRECTION('',(0.,0.368124552684678,-0.929776485888251));
#1875=DIRECTION('',(0.,-0.368124552684678,0.929776485888251));
#1876=DIRECTION('center_axis',(0.,-0.368124552684678,0.929776485888251));
#1877=DIRECTION('ref_axis',(1.,7.40148683083437E-16,-2.96059473233375E-15));
#1878=DIRECTION('center_axis',(9.25604232747469E-17,-0.17364817766693,0.984807753012208));
#1879=DIRECTION('ref_axis',(1.,0.,0.));
#1880=DIRECTION('center_axis',(1.,0.,0.));
#1881=DIRECTION('ref_axis',(0.,0.,-1.));
#1882=DIRECTION('center_axis',(1.,0.,0.));
#1883=DIRECTION('ref_axis',(0.,0.,-1.));
#1884=DIRECTION('center_axis',(-5.12764379793204E-17,0.284219750124989,
-0.958759163522774));
#1885=DIRECTION('ref_axis',(-4.25987721440526E-16,0.958759163522774,0.284219750124989));
#1886=DIRECTION('center_axis',(-1.,-1.80411241501588E-16,9.22070091252873E-35));
#1887=DIRECTION('ref_axis',(3.13280833173792E-17,-0.17364817766693,0.984807753012208));
#1888=DIRECTION('center_axis',(-1.,-9.0205620750794E-17,4.61035045626437E-35));
#1889=DIRECTION('ref_axis',(4.61035045626437E-35,0.,1.));
#1890=DIRECTION('center_axis',(1.,9.0205620750794E-17,-4.61035045626437E-35));
#1891=DIRECTION('ref_axis',(4.61035045626437E-35,0.,1.));
#1892=DIRECTION('center_axis',(1.09754522197619E-17,-0.0608357446487905,
0.998147790746955));
#1893=DIRECTION('ref_axis',(-4.33093872579084E-16,0.998147790746955,0.0608357446487905));
#1894=DIRECTION('center_axis',(0.577350269189626,0.577350269189626,0.577350269189626));
#1895=DIRECTION('ref_axis',(0.728254241764146,-0.044386101439154,-0.683868140324992));
#1896=DIRECTION('center_axis',(1.,0.,0.));
#1897=DIRECTION('ref_axis',(0.,0.,-1.));
#1898=DIRECTION('center_axis',(1.,0.,0.));
#1899=DIRECTION('ref_axis',(0.,1.,0.));
#1900=DIRECTION('',(0.,1.,0.));
#1901=DIRECTION('',(0.,0.,-1.));
#1902=DIRECTION('',(0.,-1.,0.));
#1903=DIRECTION('',(0.,0.,1.));
#1904=DIRECTION('',(0.,1.,0.));
#1905=DIRECTION('center_axis',(0.,-1.,0.));
#1906=DIRECTION('ref_axis',(0.,0.,-1.));
#1907=DIRECTION('',(1.,0.,0.));
#1908=DIRECTION('',(0.,0.,-1.));
#1909=DIRECTION('',(1.,0.,0.));
#1910=DIRECTION('center_axis',(0.,0.,1.));
#1911=DIRECTION('ref_axis',(0.,-1.,0.));
#1912=DIRECTION('',(0.,-1.,0.));
#1913=DIRECTION('',(1.,0.,0.));
#1914=DIRECTION('center_axis',(0.,1.,0.));
#1915=DIRECTION('ref_axis',(0.,0.,1.));
#1916=DIRECTION('',(0.,0.,1.));
#1917=DIRECTION('',(1.,0.,0.));
#1918=DIRECTION('center_axis',(0.,0.,-1.));
#1919=DIRECTION('ref_axis',(0.,1.,0.));
#1920=DIRECTION('',(0.,1.,0.));
#1921=DIRECTION('center_axis',(1.,0.,0.));
#1922=DIRECTION('ref_axis',(0.,0.,-1.));
#1923=DIRECTION('center_axis',(1.,0.,0.));
#1924=DIRECTION('ref_axis',(0.,1.,0.));
#1925=DIRECTION('center_axis',(-1.,0.,0.));
#1926=DIRECTION('ref_axis',(0.,1.,0.));
#1927=DIRECTION('center_axis',(1.,0.,0.));
#1928=DIRECTION('ref_axis',(0.,1.,0.));
#1929=DIRECTION('center_axis',(-1.,0.,0.));
#1930=DIRECTION('ref_axis',(0.,1.,0.));
#1931=DIRECTION('',(-1.,0.,0.));
#1932=DIRECTION('center_axis',(1.,0.,0.));
#1933=DIRECTION('ref_axis',(0.,1.,0.));
#1934=DIRECTION('center_axis',(1.,0.,0.));
#1935=DIRECTION('ref_axis',(0.,1.,0.));
#1936=DIRECTION('center_axis',(-1.,0.,0.));
#1937=DIRECTION('ref_axis',(0.,1.,0.));
#1938=DIRECTION('center_axis',(1.,0.,0.));
#1939=DIRECTION('ref_axis',(0.,1.,0.));
#1940=DIRECTION('center_axis',(-1.,0.,0.));
#1941=DIRECTION('ref_axis',(0.,1.,0.));
#1942=DIRECTION('',(-1.,0.,0.));
#1943=DIRECTION('center_axis',(1.,0.,0.));
#1944=DIRECTION('ref_axis',(0.,1.,0.));
#1945=DIRECTION('center_axis',(1.,0.,0.));
#1946=DIRECTION('ref_axis',(0.,1.,0.));
#1947=DIRECTION('center_axis',(-1.,0.,0.));
#1948=DIRECTION('ref_axis',(0.,1.,0.));
#1949=DIRECTION('center_axis',(1.,0.,0.));
#1950=DIRECTION('ref_axis',(0.,1.,0.));
#1951=DIRECTION('center_axis',(-1.,0.,0.));
#1952=DIRECTION('ref_axis',(0.,1.,0.));
#1953=DIRECTION('',(-1.,0.,0.));
#1954=DIRECTION('center_axis',(1.,0.,0.));
#1955=DIRECTION('ref_axis',(0.,1.,0.));
#1956=DIRECTION('center_axis',(1.,0.,0.));
#1957=DIRECTION('ref_axis',(0.,1.,0.));
#1958=DIRECTION('center_axis',(-1.,0.,0.));
#1959=DIRECTION('ref_axis',(0.,1.,0.));
#1960=DIRECTION('center_axis',(1.,0.,0.));
#1961=DIRECTION('ref_axis',(0.,1.,0.));
#1962=DIRECTION('center_axis',(-1.,0.,0.));
#1963=DIRECTION('ref_axis',(0.,1.,0.));
#1964=DIRECTION('',(-1.,0.,0.));
#1965=DIRECTION('center_axis',(1.,0.,0.));
#1966=DIRECTION('ref_axis',(0.,1.,0.));
#1967=DIRECTION('center_axis',(1.,0.,0.));
#1968=DIRECTION('ref_axis',(0.,1.,0.));
#1969=DIRECTION('center_axis',(1.,0.,0.));
#1970=DIRECTION('ref_axis',(0.,1.,0.));
#1971=DIRECTION('',(-1.,0.,0.));
#1972=DIRECTION('center_axis',(1.,0.,0.));
#1973=DIRECTION('ref_axis',(0.,1.,0.));
#1974=DIRECTION('center_axis',(1.,0.,0.));
#1975=DIRECTION('ref_axis',(0.,1.,0.));
#1976=DIRECTION('center_axis',(1.,0.,0.));
#1977=DIRECTION('ref_axis',(0.,1.,0.));
#1978=DIRECTION('center_axis',(1.,0.,0.));
#1979=DIRECTION('ref_axis',(0.,1.,0.));
#1980=DIRECTION('',(-1.,0.,0.));
#1981=DIRECTION('center_axis',(1.,0.,0.));
#1982=DIRECTION('ref_axis',(0.,1.,0.));
#1983=DIRECTION('center_axis',(1.,0.,0.));
#1984=DIRECTION('ref_axis',(0.,1.,0.));
#1985=DIRECTION('center_axis',(1.,0.,0.));
#1986=DIRECTION('ref_axis',(0.,1.,0.));
#1987=DIRECTION('center_axis',(1.,0.,0.));
#1988=DIRECTION('ref_axis',(0.,1.,0.));
#1989=DIRECTION('',(-1.,0.,0.));
#1990=DIRECTION('center_axis',(1.,0.,0.));
#1991=DIRECTION('ref_axis',(0.,1.,0.));
#1992=DIRECTION('center_axis',(1.,0.,0.));
#1993=DIRECTION('ref_axis',(0.,1.,0.));
#1994=DIRECTION('center_axis',(1.,0.,0.));
#1995=DIRECTION('ref_axis',(0.,1.,0.));
#1996=DIRECTION('center_axis',(1.,0.,0.));
#1997=DIRECTION('ref_axis',(0.,1.,0.));
#1998=DIRECTION('',(-1.,0.,0.));
#1999=DIRECTION('center_axis',(1.,0.,0.));
#2000=DIRECTION('ref_axis',(0.,1.,0.));
#2001=DIRECTION('center_axis',(1.,0.,0.));
#2002=DIRECTION('ref_axis',(0.,1.,0.));
#2003=DIRECTION('center_axis',(1.,0.,0.));
#2004=DIRECTION('ref_axis',(0.,1.,0.));
#2005=DIRECTION('',(-1.,0.,0.));
#2006=DIRECTION('center_axis',(1.,0.,0.));
#2007=DIRECTION('ref_axis',(0.,1.,0.));
#2008=DIRECTION('center_axis',(1.,0.,0.));
#2009=DIRECTION('ref_axis',(0.,1.,0.));
#2010=DIRECTION('center_axis',(1.,0.,0.));
#2011=DIRECTION('ref_axis',(0.,1.,0.));
#2012=DIRECTION('',(-1.,0.,0.));
#2013=DIRECTION('center_axis',(1.,0.,0.));
#2014=DIRECTION('ref_axis',(0.,1.,0.));
#2015=DIRECTION('center_axis',(1.,0.,0.));
#2016=DIRECTION('ref_axis',(0.,1.,0.));
#2017=DIRECTION('center_axis',(1.,0.,0.));
#2018=DIRECTION('ref_axis',(0.,1.,0.));
#2019=DIRECTION('',(-1.,0.,0.));
#2020=DIRECTION('center_axis',(1.,0.,0.));
#2021=DIRECTION('ref_axis',(0.,1.,0.));
#2022=DIRECTION('center_axis',(1.,0.,0.));
#2023=DIRECTION('ref_axis',(0.,1.,0.));
#2024=DIRECTION('center_axis',(1.,0.,0.));
#2025=DIRECTION('ref_axis',(0.,1.,0.));
#2026=DIRECTION('',(-1.,0.,0.));
#2027=DIRECTION('center_axis',(1.,0.,0.));
#2028=DIRECTION('ref_axis',(0.,1.,0.));
#2029=DIRECTION('center_axis',(1.,0.,0.));
#2030=DIRECTION('ref_axis',(0.,1.,0.));
#2031=DIRECTION('center_axis',(0.,0.,-1.));
#2032=DIRECTION('ref_axis',(-1.,0.,0.));
#2033=DIRECTION('',(0.,1.,0.));
#2034=DIRECTION('center_axis',(0.,0.,1.));
#2035=DIRECTION('ref_axis',(0.,1.,0.));
#2036=DIRECTION('center_axis',(0.,0.,-1.));
#2037=DIRECTION('ref_axis',(0.,-1.,0.));
#2038=DIRECTION('',(0.,1.,0.));
#2039=DIRECTION('center_axis',(0.,0.,-1.));
#2040=DIRECTION('ref_axis',(-1.,0.,0.));
#2041=DIRECTION('center_axis',(0.,0.,1.));
#2042=DIRECTION('ref_axis',(-1.,0.,0.));
#2043=DIRECTION('',(0.,0.46483389898992,-0.885397902837944));
#2044=DIRECTION('',(0.,0.46483389898992,0.885397902837944));
#2045=DIRECTION('',(0.,0.46483389898992,0.885397902837944));
#2046=DIRECTION('center_axis',(0.,0.,1.));
#2047=DIRECTION('ref_axis',(-1.,0.,0.));
#2048=DIRECTION('',(0.,0.46483389898992,-0.885397902837944));
#2049=DIRECTION('center_axis',(0.,0.,-1.));
#2050=DIRECTION('ref_axis',(-1.,0.,0.));
#2051=DIRECTION('',(0.,0.,-1.));
#2052=DIRECTION('',(0.,0.,1.));
#2053=DIRECTION('center_axis',(0.,0.,1.));
#2054=DIRECTION('ref_axis',(-1.,0.,0.));
#2055=DIRECTION('center_axis',(-6.12323399573676E-17,0.25881904510252,0.965925826289068));
#2056=DIRECTION('ref_axis',(-1.,0.,0.));
#2057=DIRECTION('center_axis',(1.,0.,0.));
#2058=DIRECTION('ref_axis',(0.,0.,-1.));
#2059=DIRECTION('center_axis',(1.,0.,0.));
#2060=DIRECTION('ref_axis',(0.,0.,-1.));
#2061=DIRECTION('center_axis',(2.04613467127421E-17,-0.366699575180426,
-0.930339412022567));
#2062=DIRECTION('ref_axis',(4.32263964347545E-16,-0.930339412022567,0.366699575180426));
#2063=DIRECTION('center_axis',(-0.577350269189626,0.577350269189626,0.577350269189626));
#2064=DIRECTION('ref_axis',(-0.653300808696947,0.0974940757723182,-0.750794884469265));
#2065=DIRECTION('center_axis',(1.,0.,0.));
#2066=DIRECTION('ref_axis',(0.,0.,-1.));
#2067=DIRECTION('center_axis',(2.04613467127421E-17,0.147598558348073,0.989047352543634));
#2068=DIRECTION('ref_axis',(4.32263964347545E-16,-0.989047352543633,0.147598558348073));
#2069=DIRECTION('center_axis',(1.,1.74263877519258E-16,-4.66938652512013E-17));
#2070=DIRECTION('ref_axis',(0.,0.258819045102521,0.965925826289068));
#2071=DIRECTION('center_axis',(-1.,-8.7131938759629E-17,2.33469326256006E-17));
#2072=DIRECTION('ref_axis',(2.33469326256006E-17,0.,1.));
#2073=DIRECTION('center_axis',(1.,8.7131938759629E-17,-2.33469326256006E-17));
#2074=DIRECTION('ref_axis',(2.33469326256006E-17,0.,1.));
#2075=DIRECTION('center_axis',(0.,-0.867765453368929,-0.496973961027555));
#2076=DIRECTION('ref_axis',(-1.,0.,0.));
#2077=DIRECTION('',(0.,0.867765453368928,0.496973961027555));
#2078=DIRECTION('',(0.,-0.867765453368928,-0.496973961027555));
#2079=DIRECTION('center_axis',(0.,-0.368124552684678,-0.929776485888251));
#2080=DIRECTION('ref_axis',(-1.,0.,0.));
#2081=DIRECTION('',(0.,0.368124552684678,0.929776485888251));
#2082=DIRECTION('center_axis',(0.,-1.,0.));
#2083=DIRECTION('ref_axis',(0.,0.,-1.));
#2084=DIRECTION('center_axis',(0.,-1.,0.));
#2085=DIRECTION('ref_axis',(0.,0.,-1.));
#2086=DIRECTION('',(0.,-0.368124552684678,-0.929776485888251));
#2087=DIRECTION('center_axis',(0.,0.368124552684678,0.929776485888251));
#2088=DIRECTION('ref_axis',(-1.,-7.40148683083437E-16,-2.96059473233375E-15));
#2089=DIRECTION('center_axis',(-0.577350269189626,0.577350269189626,0.577350269189626));
#2090=DIRECTION('ref_axis',(-0.685297024179115,0.0417679176951719,-0.727064941874286));
#2091=DIRECTION('center_axis',(1.,0.,0.));
#2092=DIRECTION('ref_axis',(0.,0.,-1.));
#2093=DIRECTION('center_axis',(-1.09754522197619E-17,0.0608357446487905,
0.998147790746955));
#2094=DIRECTION('ref_axis',(4.33093872579084E-16,-0.998147790746955,0.0608357446487905));
#2095=DIRECTION('center_axis',(-9.25604232747469E-17,0.17364817766693,0.984807753012208));
#2096=DIRECTION('ref_axis',(-1.,0.,0.));
#2097=DIRECTION('center_axis',(1.,0.,0.));
#2098=DIRECTION('ref_axis',(0.,0.,-1.));
#2099=DIRECTION('center_axis',(1.,0.,0.));
#2100=DIRECTION('ref_axis',(0.,0.,-1.));
#2101=DIRECTION('center_axis',(5.12764379793204E-17,-0.284219750124989,
-0.958759163522774));
#2102=DIRECTION('ref_axis',(4.25987721440526E-16,-0.958759163522774,0.284219750124989));
#2103=DIRECTION('center_axis',(1.,1.80411241501588E-16,9.22070091252873E-35));
#2104=DIRECTION('ref_axis',(-3.13280833173792E-17,0.17364817766693,0.984807753012208));
#2105=DIRECTION('center_axis',(-1.,-9.0205620750794E-17,-4.61035045626437E-35));
#2106=DIRECTION('ref_axis',(-4.61035045626437E-35,0.,1.));
#2107=DIRECTION('center_axis',(1.,9.0205620750794E-17,4.61035045626437E-35));
#2108=DIRECTION('ref_axis',(-4.61035045626437E-35,0.,1.));
#2109=DIRECTION('center_axis',(0.,-0.867765453368929,0.496973961027555));
#2110=DIRECTION('ref_axis',(-1.,0.,0.));
#2111=DIRECTION('',(0.,0.867765453368928,-0.496973961027555));
#2112=DIRECTION('',(0.,-0.867765453368928,0.496973961027555));
#2113=DIRECTION('center_axis',(-6.12323399573676E-17,-0.25881904510252,
0.965925826289068));
#2114=DIRECTION('ref_axis',(-1.,0.,0.));
#2115=DIRECTION('center_axis',(1.,0.,0.));
#2116=DIRECTION('ref_axis',(0.,0.,-1.));
#2117=DIRECTION('center_axis',(-2.04613467127421E-17,-0.366699575180426,
0.930339412022567));
#2118=DIRECTION('ref_axis',(4.32263964347545E-16,0.930339412022567,0.366699575180426));
#2119=DIRECTION('center_axis',(1.,0.,0.));
#2120=DIRECTION('ref_axis',(0.,0.,-1.));
#2121=DIRECTION('center_axis',(1.,-1.74263877519258E-16,-4.66938652512013E-17));
#2122=DIRECTION('ref_axis',(0.,-0.258819045102521,0.965925826289068));
#2123=DIRECTION('center_axis',(-1.,8.7131938759629E-17,2.33469326256006E-17));
#2124=DIRECTION('ref_axis',(2.33469326256006E-17,0.,1.));
#2125=DIRECTION('center_axis',(-2.04613467127421E-17,0.147598558348073,
-0.989047352543634));
#2126=DIRECTION('ref_axis',(4.32263964347545E-16,0.989047352543633,0.147598558348073));
#2127=DIRECTION('center_axis',(1.,-8.7131938759629E-17,-2.33469326256006E-17));
#2128=DIRECTION('ref_axis',(2.33469326256006E-17,0.,1.));
#2129=DIRECTION('center_axis',(-0.577350269189626,0.577350269189626,0.577350269189626));
#2130=DIRECTION('ref_axis',(-0.643841806270843,0.112936310641037,-0.756778116911879));
#2131=DIRECTION('center_axis',(1.,0.,0.));
#2132=DIRECTION('ref_axis',(0.,0.,-1.));
#2133=DIRECTION('center_axis',(0.,-0.368124552684678,0.929776485888251));
#2134=DIRECTION('ref_axis',(-1.,0.,0.));
#2135=DIRECTION('',(0.,0.368124552684678,-0.929776485888251));
#2136=DIRECTION('center_axis',(0.,0.368124552684678,-0.929776485888251));
#2137=DIRECTION('ref_axis',(-1.,7.40148683083437E-16,-2.96059473233375E-15));
#2138=DIRECTION('',(0.,-0.368124552684678,0.929776485888251));
#2139=DIRECTION('center_axis',(-9.25604232747469E-17,-0.17364817766693,
0.984807753012208));
#2140=DIRECTION('ref_axis',(-1.,0.,0.));
#2141=DIRECTION('center_axis',(1.,0.,0.));
#2142=DIRECTION('ref_axis',(0.,0.,-1.));
#2143=DIRECTION('center_axis',(-5.12764379793204E-17,-0.284219750124989,
0.958759163522774));
#2144=DIRECTION('ref_axis',(4.25987721440526E-16,0.958759163522774,0.284219750124989));
#2145=DIRECTION('center_axis',(1.,0.,0.));
#2146=DIRECTION('ref_axis',(0.,0.,-1.));
#2147=DIRECTION('center_axis',(1.,-1.80411241501588E-16,9.22070091252873E-35));
#2148=DIRECTION('ref_axis',(-3.13280833173792E-17,-0.17364817766693,0.984807753012208));
#2149=DIRECTION('center_axis',(-1.,9.0205620750794E-17,-4.61035045626437E-35));
#2150=DIRECTION('ref_axis',(-4.61035045626437E-35,0.,1.));
#2151=DIRECTION('center_axis',(1.09754522197619E-17,0.0608357446487905,
-0.998147790746955));
#2152=DIRECTION('ref_axis',(4.33093872579084E-16,0.998147790746955,0.0608357446487905));
#2153=DIRECTION('center_axis',(1.,-9.0205620750794E-17,4.61035045626437E-35));
#2154=DIRECTION('ref_axis',(-4.61035045626437E-35,0.,1.));
#2155=DIRECTION('center_axis',(-0.577350269189626,0.577350269189626,0.577350269189626));
#2156=DIRECTION('ref_axis',(-0.683868140324992,0.0443861014391537,-0.728254241764146));
#2157=DIRECTION('center_axis',(1.,0.,0.));
#2158=DIRECTION('ref_axis',(0.,0.,-1.));
#2159=DIRECTION('center_axis',(1.,0.,0.));
#2160=DIRECTION('ref_axis',(0.,1.,0.));
#2161=DIRECTION('',(0.,1.,0.));
#2162=DIRECTION('',(0.,0.,1.));
#2163=DIRECTION('',(0.,-1.,0.));
#2164=DIRECTION('',(0.,0.,-1.));
#2165=DIRECTION('',(0.,1.,0.));
#2166=DIRECTION('center_axis',(0.,1.,0.));
#2167=DIRECTION('ref_axis',(0.,0.,-1.));
#2168=DIRECTION('',(-1.,0.,0.));
#2169=DIRECTION('',(0.,0.,-1.));
#2170=DIRECTION('',(-1.,0.,0.));
#2171=DIRECTION('center_axis',(0.,0.,-1.));
#2172=DIRECTION('ref_axis',(0.,-1.,0.));
#2173=DIRECTION('',(-1.,0.,0.));
#2174=DIRECTION('',(0.,-1.,0.));
#2175=DIRECTION('center_axis',(0.,-1.,0.));
#2176=DIRECTION('ref_axis',(0.,0.,1.));
#2177=DIRECTION('',(-1.,0.,0.));
#2178=DIRECTION('',(0.,0.,1.));
#2179=DIRECTION('center_axis',(0.,0.,1.));
#2180=DIRECTION('ref_axis',(0.,1.,0.));
#2181=DIRECTION('',(0.,1.,0.));
#2182=DIRECTION('center_axis',(1.,0.,0.));
#2183=DIRECTION('ref_axis',(0.,0.,-1.));
#2184=CARTESIAN_POINT('',(0.,0.,0.));
#2185=CARTESIAN_POINT('Origin',(-5.,-35.,-10.));
#2186=CARTESIAN_POINT('',(0.,-36.35,-10.));
#2187=CARTESIAN_POINT('Origin',(0.,-35.,-10.));
#2188=CARTESIAN_POINT('',(5.,-36.35,-10.));
#2189=CARTESIAN_POINT('',(-5.,-36.35,-10.));
#2190=CARTESIAN_POINT('Origin',(5.,-35.,-10.));
#2191=CARTESIAN_POINT('Origin',(5.,-35.,-10.));
#2192=CARTESIAN_POINT('Origin',(-5.,35.0000000000003,60.));
#2193=CARTESIAN_POINT('',(0.,33.6500000000003,60.));
#2194=CARTESIAN_POINT('Origin',(0.,35.0000000000003,60.));
#2195=CARTESIAN_POINT('',(5.,33.6500000000003,60.));
#2196=CARTESIAN_POINT('',(-5.,33.6500000000003,60.));
#2197=CARTESIAN_POINT('Origin',(5.,35.0000000000003,60.));
#2198=CARTESIAN_POINT('Origin',(5.,35.0000000000003,60.));
#2199=CARTESIAN_POINT('Origin',(-5.,-34.9999999999998,60.));
#2200=CARTESIAN_POINT('',(0.,-36.3499999999998,60.));
#2201=CARTESIAN_POINT('Origin',(0.,-34.9999999999998,60.));
#2202=CARTESIAN_POINT('',(5.,-36.3499999999998,60.));
#2203=CARTESIAN_POINT('',(-5.,-36.3499999999998,60.));
#2204=CARTESIAN_POINT('Origin',(5.,-34.9999999999998,60.));
#2205=CARTESIAN_POINT('Origin',(5.,-34.9999999999998,60.));
#2206=CARTESIAN_POINT('Origin',(-5.,35.,-10.));
#2207=CARTESIAN_POINT('',(0.,33.65,-10.));
#2208=CARTESIAN_POINT('Origin',(0.,35.,-10.));
#2209=CARTESIAN_POINT('',(5.,33.65,-10.));
#2210=CARTESIAN_POINT('',(-5.,33.65,-10.));
#2211=CARTESIAN_POINT('Origin',(5.,35.,-10.));
#2212=CARTESIAN_POINT('Origin',(5.,35.,-10.));
#2213=CARTESIAN_POINT('Origin',(0.,-10.6560873440903,9.38146551768384));
#2214=CARTESIAN_POINT('',(5.00000000000002,-10.3629260746867,10.9543788878736));
#2215=CARTESIAN_POINT('',(4.74507546280531,-12.2560873440903,9.38146551768391));
#2216=CARTESIAN_POINT('Ctrl Pts',(5.00000000000002,-10.3629260746867,10.9543788878736));
#2217=CARTESIAN_POINT('Ctrl Pts',(5.00000000000002,-10.3448948331886,10.9510182058763));
#2218=CARTESIAN_POINT('Ctrl Pts',(4.99989905929975,-10.3269235904561,10.9473478895262));
#2219=CARTESIAN_POINT('Ctrl Pts',(4.99936397736259,-10.2794416615333,10.9367970205782));
#2220=CARTESIAN_POINT('Ctrl Pts',(4.99875555444814,-10.2500630172256,10.9293872387815));
#2221=CARTESIAN_POINT('Ctrl Pts',(4.9962912204383,-10.1684750103238,10.9063274663795));
#2222=CARTESIAN_POINT('Ctrl Pts',(4.99382825487546,-10.1168701185616,10.8888494136792));
#2223=CARTESIAN_POINT('Ctrl Pts',(4.97843467282882,-9.88071111446972,10.7951996527658));
#2224=CARTESIAN_POINT('Ctrl Pts',(4.95503174020414,-9.71160716137565,10.6880111643223));
#2225=CARTESIAN_POINT('Ctrl Pts',(4.89686972742256,-9.42339376467134,10.420110357447));
#2226=CARTESIAN_POINT('Ctrl Pts',(4.8628027152021,-9.30583324081559,10.2617889368781));
#2227=CARTESIAN_POINT('Ctrl Pts',(4.79855247114482,-9.12840218518423,9.90028836516831));
#2228=CARTESIAN_POINT('Ctrl Pts',(4.76946104122961,-9.07363248765636,9.69725631649395));
#2229=CARTESIAN_POINT('Ctrl Pts',(4.73706250231016,-9.0464650270347,9.29102713824998));
#2230=CARTESIAN_POINT('Ctrl Pts',(4.73294697260034,-9.06981814437875,9.09336119445864));
#2231=CARTESIAN_POINT('Ctrl Pts',(4.75004324938322,-9.18659059634035,8.71966620146272));
#2232=CARTESIAN_POINT('Ctrl Pts',(4.77031063553311,-9.27684757437761,8.54816369595548));
#2233=CARTESIAN_POINT('Ctrl Pts',(4.82253290820955,-9.50598452981393,8.2545276505928));
#2234=CARTESIAN_POINT('Ctrl Pts',(4.85323079121761,-9.64044541577011,8.1320806448078));
#2235=CARTESIAN_POINT('Ctrl Pts',(4.90881160617922,-9.92540981127596,7.94927436984982));
#2236=CARTESIAN_POINT('Ctrl Pts',(4.93367925710262,-10.0709884468547,7.88379499102841));
#2237=CARTESIAN_POINT('Ctrl Pts',(4.96886874683039,-10.3425614182644,7.80768659107585));
#2238=CARTESIAN_POINT('Ctrl Pts',(4.98110441666673,-10.4645054128978,7.7881830001415));
#2239=CARTESIAN_POINT('Ctrl Pts',(4.9929184961991,-10.6466080209188,7.78041474497207));
#2240=CARTESIAN_POINT('Ctrl Pts',(4.99576438897164,-10.7054517846894,7.78114433751013));
#2241=CARTESIAN_POINT('Ctrl Pts',(4.99855437492404,-10.7953585379488,7.78723211567701));
#2242=CARTESIAN_POINT('Ctrl Pts',(4.99923299405271,-10.8264740862169,7.79025661517236));
#2243=CARTESIAN_POINT('Ctrl Pts',(4.99993414139994,-10.8828289298604,7.79740721636758));
#2244=CARTESIAN_POINT('Ctrl Pts',(5.0000538783286,-10.9080883417388,7.80122880983178));
#2245=CARTESIAN_POINT('Ctrl Pts',(4.99989058236018,-10.96212087766,7.8107322658532));
#2246=CARTESIAN_POINT('Ctrl Pts',(4.99954548702656,-10.990845243533,7.81660249336878));
#2247=CARTESIAN_POINT('Ctrl Pts',(4.9979174299931,-11.0682224329646,7.834643343865));
#2248=CARTESIAN_POINT('Ctrl Pts',(4.99614285932786,-11.1164610079407,7.8483102272519));
#2249=CARTESIAN_POINT('Ctrl Pts',(4.98543286889053,-11.3206774498461,7.91666796662509));
#2250=CARTESIAN_POINT('Ctrl Pts',(4.96938819135866,-11.4676260219425,7.99282457670003));
#2251=CARTESIAN_POINT('Ctrl Pts',(4.92501803498829,-11.7451726689855,8.19564103015613));
#2252=CARTESIAN_POINT('Ctrl Pts',(4.89603131299535,-11.8709669642367,8.32504593796336));
#2253=CARTESIAN_POINT('Ctrl Pts',(4.83269204451559,-12.0915663866687,8.64441436861726));
#2254=CARTESIAN_POINT('Ctrl Pts',(4.79887628980434,-12.1760187119219,8.83900219824852));
#2255=CARTESIAN_POINT('Ctrl Pts',(4.76160029250507,-12.2441245639591,9.15576453306938));
#2256=CARTESIAN_POINT('Ctrl Pts',(4.75147087323136,-12.2560873440903,9.2684618266099));
#2257=CARTESIAN_POINT('Ctrl Pts',(4.74507546280531,-12.2560873440903,9.38146551768397));
#2258=CARTESIAN_POINT('',(7.,-12.2560873440903,9.38146551768384));
#2259=CARTESIAN_POINT('',(0.,-12.2560873440903,9.38146551768384));
#2260=CARTESIAN_POINT('Origin',(7.,-10.6560873440903,9.38146551768384));
#2261=CARTESIAN_POINT('Ctrl Pts',(4.74507546280531,-12.2560873440903,9.38146551768397));
#2262=CARTESIAN_POINT('Ctrl Pts',(4.74005950265222,-12.2560873440903,9.47009501506069));
#2263=CARTESIAN_POINT('Ctrl Pts',(4.73733374026423,-12.2487271455563,9.55891260919805));
#2264=CARTESIAN_POINT('Ctrl Pts',(4.73659924841491,-12.2013539672903,9.8403464528539));
#2265=CARTESIAN_POINT('Ctrl Pts',(4.7483923166655,-12.133831440075,10.0250609733326));
#2266=CARTESIAN_POINT('Ctrl Pts',(4.78989160133226,-11.9391280319153,10.3559243269003));
#2267=CARTESIAN_POINT('Ctrl Pts',(4.81849467900035,-11.8154776922716,10.4999690330668));
#2268=CARTESIAN_POINT('Ctrl Pts',(4.87634061534545,-11.5385846745383,10.7269015629867));
#2269=CARTESIAN_POINT('Ctrl Pts',(4.90491581364143,-11.3902862823522,10.81328837446));
#2270=CARTESIAN_POINT('Ctrl Pts',(4.94909861831473,-11.1038255435816,10.9235662870755));
#2271=CARTESIAN_POINT('Ctrl Pts',(4.96599861035941,-10.9706436708705,10.9562160336494));
#2272=CARTESIAN_POINT('Ctrl Pts',(4.98597167440463,-10.7483573221773,10.9811497688929));
#2273=CARTESIAN_POINT('Ctrl Pts',(4.99181363228106,-10.6615246527512,10.9838140637515));
#2274=CARTESIAN_POINT('Ctrl Pts',(4.9973025068295,-10.5314339665233,10.977191728563));
#2275=CARTESIAN_POINT('Ctrl Pts',(4.99858531721443,-10.4882193262067,10.9732267426772));
#2276=CARTESIAN_POINT('Ctrl Pts',(4.9997684031117,-10.4176670577293,10.9638457427144));
#2277=CARTESIAN_POINT('Ctrl Pts',(5.00000000000002,-10.3902341985728,10.9594686050921));
#2278=CARTESIAN_POINT('Ctrl Pts',(5.00000000000002,-10.3629260746867,10.9543788878736));
#2279=CARTESIAN_POINT('Origin',(7.,0.,24.6111178147513));
#2280=CARTESIAN_POINT('Origin',(0.,22.6117355807293,22.028215783974));
#2281=CARTESIAN_POINT('',(5.00000000000002,22.182601445407,23.569593055735));
#2282=CARTESIAN_POINT('',(4.75549921649552,21.0117355807293,22.028215783974));
#2283=CARTESIAN_POINT('Ctrl Pts',(5.00000000000002,22.182601445407,23.569593055735));
#2284=CARTESIAN_POINT('Ctrl Pts',(5.00000000000002,22.1876145161374,23.5709887424449));
#2285=CARTESIAN_POINT('Ctrl Pts',(4.99999187696666,22.1926343462266,23.5723599591708));
#2286=CARTESIAN_POINT('Ctrl Pts',(4.99987927889654,22.2274794585617,23.5816958170922));
#2287=CARTESIAN_POINT('Ctrl Pts',(4.9994970305837,22.2575181092026,23.5888190397702));
#2288=CARTESIAN_POINT('Ctrl Pts',(4.99770158134779,22.33908270481,23.6056849553608));
#2289=CARTESIAN_POINT('Ctrl Pts',(4.99575541944879,22.3908780331431,23.6137643727065));
#2290=CARTESIAN_POINT('Ctrl Pts',(4.98423186511006,22.6110468184797,23.6371200101673));
#2291=CARTESIAN_POINT('Ctrl Pts',(4.96728828559638,22.7801206827276,23.6281510129004));
#2292=CARTESIAN_POINT('Ctrl Pts',(4.92072348936109,23.1254943004342,23.5547782140671));
#2293=CARTESIAN_POINT('Ctrl Pts',(4.89036011385005,23.2982451527939,23.4851707501381));
#2294=CARTESIAN_POINT('Ctrl Pts',(4.82619640988804,23.6328669810322,23.2776572811141));
#2295=CARTESIAN_POINT('Ctrl Pts',(4.79311591693703,23.7880703786209,23.1330792880699));
#2296=CARTESIAN_POINT('Ctrl Pts',(4.74818756584791,24.0284770640152,22.7984660866219));
#2297=CARTESIAN_POINT('Ctrl Pts',(4.73610035122787,24.1142213885295,22.6143037688516));
#2298=CARTESIAN_POINT('Ctrl Pts',(4.73817177751333,24.2112438775641,22.228050986509));
#2299=CARTESIAN_POINT('Ctrl Pts',(4.75143461047996,24.2235109983121,22.0319625663473));
#2300=CARTESIAN_POINT('Ctrl Pts',(4.79494977176688,24.1781966755,21.651841575367));
#2301=CARTESIAN_POINT('Ctrl Pts',(4.82407274741428,24.1231692880009,21.4709555974839));
#2302=CARTESIAN_POINT('Ctrl Pts',(4.88188472184297,23.9620930305753,21.1535272228216));
#2303=CARTESIAN_POINT('Ctrl Pts',(4.90999710981236,23.8621202199643,21.0156557773803));
#2304=CARTESIAN_POINT('Ctrl Pts',(4.95631087651795,23.6295408531697,20.7834714164835));
#2305=CARTESIAN_POINT('Ctrl Pts',(4.97474349612692,23.5004399554212,20.688103068524));
#2306=CARTESIAN_POINT('Ctrl Pts',(4.991590696261,23.293598377807,20.5789130654167));
#2307=CARTESIAN_POINT('Ctrl Pts',(4.99543019568984,23.226175730505,20.5490600358465));
#2308=CARTESIAN_POINT('Ctrl Pts',(4.9987474957201,23.1234841439234,20.5118476682341));
#2309=CARTESIAN_POINT('Ctrl Pts',(4.99945435022139,23.089728904732,20.5008709372217));
#2310=CARTESIAN_POINT('Ctrl Pts',(5.00003733108604,23.0294252189762,20.4834571753666));
#2311=CARTESIAN_POINT('Ctrl Pts',(5.00006788786842,23.003034949471,20.4765622730027));
#2312=CARTESIAN_POINT('Ctrl Pts',(4.99966657441269,22.9477233525736,20.4636121602768));
#2313=CARTESIAN_POINT('Ctrl Pts',(4.99919625276863,22.9187911605656,20.4576780872338));
#2314=CARTESIAN_POINT('Ctrl Pts',(4.99731496810837,22.8438321610562,20.4444538522437));
#2315=CARTESIAN_POINT('Ctrl Pts',(4.99551832744291,22.7976478565319,20.4383721571071));
#2316=CARTESIAN_POINT('Ctrl Pts',(4.9863605233825,22.622062775984,20.4229994948908));
#2317=CARTESIAN_POINT('Ctrl Pts',(4.97479517069683,22.4923984835083,20.4274674963957));
#2318=CARTESIAN_POINT('Ctrl Pts',(4.93815596915598,22.1852997401057,20.4754064957879));
#2319=CARTESIAN_POINT('Ctrl Pts',(4.90973487833793,22.0124031954569,20.5337556763197));
#2320=CARTESIAN_POINT('Ctrl Pts',(4.8457286776825,21.6699450001087,20.7180885643622));
#2321=CARTESIAN_POINT('Ctrl Pts',(4.81030874686392,21.5070252892333,20.8519942962448));
#2322=CARTESIAN_POINT('Ctrl Pts',(4.75764875694982,21.2454616246694,21.1711451699093));
#2323=CARTESIAN_POINT('Ctrl Pts',(4.7406790695616,21.1473537465296,21.3517613143065));
#2324=CARTESIAN_POINT('Ctrl Pts',(4.73515565711017,21.0364826208515,21.7035166963808));
#2325=CARTESIAN_POINT('Ctrl Pts',(4.74156699589844,21.0117355807293,21.8655797408517));
#2326=CARTESIAN_POINT('Ctrl Pts',(4.75549921649552,21.0117355807293,22.0282157839741));
#2327=CARTESIAN_POINT('',(7.,21.0117355807293,22.028215783974));
#2328=CARTESIAN_POINT('',(0.,21.0117355807293,22.028215783974));
#2329=CARTESIAN_POINT('Origin',(7.,22.6117355807293,22.028215783974));
#2330=CARTESIAN_POINT('Ctrl Pts',(4.75549921649552,21.0117355807293,22.0282157839741));
#2331=CARTESIAN_POINT('Ctrl Pts',(4.75817023880342,21.0117355807293,22.0593956304472));
#2332=CARTESIAN_POINT('Ctrl Pts',(4.76111074001535,21.0126469179712,22.0905971353946));
#2333=CARTESIAN_POINT('Ctrl Pts',(4.78356040679632,21.0254999862333,22.3100052090161));
#2334=CARTESIAN_POINT('Ctrl Pts',(4.8117060376046,21.0696392366341,22.4939408854807));
#2335=CARTESIAN_POINT('Ctrl Pts',(4.86971869303353,21.2117141236183,22.8211565109327));
#2336=CARTESIAN_POINT('Ctrl Pts',(4.89881384773544,21.3037587766596,22.9653110672177));
#2337=CARTESIAN_POINT('Ctrl Pts',(4.94864832629405,21.5264589284343,23.2153539421066));
#2338=CARTESIAN_POINT('Ctrl Pts',(4.96932026839214,21.6547012171425,23.3211373367914));
#2339=CARTESIAN_POINT('Ctrl Pts',(4.98888510216106,21.8634043023052,23.4444925770396));
#2340=CARTESIAN_POINT('Ctrl Pts',(4.99349900422443,21.9319560880013,23.4786533997239));
#2341=CARTESIAN_POINT('Ctrl Pts',(4.99775492899296,22.0361370395797,23.5215294416419));
#2342=CARTESIAN_POINT('Ctrl Pts',(4.99873526364102,22.0699323737743,23.5341208743586));
#2343=CARTESIAN_POINT('Ctrl Pts',(4.99977531942419,22.1300804637416,23.5542422443768));
#2344=CARTESIAN_POINT('Ctrl Pts',(5.00000000000002,22.1562432729752,23.5622546891051));
#2345=CARTESIAN_POINT('Ctrl Pts',(5.00000000000002,22.182601445407,23.569593055735));
#2346=CARTESIAN_POINT('Origin',(7.,0.,24.6111178147513));
#2347=CARTESIAN_POINT('Origin',(0.,10.6560873440902,9.38146551768384));
#2348=CARTESIAN_POINT('',(5.00000000000002,10.3629260746867,10.9543788878736));
#2349=CARTESIAN_POINT('',(4.74538745176112,9.05608734409024,9.38146551768379));
#2350=CARTESIAN_POINT('Ctrl Pts',(5.00000000000002,10.3629260746867,10.9543788878736));
#2351=CARTESIAN_POINT('Ctrl Pts',(5.00000000000002,10.3733921466034,10.9563295655059));
#2352=CARTESIAN_POINT('Ctrl Pts',(4.99996599732859,10.3838772556362,10.958175702508));
#2353=CARTESIAN_POINT('Ctrl Pts',(4.99969589521113,10.4256191523967,10.9650965120466));
#2354=CARTESIAN_POINT('Ctrl Pts',(4.99919323585852,10.4569989574596,10.9693464772851));
#2355=CARTESIAN_POINT('Ctrl Pts',(4.99686062808855,10.5488609213007,10.9790226077625));
#2356=CARTESIAN_POINT('Ctrl Pts',(4.99423691505758,10.6094976895796,10.9819356366645));
#2357=CARTESIAN_POINT('Ctrl Pts',(4.97821262602152,10.8757113789162,10.9796009488728));
#2358=CARTESIAN_POINT('Ctrl Pts',(4.95398588541524,11.0778584368462,10.9382542466701));
#2359=CARTESIAN_POINT('Ctrl Pts',(4.89437769343825,11.4517941332978,10.7840273479396));
#2360=CARTESIAN_POINT('Ctrl Pts',(4.85977957697892,11.6212441531654,10.6732401229661));
#2361=CARTESIAN_POINT('Ctrl Pts',(4.79614431572955,11.9152741364162,10.390200779427));
#2362=CARTESIAN_POINT('Ctrl Pts',(4.76806160954907,12.0360943493835,10.2178454281548));
#2363=CARTESIAN_POINT('Ctrl Pts',(4.73691184008724,12.2004270925049,9.84444093303596));
#2364=CARTESIAN_POINT('Ctrl Pts',(4.73308557849638,12.2458798431791,9.64990935525456));
#2365=CARTESIAN_POINT('Ctrl Pts',(4.74993505563229,12.263062282886,9.25687832776955));
#2366=CARTESIAN_POINT('Ctrl Pts',(4.76979000169122,12.2360171682007,9.06360264878332));
#2367=CARTESIAN_POINT('Ctrl Pts',(4.82134517885647,12.118229886239,8.70640844572587));
#2368=CARTESIAN_POINT('Ctrl Pts',(4.85186399399682,12.0315164160503,8.5439059754858));
#2369=CARTESIAN_POINT('Ctrl Pts',(4.90763789910708,11.8205719673743,8.2724155429696));
#2370=CARTESIAN_POINT('Ctrl Pts',(4.93280888484254,11.702646423472,8.16039169687487));
#2371=CARTESIAN_POINT('Ctrl Pts',(4.9692784140242,11.4618308684662,7.99295291113661));
#2372=CARTESIAN_POINT('Ctrl Pts',(4.98216987991028,11.3451283452923,7.9314250543096));
#2373=CARTESIAN_POINT('Ctrl Pts',(4.99402706269926,11.1639950291741,7.86296534834307));
#2374=CARTESIAN_POINT('Ctrl Pts',(4.99674729623443,11.1049841177607,7.84448258314945));
#2375=CARTESIAN_POINT('Ctrl Pts',(4.99915618183126,11.0140516086626,7.82169659236298));
#2376=CARTESIAN_POINT('Ctrl Pts',(4.99967468926806,10.9828816260373,7.81486931800699));
#2377=CARTESIAN_POINT('Ctrl Pts',(5.00005925916986,10.926366519413,7.80425142675898));
#2378=CARTESIAN_POINT('Ctrl Pts',(5.00003407076005,10.9011025275583,7.80012979437602));
#2379=CARTESIAN_POINT('Ctrl Pts',(4.99956232716819,10.8471613859247,7.79265347503651));
#2380=CARTESIAN_POINT('Ctrl Pts',(4.99906251671207,10.8184764960794,7.78946605968768));
#2381=CARTESIAN_POINT('Ctrl Pts',(4.9970681832727,10.7417445120285,7.78303470671783));
#2382=CARTESIAN_POINT('Ctrl Pts',(4.99513291527555,10.6936405371973,7.78118341764031));
#2383=CARTESIAN_POINT('Ctrl Pts',(4.98439696894231,10.4947735138473,7.78249346505483));
#2384=CARTESIAN_POINT('Ctrl Pts',(4.96974958041377,10.3455348307159,7.80476565024808));
#2385=CARTESIAN_POINT('Ctrl Pts',(4.92731772268036,10.0272634370148,7.89897871803841));
#2386=CARTESIAN_POINT('Ctrl Pts',(4.89769783494035,9.86323007591052,7.97997350078586));
#2387=CARTESIAN_POINT('Ctrl Pts',(4.83318992473956,9.54765430989566,8.20888325014072));
#2388=CARTESIAN_POINT('Ctrl Pts',(4.79880394957307,9.40368191592292,8.36378202461909));
#2389=CARTESIAN_POINT('Ctrl Pts',(4.75077842796081,9.18797162525892,8.71426194729725));
#2390=CARTESIAN_POINT('Ctrl Pts',(4.73706739340679,9.11547418660353,8.90434443480285));
#2391=CARTESIAN_POINT('Ctrl Pts',(4.73709710421184,9.06412286030453,9.19606898207566));
#2392=CARTESIAN_POINT('Ctrl Pts',(4.73994481363659,9.05608734409025,9.28885356852024));
#2393=CARTESIAN_POINT('Ctrl Pts',(4.74538745176112,9.05608734409024,9.38146551768373));
#2394=CARTESIAN_POINT('',(7.,9.05608734409024,9.38146551768384));
#2395=CARTESIAN_POINT('',(0.,9.05608734409024,9.38146551768384));
#2396=CARTESIAN_POINT('Origin',(7.,10.6560873440902,9.38146551768384));
#2397=CARTESIAN_POINT('Ctrl Pts',(4.74538745176112,9.05608734409024,9.38146551768373));
#2398=CARTESIAN_POINT('Ctrl Pts',(4.75130196171143,9.05608734409024,9.48210683946775));
#2399=CARTESIAN_POINT('Ctrl Pts',(4.76028155619274,9.06557619588927,9.58254425069648));
#2400=CARTESIAN_POINT('Ctrl Pts',(4.79285922125929,9.11952079577362,9.86506912749692));
#2401=CARTESIAN_POINT('Ctrl Pts',(4.82204444301415,9.18628733917492,10.0403193922053));
#2402=CARTESIAN_POINT('Ctrl Pts',(4.88002301470138,9.36646259119592,10.343081346981));
#2403=CARTESIAN_POINT('Ctrl Pts',(4.90822054534921,9.47384517761191,10.4724896615992));
#2404=CARTESIAN_POINT('Ctrl Pts',(4.95443223425558,9.71567197503974,10.6851208184455));
#2405=CARTESIAN_POINT('Ctrl Pts',(4.97281317176301,9.84632012810164,10.7701839492923));
#2406=CARTESIAN_POINT('Ctrl Pts',(4.9901518929881,10.052958176185,10.8651671222548));
#2407=CARTESIAN_POINT('Ctrl Pts',(4.99422887397496,10.1200645003576,10.8907163997332));
#2408=CARTESIAN_POINT('Ctrl Pts',(4.99800079066487,10.2212237531182,10.92161034323));
#2409=CARTESIAN_POINT('Ctrl Pts',(4.99887223968543,10.2540046105675,10.930492020387));
#2410=CARTESIAN_POINT('Ctrl Pts',(4.99979935804397,10.3122099757611,10.944288839811));
#2411=CARTESIAN_POINT('Ctrl Pts',(5.00000000000002,10.3375074697745,10.9496413412142));
#2412=CARTESIAN_POINT('Ctrl Pts',(5.00000000000002,10.3629260746867,10.9543788878736));
#2413=CARTESIAN_POINT('Origin',(7.,0.,24.6111178147513));
#2414=CARTESIAN_POINT('Origin',(0.,-22.6117355807293,22.028215783974));
#2415=CARTESIAN_POINT('',(5.00000000000002,-22.182601445407,23.569593055735));
#2416=CARTESIAN_POINT('',(4.75482084875176,-24.2117355807293,22.0282157839741));
#2417=CARTESIAN_POINT('Ctrl Pts',(5.00000000000002,-22.182601445407,23.569593055735));
#2418=CARTESIAN_POINT('Ctrl Pts',(5.00000000000002,-22.167456074588,23.5653764400306));
#2419=CARTESIAN_POINT('Ctrl Pts',(4.9999258452757,-22.1523742155823,23.560936983782));
#2420=CARTESIAN_POINT('Ctrl Pts',(4.99948756333469,-22.1079890469466,23.5471579303059));
#2421=CARTESIAN_POINT('Ctrl Pts',(4.99891396207141,-22.0788932352172,23.5371969649127));
#2422=CARTESIAN_POINT('Ctrl Pts',(4.99661735723222,-22.001489853317,23.5081805856659));
#2423=CARTESIAN_POINT('Ctrl Pts',(4.99437600110123,-21.9538277661104,23.4876149811126));
#2424=CARTESIAN_POINT('Ctrl Pts',(4.9817821192801,-21.758613340694,23.3918858083962));
#2425=CARTESIAN_POINT('Ctrl Pts',(4.96440290436057,-21.6228647282183,23.296729696686));
#2426=CARTESIAN_POINT('Ctrl Pts',(4.9177827749679,-21.3750740638259,23.0590980128583));
#2427=CARTESIAN_POINT('Ctrl Pts',(4.88798177897869,-21.2678860376677,22.9146797003936));
#2428=CARTESIAN_POINT('Ctrl Pts',(4.82407079228304,-21.0918978825138,22.5701172789197));
#2429=CARTESIAN_POINT('Ctrl Pts',(4.79072301173493,-21.0338510368488,22.3666865883283));
#2430=CARTESIAN_POINT('Ctrl Pts',(4.74639672255158,-21.0008205387905,21.9574447500669));
#2431=CARTESIAN_POINT('Ctrl Pts',(4.73511405362531,-21.0221658859093,21.7564930751691));
#2432=CARTESIAN_POINT('Ctrl Pts',(4.73957486252896,-21.1371245345383,21.3775272050744));
#2433=CARTESIAN_POINT('Ctrl Pts',(4.75430547161569,-21.2267049757902,21.2042174823777));
#2434=CARTESIAN_POINT('Ctrl Pts',(4.80009088094512,-21.457888884191,20.9043539976971));
#2435=CARTESIAN_POINT('Ctrl Pts',(4.82989051593267,-21.5954791736948,20.7787334984606));
#2436=CARTESIAN_POINT('Ctrl Pts',(4.88761919077746,-21.8898465075615,20.590835736615));
#2437=CARTESIAN_POINT('Ctrl Pts',(4.9150934736756,-22.0420053902321,20.523947871188));
#2438=CARTESIAN_POINT('Ctrl Pts',(4.95828813593006,-22.3422222643531,20.4444270726172));
#2439=CARTESIAN_POINT('Ctrl Pts',(4.97484493774801,-22.4872051015136,20.4263996678586));
#2440=CARTESIAN_POINT('Ctrl Pts',(4.99070619425858,-22.701663077924,20.4292789372011));
#2441=CARTESIAN_POINT('Ctrl Pts',(4.99449454596166,-22.7700390812809,20.4345891229374));
#2442=CARTESIAN_POINT('Ctrl Pts',(4.99810575748734,-22.872017984698,20.4491535984059));
#2443=CARTESIAN_POINT('Ctrl Pts',(4.99896333934683,-22.905926838528,20.4551178771419));
#2444=CARTESIAN_POINT('Ctrl Pts',(4.99986240740614,-22.9661822762248,20.4677339317097));
#2445=CARTESIAN_POINT('Ctrl Pts',(5.00003821059082,-22.9925917191123,20.4739684327237));
#2446=CARTESIAN_POINT('Ctrl Pts',(4.9999430675984,-23.0479151843183,20.4885236990365));
#2447=CARTESIAN_POINT('Ctrl Pts',(4.99962166626318,-23.0767724263247,20.4969924986071));
#2448=CARTESIAN_POINT('Ctrl Pts',(4.9980699895286,-23.1519302600874,20.5213696197647));
#2449=CARTESIAN_POINT('Ctrl Pts',(4.99639635320007,-23.197742331018,20.5385892892686));
#2450=CARTESIAN_POINT('Ctrl Pts',(4.98704890305728,-23.3758370655657,20.6150118648284));
#2451=CARTESIAN_POINT('Ctrl Pts',(4.97403919127357,-23.5001166376465,20.6897398152609));
#2452=CARTESIAN_POINT('Ctrl Pts',(4.9344402492757,-23.7569552516226,20.8956268470385));
#2453=CARTESIAN_POINT('Ctrl Pts',(4.90534311097471,-23.8797547034306,21.0352469484693));
#2454=CARTESIAN_POINT('Ctrl Pts',(4.8412775743825,-24.0853032742197,21.3706260205263));
#2455=CARTESIAN_POINT('Ctrl Pts',(4.80666119359136,-24.1589395297956,21.5694036678885));
#2456=CARTESIAN_POINT('Ctrl Pts',(4.77057441217086,-24.2051345740058,21.8604363610166));
#2457=CARTESIAN_POINT('Ctrl Pts',(4.76175543896796,-24.2117355807293,21.9442884730362));
#2458=CARTESIAN_POINT('Ctrl Pts',(4.75482084875176,-24.2117355807293,22.0282157839742));
#2459=CARTESIAN_POINT('',(7.,-24.2117355807293,22.028215783974));
#2460=CARTESIAN_POINT('',(0.,-24.2117355807293,22.028215783974));
#2461=CARTESIAN_POINT('Origin',(7.,-22.6117355807293,22.028215783974));
#2462=CARTESIAN_POINT('Ctrl Pts',(4.75482084875176,-24.2117355807293,22.0282157839742));
#2463=CARTESIAN_POINT('Ctrl Pts',(4.74501019937162,-24.2117355807293,22.1469511952041));
#2464=CARTESIAN_POINT('Ctrl Pts',(4.73899917827854,-24.1985292343255,22.2658394377165));
#2465=CARTESIAN_POINT('Ctrl Pts',(4.73498655229663,-24.128469159512,22.5741389355718));
#2466=CARTESIAN_POINT('Ctrl Pts',(4.74482343062288,-24.0504469898727,22.754998321627));
#2467=CARTESIAN_POINT('Ctrl Pts',(4.78355765138043,-23.8362869786877,23.0754276532266));
#2468=CARTESIAN_POINT('Ctrl Pts',(4.8113985121885,-23.7037238805805,23.2127677977304));
#2469=CARTESIAN_POINT('Ctrl Pts',(4.86917248030531,-23.4114885813564,23.4246681515527));
#2470=CARTESIAN_POINT('Ctrl Pts',(4.89832916649921,-23.2564286439549,23.5027251055624));
#2471=CARTESIAN_POINT('Ctrl Pts',(4.94467451790724,-22.9566380234794,23.597004581707));
#2472=CARTESIAN_POINT('Ctrl Pts',(4.96288847149744,-22.8160902584801,23.6215024570601));
#2473=CARTESIAN_POINT('Ctrl Pts',(4.98458911981133,-22.5830928091314,23.6305235545045));
#2474=CARTESIAN_POINT('Ctrl Pts',(4.99098753235614,-22.4922907328615,23.6263393742323));
#2475=CARTESIAN_POINT('Ctrl Pts',(4.99701827509949,-22.3570839087462,23.6084750953472));
#2476=CARTESIAN_POINT('Ctrl Pts',(4.9984322467379,-22.3122721273289,23.6005999681605));
#2477=CARTESIAN_POINT('Ctrl Pts',(4.99974254951017,-22.2392361099174,23.5845260375752));
#2478=CARTESIAN_POINT('Ctrl Pts',(5.00000000000002,-22.2108153530976,23.5774480767624));
#2479=CARTESIAN_POINT('Ctrl Pts',(5.00000000000002,-22.182601445407,23.569593055735));
#2480=CARTESIAN_POINT('Origin',(7.,0.,24.6111178147513));
#2481=CARTESIAN_POINT('Origin',(0.,0.,40.));
#2482=CARTESIAN_POINT('',(0.,-2.5,40.));
#2483=CARTESIAN_POINT('',(0.,-1.60382841693303,40.));
#2484=CARTESIAN_POINT('',(0.,0.,40.));
#2485=CARTESIAN_POINT('',(0.,2.5,40.));
#2486=CARTESIAN_POINT('Origin',(0.,0.,40.));
#2487=CARTESIAN_POINT('',(0.,1.60382841693303,40.));
#2488=CARTESIAN_POINT('',(0.,0.,40.));
#2489=CARTESIAN_POINT('',(1.49997419788034,0.,40.));
#2490=CARTESIAN_POINT('Origin',(0.,-0.00946254360034038,40.));
#2491=CARTESIAN_POINT('Origin',(0.,0.00946254360034038,40.));
#2492=CARTESIAN_POINT('Origin',(0.,0.,45.));
#2493=CARTESIAN_POINT('',(0.,-3.11876857562176,41.1786068107081));
#2494=CARTESIAN_POINT('',(0.,-5.125,45.));
#2495=CARTESIAN_POINT('',(0.,-4.51420792889836,43.836586531235));
#2496=CARTESIAN_POINT('Ctrl Pts',(-2.08166817117217E-16,-3.11876857562176,
41.1786068107081));
#2497=CARTESIAN_POINT('Ctrl Pts',(0.16676616672801,-3.11876857562176,41.1786068107081));
#2498=CARTESIAN_POINT('Ctrl Pts',(0.34475481172849,-3.12115211219056,41.2113079496788));
#2499=CARTESIAN_POINT('Ctrl Pts',(0.676117634593188,-3.13605774264793,41.3409611979405));
#2500=CARTESIAN_POINT('Ctrl Pts',(0.829647281474601,-3.14921119363079,41.4374421379822));
#2501=CARTESIAN_POINT('Ctrl Pts',(1.08252943225782,-3.19167570690767,41.6538621285497));
#2502=CARTESIAN_POINT('Ctrl Pts',(1.20085544091456,-3.22445945609123,41.790804738879));
#2503=CARTESIAN_POINT('Ctrl Pts',(1.38159253819807,-3.32083124263764,42.0879093289269));
#2504=CARTESIAN_POINT('Ctrl Pts',(1.44393830671097,-3.38504848589039,42.2479065897069));
#2505=CARTESIAN_POINT('Ctrl Pts',(1.47472038529746,-3.45721142251135,42.3973427275937));
#2506=CARTESIAN_POINT('Ctrl Pts',(1.51353729123713,-3.54821053796341,42.585785119229));
#2507=CARTESIAN_POINT('Ctrl Pts',(1.50757833522337,-3.66446958794496,42.783420812827));
#2508=CARTESIAN_POINT('Ctrl Pts',(1.39491241757291,-3.908391315866,43.1404562157997));
#2509=CARTESIAN_POINT('Ctrl Pts',(1.2882757088968,-4.0350795894233,43.3005427953429));
#2510=CARTESIAN_POINT('Ctrl Pts',(1.01881578388075,-4.24745207283197,43.5525023058885));
#2511=CARTESIAN_POINT('Ctrl Pts',(0.840046227770026,-4.34567734435254,43.6594099742175));
#2512=CARTESIAN_POINT('Ctrl Pts',(0.437099837911692,-4.47928948729927,43.8013557801458));
#2513=CARTESIAN_POINT('Ctrl Pts',(0.212835694289931,-4.51420792889836,43.836586531235));
#2514=CARTESIAN_POINT('Ctrl Pts',(5.55111512312578E-16,-4.51420792889836,
43.836586531235));
#2515=CARTESIAN_POINT('',(0.,-7.75,50.));
#2516=CARTESIAN_POINT('',(0.,-5.125,45.));
#2517=CARTESIAN_POINT('',(0.,7.75,50.));
#2518=CARTESIAN_POINT('Origin',(0.,0.,50.));
#2519=CARTESIAN_POINT('',(0.,4.51420792889836,43.836586531235));
#2520=CARTESIAN_POINT('',(0.,5.125,45.));
#2521=CARTESIAN_POINT('',(0.,3.11876857562176,41.1786068107081));
#2522=CARTESIAN_POINT('Ctrl Pts',(-6.93889390390723E-17,3.11876857562176,
41.1786068107081));
#2523=CARTESIAN_POINT('Ctrl Pts',(0.16676616672801,3.11876857562176,41.1786068107081));
#2524=CARTESIAN_POINT('Ctrl Pts',(0.34475481172849,3.12115211219056,41.2113079496788));
#2525=CARTESIAN_POINT('Ctrl Pts',(0.676117634593188,3.13605774264793,41.3409611979405));
#2526=CARTESIAN_POINT('Ctrl Pts',(0.829647281474601,3.14921119363079,41.4374421379822));
#2527=CARTESIAN_POINT('Ctrl Pts',(1.08252943225782,3.19167570690767,41.6538621285497));
#2528=CARTESIAN_POINT('Ctrl Pts',(1.20085544091456,3.22445945609123,41.790804738879));
#2529=CARTESIAN_POINT('Ctrl Pts',(1.38159253819807,3.32083124263764,42.0879093289269));
#2530=CARTESIAN_POINT('Ctrl Pts',(1.44393830671097,3.38504848589039,42.2479065897069));
#2531=CARTESIAN_POINT('Ctrl Pts',(1.47472038529746,3.45721142251135,42.3973427275937));
#2532=CARTESIAN_POINT('Ctrl Pts',(1.51353729123713,3.54821053796341,42.585785119229));
#2533=CARTESIAN_POINT('Ctrl Pts',(1.50757833522337,3.66446958794496,42.783420812827));
#2534=CARTESIAN_POINT('Ctrl Pts',(1.39491241757291,3.908391315866,43.1404562157997));
#2535=CARTESIAN_POINT('Ctrl Pts',(1.2882757088968,4.0350795894233,43.3005427953429));
#2536=CARTESIAN_POINT('Ctrl Pts',(1.01881578388075,4.24745207283197,43.5525023058885));
#2537=CARTESIAN_POINT('Ctrl Pts',(0.840046227770026,4.34567734435254,43.6594099742175));
#2538=CARTESIAN_POINT('Ctrl Pts',(0.437099837911692,4.47928948729927,43.8013557801458));
#2539=CARTESIAN_POINT('Ctrl Pts',(0.212835694289931,4.51420792889836,43.836586531235));
#2540=CARTESIAN_POINT('Ctrl Pts',(6.93889390390723E-16,4.51420792889836,
43.836586531235));
#2541=CARTESIAN_POINT('',(0.,5.125,45.));
#2542=CARTESIAN_POINT('Origin',(0.,0.,50.));
#2543=CARTESIAN_POINT('',(0.,-7.75,69.2222356295026));
#2544=CARTESIAN_POINT('',(0.,-7.75,50.));
#2545=CARTESIAN_POINT('',(0.,7.75,69.2222356295026));
#2546=CARTESIAN_POINT('Origin',(0.,0.,69.2222356295026));
#2547=CARTESIAN_POINT('',(0.,7.75,50.));
#2548=CARTESIAN_POINT('Origin',(0.,-19.6869407522986,30.8947572145678));
#2549=CARTESIAN_POINT('',(0.,-15.0352436921858,29.0612593386656));
#2550=CARTESIAN_POINT('',(1.14491749414469E-15,-15.7325503212494,33.9546258912966));
#2551=CARTESIAN_POINT('Origin',(0.,-19.6869407522986,30.8947572145678));
#2552=CARTESIAN_POINT('',(0.,-24.3386378124115,32.7282550904699));
#2553=CARTESIAN_POINT('Origin',(0.,-19.6869407522986,30.8947572145678));
#2554=CARTESIAN_POINT('',(-1.33573707650214E-15,-18.592958783463,35.7736098923869));
#2555=CARTESIAN_POINT('Origin',(0.,-19.6869407522986,30.8947572145678));
#2556=CARTESIAN_POINT('Ctrl Pts',(-2.18575157973078E-15,-18.592958783463,
35.7736098923869));
#2557=CARTESIAN_POINT('Ctrl Pts',(0.195690949401051,-18.592958783463,35.7736098923869));
#2558=CARTESIAN_POINT('Ctrl Pts',(0.400466409583902,-18.5496341605432,35.7515757023606));
#2559=CARTESIAN_POINT('Ctrl Pts',(0.769143117900034,-18.3860875618232,35.6653677932294));
#2560=CARTESIAN_POINT('Ctrl Pts',(0.933286908598672,-18.2664698468299,35.6010862405319));
#2561=CARTESIAN_POINT('Ctrl Pts',(1.19724117432303,-17.9977855857927,35.4507861983436));
#2562=CARTESIAN_POINT('Ctrl Pts',(1.31192064550372,-17.8273581173079,35.3524588673378));
#2563=CARTESIAN_POINT('Ctrl Pts',(1.46332685405206,-17.4658007432005,35.1345094431491));
#2564=CARTESIAN_POINT('Ctrl Pts',(1.5,-17.2746805728226,35.0148339776327));
#2565=CARTESIAN_POINT('Ctrl Pts',(1.5,-17.0984324490715,34.9009555077285));
#2566=CARTESIAN_POINT('Ctrl Pts',(1.5,-16.9214969047733,34.7866328776346));
#2567=CARTESIAN_POINT('Ctrl Pts',(1.46288977158247,-16.7331266608475,34.6610819716018));
#2568=CARTESIAN_POINT('Ctrl Pts',(1.30495130080139,-16.3867733860149,34.4241004683695));
#2569=CARTESIAN_POINT('Ctrl Pts',(1.1840008333452,-16.2287294590371,34.3128403803764));
#2570=CARTESIAN_POINT('Ctrl Pts',(0.910740573563236,-15.9934984637019,34.1449921458344));
#2571=CARTESIAN_POINT('Ctrl Pts',(0.747155437172836,-15.8957485673485,34.0740454205011));
#2572=CARTESIAN_POINT('Ctrl Pts',(0.385334245607111,-15.765271564239,33.97879372951));
#2573=CARTESIAN_POINT('Ctrl Pts',(0.187059990255693,-15.7325503212494,33.9546258912966));
#2574=CARTESIAN_POINT('Ctrl Pts',(2.22044604925031E-15,-15.7325503212494,
33.9546258912966));
#2575=CARTESIAN_POINT('Origin',(0.,-24.5120596737479,12.8871682471573));
#2576=CARTESIAN_POINT('',(-3.08148791101958E-32,-29.457296436466,13.6251610388977));
#2577=CARTESIAN_POINT('',(0.,-19.5668229110297,12.1491754554169));
#2578=CARTESIAN_POINT('Origin',(0.,-24.5120596737479,12.8871682471573));
#2579=CARTESIAN_POINT('Origin',(0.,-24.5120596737479,12.8871682471573));
#2580=CARTESIAN_POINT('Origin',(3.5527136788005E-14,56.7762814366865,0.756260735449225));
#2581=CARTESIAN_POINT('Origin',(5.50396521816462E-15,56.7762814366865,0.756260735449225));
#2582=CARTESIAN_POINT('Origin',(5.50396521816462E-15,56.7762814366865,0.756260735449225));
#2583=CARTESIAN_POINT('Origin',(0.,-17.9925481475072,34.3888906190614));
#2584=CARTESIAN_POINT('',(0.,-17.2470872059659,33.087242439008));
#2585=CARTESIAN_POINT('',(0.,-18.7380090890486,35.6905387991148));
#2586=CARTESIAN_POINT('Origin',(0.,-13.6827618980635,5.4173886731536));
#2587=CARTESIAN_POINT('',(0.,-5.36468530910547,22.351744110104));
#2588=CARTESIAN_POINT('',(0.,0.,35.9013925055179));
#2589=CARTESIAN_POINT('',(0.,-12.2880971692311,4.86520184412658));
#2590=CARTESIAN_POINT('',(0.,-8.15401476677023,23.456117768158));
#2591=CARTESIAN_POINT('Origin',(0.,-6.75935003793785,22.903930939131));
#2592=CARTESIAN_POINT('',(0.,-15.0774266268959,5.96957550218062));
#2593=CARTESIAN_POINT('',(1.5,2.22044604925031E-15,39.9761003430167));
#2594=CARTESIAN_POINT('Origin',(0.,0.,39.9761003430167));
#2595=CARTESIAN_POINT('Origin',(0.,0.,39.9761003430167));
#2596=CARTESIAN_POINT('Origin',(-4.06373677131342E-16,-11.7524853426485,
0.109578268714119));
#2597=CARTESIAN_POINT('',(0.,-16.7432242963833,0.413756991958071));
#2598=CARTESIAN_POINT('',(-4.02224135973649E-16,-6.76174638891372,-0.194600454529831));
#2599=CARTESIAN_POINT('Origin',(0.,-11.7524853426485,0.109578268714119));
#2600=CARTESIAN_POINT('Origin',(-4.06373677131342E-16,-11.7524853426485,
0.109578268714119));
#2601=CARTESIAN_POINT('Origin',(1.77670389361322E-16,-8.51519224698781,
18.4691797469086));
#2602=CARTESIAN_POINT('',(1.46289174826227E-16,-3.72139642937395,17.0480809962836));
#2603=CARTESIAN_POINT('Origin',(0.,-8.51519224698781,18.4691797469086));
#2604=CARTESIAN_POINT('',(0.,-13.3089880646017,19.8902784975335));
#2605=CARTESIAN_POINT('Origin',(1.77670389361322E-16,-8.51519224698781,
18.4691797469086));
#2606=CARTESIAN_POINT('Origin',(0.,-8.51519224698781,18.4691797469086));
#2607=CARTESIAN_POINT('Origin',(3.51889720426727E-14,70.2838073426255,-4.89042173128588));
#2608=CARTESIAN_POINT('Origin',(6.33999447007075E-15,70.2838073426255,-4.89042173128588));
#2609=CARTESIAN_POINT('Origin',(6.33999447007075E-15,70.2838073426255,-4.89042173128588));
#2610=CARTESIAN_POINT('Origin',(0.,17.9925481475072,34.3888906190614));
#2611=CARTESIAN_POINT('',(1.14491749414469E-15,15.7325503212494,33.9546258912966));
#2612=CARTESIAN_POINT('',(0.,17.2470872059659,33.087242439008));
#2613=CARTESIAN_POINT('',(-1.33573707650214E-15,18.592958783463,35.7736098923869));
#2614=CARTESIAN_POINT('',(0.,18.7380090890486,35.6905387991148));
#2615=CARTESIAN_POINT('Ctrl Pts',(-2.18575157973078E-15,18.592958783463,
35.7736098923869));
#2616=CARTESIAN_POINT('Ctrl Pts',(0.195690949401051,18.592958783463,35.7736098923869));
#2617=CARTESIAN_POINT('Ctrl Pts',(0.400466409583902,18.5496341605432,35.7515757023606));
#2618=CARTESIAN_POINT('Ctrl Pts',(0.769143117900034,18.3860875618232,35.6653677932294));
#2619=CARTESIAN_POINT('Ctrl Pts',(0.933286908598672,18.2664698468299,35.6010862405319));
#2620=CARTESIAN_POINT('Ctrl Pts',(1.19724117432303,17.9977855857927,35.4507861983436));
#2621=CARTESIAN_POINT('Ctrl Pts',(1.31192064550372,17.8273581173079,35.3524588673378));
#2622=CARTESIAN_POINT('Ctrl Pts',(1.46332685405206,17.4658007432005,35.1345094431491));
#2623=CARTESIAN_POINT('Ctrl Pts',(1.5,17.2746805728226,35.0148339776327));
#2624=CARTESIAN_POINT('Ctrl Pts',(1.5,17.0984324490715,34.9009555077285));
#2625=CARTESIAN_POINT('Ctrl Pts',(1.5,16.9214969047733,34.7866328776346));
#2626=CARTESIAN_POINT('Ctrl Pts',(1.46288977158247,16.7331266608475,34.6610819716018));
#2627=CARTESIAN_POINT('Ctrl Pts',(1.30495130080139,16.3867733860149,34.4241004683695));
#2628=CARTESIAN_POINT('Ctrl Pts',(1.1840008333452,16.2287294590371,34.3128403803764));
#2629=CARTESIAN_POINT('Ctrl Pts',(0.910740573563236,15.9934984637019,34.1449921458344));
#2630=CARTESIAN_POINT('Ctrl Pts',(0.747155437172836,15.8957485673485,34.0740454205011));
#2631=CARTESIAN_POINT('Ctrl Pts',(0.385334245607111,15.765271564239,33.97879372951));
#2632=CARTESIAN_POINT('Ctrl Pts',(0.187059990255693,15.7325503212494,33.9546258912966));
#2633=CARTESIAN_POINT('Ctrl Pts',(2.22044604925031E-15,15.7325503212494,
33.9546258912966));
#2634=CARTESIAN_POINT('Origin',(0.,19.6869407522986,30.8947572145678));
#2635=CARTESIAN_POINT('',(0.,15.0352436921858,29.0612593386656));
#2636=CARTESIAN_POINT('Origin',(0.,19.6869407522986,30.8947572145678));
#2637=CARTESIAN_POINT('',(0.,24.3386378124115,32.7282550904699));
#2638=CARTESIAN_POINT('Origin',(0.,19.6869407522986,30.8947572145678));
#2639=CARTESIAN_POINT('Origin',(0.,19.6869407522986,30.8947572145678));
#2640=CARTESIAN_POINT('Origin',(3.5527136788005E-14,-56.7762814366865,0.756260735449225));
#2641=CARTESIAN_POINT('',(0.,19.5668229110297,12.1491754554169));
#2642=CARTESIAN_POINT('Origin',(5.50396521816462E-15,-56.7762814366865,
0.756260735449225));
#2643=CARTESIAN_POINT('',(-3.08148791101958E-32,29.457296436466,13.6251610388977));
#2644=CARTESIAN_POINT('Origin',(5.50396521816462E-15,-56.7762814366865,
0.756260735449225));
#2645=CARTESIAN_POINT('Origin',(0.,24.5120596737479,12.8871682471573));
#2646=CARTESIAN_POINT('Origin',(0.,24.5120596737479,12.8871682471573));
#2647=CARTESIAN_POINT('Origin',(0.,24.5120596737479,12.8871682471573));
#2648=CARTESIAN_POINT('Origin',(0.,13.6827618980635,5.4173886731536));
#2649=CARTESIAN_POINT('',(0.,5.36468530910547,22.351744110104));
#2650=CARTESIAN_POINT('',(0.,12.2880971692311,4.86520184412658));
#2651=CARTESIAN_POINT('',(0.,8.15401476677023,23.456117768158));
#2652=CARTESIAN_POINT('',(0.,15.0774266268959,5.96957550218062));
#2653=CARTESIAN_POINT('Origin',(0.,6.75935003793785,22.903930939131));
#2654=CARTESIAN_POINT('Origin',(1.77670389361322E-16,8.51519224698781,18.4691797469086));
#2655=CARTESIAN_POINT('',(1.46289174826227E-16,3.72139642937395,17.0480809962836));
#2656=CARTESIAN_POINT('Origin',(0.,8.51519224698781,18.4691797469086));
#2657=CARTESIAN_POINT('',(0.,13.3089880646017,19.8902784975335));
#2658=CARTESIAN_POINT('Origin',(0.,8.51519224698781,18.4691797469086));
#2659=CARTESIAN_POINT('Origin',(1.77670389361322E-16,8.51519224698781,18.4691797469086));
#2660=CARTESIAN_POINT('Origin',(3.51889720426727E-14,-70.2838073426255,
-4.89042173128588));
#2661=CARTESIAN_POINT('',(-4.02224135973649E-16,6.76174638891372,-0.194600454529831));
#2662=CARTESIAN_POINT('Origin',(6.33999447007075E-15,-70.2838073426255,
-4.89042173128588));
#2663=CARTESIAN_POINT('',(0.,16.7432242963833,0.413756991958071));
#2664=CARTESIAN_POINT('Origin',(6.33999447007075E-15,-70.2838073426255,
-4.89042173128588));
#2665=CARTESIAN_POINT('Origin',(-4.06373677131342E-16,11.7524853426485,
0.109578268714119));
#2666=CARTESIAN_POINT('Origin',(-4.06373677131342E-16,11.7524853426485,
0.109578268714119));
#2667=CARTESIAN_POINT('Origin',(0.,11.7524853426485,0.109578268714119));
#2668=CARTESIAN_POINT('Origin',(0.,0.,24.6111178147513));
#2669=CARTESIAN_POINT('',(0.,45.,69.2222356295026));
#2670=CARTESIAN_POINT('',(0.,-45.,69.2222356295026));
#2671=CARTESIAN_POINT('',(0.,45.,-20.));
#2672=CARTESIAN_POINT('',(0.,45.,69.2222356295026));
#2673=CARTESIAN_POINT('',(0.,-45.,-20.));
#2674=CARTESIAN_POINT('',(0.,45.,-20.));
#2675=CARTESIAN_POINT('',(0.,-45.,69.2222356295026));
#2676=CARTESIAN_POINT('',(0.,-45.,-20.));
#2677=CARTESIAN_POINT('',(0.,-45.,69.2222356295026));
#2678=CARTESIAN_POINT('Origin',(0.,-45.,69.2222356295026));
#2679=CARTESIAN_POINT('',(10.,-45.,-20.));
#2680=CARTESIAN_POINT('',(0.,-45.,-20.));
#2681=CARTESIAN_POINT('',(10.,-45.,69.2222356295026));
#2682=CARTESIAN_POINT('',(10.,-45.,-20.));
#2683=CARTESIAN_POINT('',(0.,-45.,69.2222356295026));
#2684=CARTESIAN_POINT('Origin',(0.,45.,69.2222356295026));
#2685=CARTESIAN_POINT('',(10.,45.,69.2222356295026));
#2686=CARTESIAN_POINT('',(10.,-45.,69.2222356295026));
#2687=CARTESIAN_POINT('',(0.,45.,69.2222356295026));
#2688=CARTESIAN_POINT('Origin',(0.,45.,-20.));
#2689=CARTESIAN_POINT('',(10.,45.,-20.));
#2690=CARTESIAN_POINT('',(10.,45.,69.2222356295026));
#2691=CARTESIAN_POINT('',(0.,45.,-20.));
#2692=CARTESIAN_POINT('Origin',(0.,-45.,-20.));
#2693=CARTESIAN_POINT('',(10.,45.,-20.));
#2694=CARTESIAN_POINT('Origin',(10.,0.,24.6111178147513));
#2695=CARTESIAN_POINT('Origin',(-6.8,10.6560873440902,9.38146551768384));
#2696=CARTESIAN_POINT('',(-6.8,9.13608734409024,9.38146551768384));
#2697=CARTESIAN_POINT('Origin',(-6.8,10.6560873440902,9.38146551768384));
#2698=CARTESIAN_POINT('Origin',(0.,10.6560873440902,9.38146551768384));
#2699=CARTESIAN_POINT('',(6.8,9.13608734409024,9.38146551768384));
#2700=CARTESIAN_POINT('Origin',(6.8,10.6560873440902,9.38146551768384));
#2701=CARTESIAN_POINT('',(0.,9.13608734409024,9.38146551768384));
#2702=CARTESIAN_POINT('Origin',(6.8,10.6560873440902,9.38146551768384));
#2703=CARTESIAN_POINT('Origin',(-6.8,-10.6560873440903,9.38146551768384));
#2704=CARTESIAN_POINT('',(-6.8,-12.1760873440903,9.38146551768384));
#2705=CARTESIAN_POINT('Origin',(-6.8,-10.6560873440903,9.38146551768384));
#2706=CARTESIAN_POINT('Origin',(0.,-10.6560873440903,9.38146551768384));
#2707=CARTESIAN_POINT('',(6.8,-12.1760873440903,9.38146551768384));
#2708=CARTESIAN_POINT('Origin',(6.8,-10.6560873440903,9.38146551768384));
#2709=CARTESIAN_POINT('',(0.,-12.1760873440903,9.38146551768384));
#2710=CARTESIAN_POINT('Origin',(6.8,-10.6560873440903,9.38146551768384));
#2711=CARTESIAN_POINT('Origin',(-6.8,22.6117355807293,22.028215783974));
#2712=CARTESIAN_POINT('',(-6.8,21.0917355807293,22.028215783974));
#2713=CARTESIAN_POINT('Origin',(-6.8,22.6117355807293,22.028215783974));
#2714=CARTESIAN_POINT('Origin',(0.,22.6117355807293,22.028215783974));
#2715=CARTESIAN_POINT('',(6.8,21.0917355807293,22.028215783974));
#2716=CARTESIAN_POINT('Origin',(6.8,22.6117355807293,22.028215783974));
#2717=CARTESIAN_POINT('',(0.,21.0917355807293,22.028215783974));
#2718=CARTESIAN_POINT('Origin',(6.8,22.6117355807293,22.028215783974));
#2719=CARTESIAN_POINT('Origin',(-6.8,-22.6117355807293,22.028215783974));
#2720=CARTESIAN_POINT('',(-6.8,-24.1317355807293,22.028215783974));
#2721=CARTESIAN_POINT('Origin',(-6.8,-22.6117355807293,22.028215783974));
#2722=CARTESIAN_POINT('Origin',(0.,-22.6117355807293,22.028215783974));
#2723=CARTESIAN_POINT('',(6.8,-24.1317355807293,22.028215783974));
#2724=CARTESIAN_POINT('Origin',(6.8,-22.6117355807293,22.028215783974));
#2725=CARTESIAN_POINT('',(0.,-24.1317355807293,22.028215783974));
#2726=CARTESIAN_POINT('Origin',(6.8,-22.6117355807293,22.028215783974));
#2727=CARTESIAN_POINT('Origin',(5.,-35.,-10.));
#2728=CARTESIAN_POINT('',(0.,-36.35,-10.));
#2729=CARTESIAN_POINT('Origin',(0.,-35.,-10.));
#2730=CARTESIAN_POINT('',(-5.,-36.35,-10.));
#2731=CARTESIAN_POINT('',(5.,-36.35,-10.));
#2732=CARTESIAN_POINT('Origin',(-5.,-35.,-10.));
#2733=CARTESIAN_POINT('Origin',(-5.,-35.,-10.));
#2734=CARTESIAN_POINT('Origin',(5.,35.0000000000003,60.));
#2735=CARTESIAN_POINT('',(0.,33.6500000000003,60.));
#2736=CARTESIAN_POINT('Origin',(0.,35.0000000000003,60.));
#2737=CARTESIAN_POINT('',(-5.,33.6500000000003,60.));
#2738=CARTESIAN_POINT('',(5.,33.6500000000003,60.));
#2739=CARTESIAN_POINT('Origin',(-5.,35.0000000000003,60.));
#2740=CARTESIAN_POINT('Origin',(-5.,35.0000000000003,60.));
#2741=CARTESIAN_POINT('Origin',(5.,-34.9999999999998,60.));
#2742=CARTESIAN_POINT('',(0.,-36.3499999999998,60.));
#2743=CARTESIAN_POINT('Origin',(0.,-34.9999999999998,60.));
#2744=CARTESIAN_POINT('',(-5.,-36.3499999999998,60.));
#2745=CARTESIAN_POINT('',(5.,-36.3499999999998,60.));
#2746=CARTESIAN_POINT('Origin',(-5.,-34.9999999999998,60.));
#2747=CARTESIAN_POINT('Origin',(-5.,-34.9999999999998,60.));
#2748=CARTESIAN_POINT('Origin',(5.,35.,-10.));
#2749=CARTESIAN_POINT('',(0.,33.65,-10.));
#2750=CARTESIAN_POINT('Origin',(0.,35.,-10.));
#2751=CARTESIAN_POINT('',(-5.,33.65,-10.));
#2752=CARTESIAN_POINT('',(5.,33.65,-10.));
#2753=CARTESIAN_POINT('Origin',(-5.,35.,-10.));
#2754=CARTESIAN_POINT('Origin',(-5.,35.,-10.));
#2755=CARTESIAN_POINT('Origin',(0.,-10.6560873440903,9.38146551768384));
#2756=CARTESIAN_POINT('',(-5.00000000000002,-10.3629260746867,10.9543788878736));
#2757=CARTESIAN_POINT('',(-4.74507546280531,-12.2560873440903,9.38146551768391));
#2758=CARTESIAN_POINT('Ctrl Pts',(-5.00000000000002,-10.3629260746867,10.9543788878736));
#2759=CARTESIAN_POINT('Ctrl Pts',(-5.00000000000002,-10.3448948331886,10.9510182058763));
#2760=CARTESIAN_POINT('Ctrl Pts',(-4.99989905929975,-10.3269235904561,10.9473478895262));
#2761=CARTESIAN_POINT('Ctrl Pts',(-4.99936397736259,-10.2794416615333,10.9367970205782));
#2762=CARTESIAN_POINT('Ctrl Pts',(-4.99875555444814,-10.2500630172256,10.9293872387815));
#2763=CARTESIAN_POINT('Ctrl Pts',(-4.9962912204383,-10.1684750103238,10.9063274663795));
#2764=CARTESIAN_POINT('Ctrl Pts',(-4.99382825487546,-10.1168701185616,10.8888494136792));
#2765=CARTESIAN_POINT('Ctrl Pts',(-4.97843467282882,-9.88071111446972,10.7951996527658));
#2766=CARTESIAN_POINT('Ctrl Pts',(-4.95503174020414,-9.71160716137565,10.6880111643223));
#2767=CARTESIAN_POINT('Ctrl Pts',(-4.89686972742256,-9.42339376467134,10.420110357447));
#2768=CARTESIAN_POINT('Ctrl Pts',(-4.8628027152021,-9.30583324081559,10.2617889368781));
#2769=CARTESIAN_POINT('Ctrl Pts',(-4.79855247114482,-9.12840218518423,9.90028836516831));
#2770=CARTESIAN_POINT('Ctrl Pts',(-4.76946104122961,-9.07363248765636,9.69725631649395));
#2771=CARTESIAN_POINT('Ctrl Pts',(-4.73706250231016,-9.0464650270347,9.29102713824998));
#2772=CARTESIAN_POINT('Ctrl Pts',(-4.73294697260034,-9.06981814437875,9.09336119445864));
#2773=CARTESIAN_POINT('Ctrl Pts',(-4.75004324938322,-9.18659059634035,8.71966620146272));
#2774=CARTESIAN_POINT('Ctrl Pts',(-4.77031063553311,-9.27684757437761,8.54816369595548));
#2775=CARTESIAN_POINT('Ctrl Pts',(-4.82253290820955,-9.50598452981393,8.2545276505928));
#2776=CARTESIAN_POINT('Ctrl Pts',(-4.85323079121761,-9.64044541577011,8.1320806448078));
#2777=CARTESIAN_POINT('Ctrl Pts',(-4.90881160617922,-9.92540981127596,7.94927436984982));
#2778=CARTESIAN_POINT('Ctrl Pts',(-4.93367925710262,-10.0709884468547,7.88379499102841));
#2779=CARTESIAN_POINT('Ctrl Pts',(-4.96886874683039,-10.3425614182644,7.80768659107585));
#2780=CARTESIAN_POINT('Ctrl Pts',(-4.98110441666673,-10.4645054128978,7.7881830001415));
#2781=CARTESIAN_POINT('Ctrl Pts',(-4.9929184961991,-10.6466080209188,7.78041474497207));
#2782=CARTESIAN_POINT('Ctrl Pts',(-4.99576438897164,-10.7054517846894,7.78114433751013));
#2783=CARTESIAN_POINT('Ctrl Pts',(-4.99855437492404,-10.7953585379488,7.78723211567701));
#2784=CARTESIAN_POINT('Ctrl Pts',(-4.99923299405271,-10.8264740862169,7.79025661517236));
#2785=CARTESIAN_POINT('Ctrl Pts',(-4.99993414139994,-10.8828289298604,7.79740721636758));
#2786=CARTESIAN_POINT('Ctrl Pts',(-5.0000538783286,-10.9080883417388,7.80122880983178));
#2787=CARTESIAN_POINT('Ctrl Pts',(-4.99989058236018,-10.96212087766,7.8107322658532));
#2788=CARTESIAN_POINT('Ctrl Pts',(-4.99954548702656,-10.990845243533,7.81660249336878));
#2789=CARTESIAN_POINT('Ctrl Pts',(-4.9979174299931,-11.0682224329646,7.834643343865));
#2790=CARTESIAN_POINT('Ctrl Pts',(-4.99614285932786,-11.1164610079407,7.8483102272519));
#2791=CARTESIAN_POINT('Ctrl Pts',(-4.98543286889053,-11.3206774498461,7.91666796662509));
#2792=CARTESIAN_POINT('Ctrl Pts',(-4.96938819135866,-11.4676260219425,7.99282457670003));
#2793=CARTESIAN_POINT('Ctrl Pts',(-4.92501803498829,-11.7451726689855,8.19564103015613));
#2794=CARTESIAN_POINT('Ctrl Pts',(-4.89603131299535,-11.8709669642367,8.32504593796336));
#2795=CARTESIAN_POINT('Ctrl Pts',(-4.83269204451559,-12.0915663866687,8.64441436861726));
#2796=CARTESIAN_POINT('Ctrl Pts',(-4.79887628980434,-12.1760187119219,8.83900219824852));
#2797=CARTESIAN_POINT('Ctrl Pts',(-4.76160029250507,-12.2441245639591,9.15576453306938));
#2798=CARTESIAN_POINT('Ctrl Pts',(-4.75147087323136,-12.2560873440903,9.2684618266099));
#2799=CARTESIAN_POINT('Ctrl Pts',(-4.74507546280531,-12.2560873440903,9.38146551768397));
#2800=CARTESIAN_POINT('Ctrl Pts',(-4.74507546280531,-12.2560873440903,9.38146551768397));
#2801=CARTESIAN_POINT('Ctrl Pts',(-4.74005950265222,-12.2560873440903,9.47009501506069));
#2802=CARTESIAN_POINT('Ctrl Pts',(-4.73733374026423,-12.2487271455563,9.55891260919805));
#2803=CARTESIAN_POINT('Ctrl Pts',(-4.73659924841491,-12.2013539672903,9.8403464528539));
#2804=CARTESIAN_POINT('Ctrl Pts',(-4.7483923166655,-12.133831440075,10.0250609733326));
#2805=CARTESIAN_POINT('Ctrl Pts',(-4.78989160133226,-11.9391280319153,10.3559243269003));
#2806=CARTESIAN_POINT('Ctrl Pts',(-4.81849467900035,-11.8154776922716,10.4999690330668));
#2807=CARTESIAN_POINT('Ctrl Pts',(-4.87634061534545,-11.5385846745383,10.7269015629867));
#2808=CARTESIAN_POINT('Ctrl Pts',(-4.90491581364143,-11.3902862823522,10.81328837446));
#2809=CARTESIAN_POINT('Ctrl Pts',(-4.94909861831473,-11.1038255435816,10.9235662870755));
#2810=CARTESIAN_POINT('Ctrl Pts',(-4.96599861035941,-10.9706436708705,10.9562160336494));
#2811=CARTESIAN_POINT('Ctrl Pts',(-4.98597167440463,-10.7483573221773,10.9811497688929));
#2812=CARTESIAN_POINT('Ctrl Pts',(-4.99181363228106,-10.6615246527512,10.9838140637515));
#2813=CARTESIAN_POINT('Ctrl Pts',(-4.9973025068295,-10.5314339665233,10.977191728563));
#2814=CARTESIAN_POINT('Ctrl Pts',(-4.99858531721443,-10.4882193262067,10.9732267426772));
#2815=CARTESIAN_POINT('Ctrl Pts',(-4.9997684031117,-10.4176670577293,10.9638457427144));
#2816=CARTESIAN_POINT('Ctrl Pts',(-5.00000000000002,-10.3902341985728,10.9594686050921));
#2817=CARTESIAN_POINT('Ctrl Pts',(-5.00000000000002,-10.3629260746867,10.9543788878736));
#2818=CARTESIAN_POINT('',(-7.,-12.2560873440903,9.38146551768384));
#2819=CARTESIAN_POINT('',(0.,-12.2560873440903,9.38146551768384));
#2820=CARTESIAN_POINT('Origin',(-7.,-10.6560873440903,9.38146551768384));
#2821=CARTESIAN_POINT('Origin',(-7.,0.,24.6111178147513));
#2822=CARTESIAN_POINT('Origin',(0.,22.6117355807293,22.028215783974));
#2823=CARTESIAN_POINT('',(-5.00000000000002,22.182601445407,23.569593055735));
#2824=CARTESIAN_POINT('',(-4.75549921649552,21.0117355807293,22.028215783974));
#2825=CARTESIAN_POINT('Ctrl Pts',(-5.00000000000002,22.182601445407,23.569593055735));
#2826=CARTESIAN_POINT('Ctrl Pts',(-5.00000000000002,22.1876145161374,23.5709887424449));
#2827=CARTESIAN_POINT('Ctrl Pts',(-4.99999187696666,22.1926343462266,23.5723599591708));
#2828=CARTESIAN_POINT('Ctrl Pts',(-4.99987927889654,22.2274794585617,23.5816958170922));
#2829=CARTESIAN_POINT('Ctrl Pts',(-4.9994970305837,22.2575181092026,23.5888190397702));
#2830=CARTESIAN_POINT('Ctrl Pts',(-4.99770158134779,22.33908270481,23.6056849553608));
#2831=CARTESIAN_POINT('Ctrl Pts',(-4.99575541944879,22.3908780331431,23.6137643727065));
#2832=CARTESIAN_POINT('Ctrl Pts',(-4.98423186511006,22.6110468184797,23.6371200101673));
#2833=CARTESIAN_POINT('Ctrl Pts',(-4.96728828559638,22.7801206827276,23.6281510129004));
#2834=CARTESIAN_POINT('Ctrl Pts',(-4.92072348936109,23.1254943004342,23.5547782140671));
#2835=CARTESIAN_POINT('Ctrl Pts',(-4.89036011385005,23.2982451527939,23.4851707501381));
#2836=CARTESIAN_POINT('Ctrl Pts',(-4.82619640988804,23.6328669810322,23.2776572811141));
#2837=CARTESIAN_POINT('Ctrl Pts',(-4.79311591693703,23.7880703786209,23.1330792880699));
#2838=CARTESIAN_POINT('Ctrl Pts',(-4.74818756584791,24.0284770640152,22.7984660866219));
#2839=CARTESIAN_POINT('Ctrl Pts',(-4.73610035122787,24.1142213885295,22.6143037688516));
#2840=CARTESIAN_POINT('Ctrl Pts',(-4.73817177751333,24.2112438775641,22.228050986509));
#2841=CARTESIAN_POINT('Ctrl Pts',(-4.75143461047996,24.2235109983121,22.0319625663473));
#2842=CARTESIAN_POINT('Ctrl Pts',(-4.79494977176688,24.1781966755,21.651841575367));
#2843=CARTESIAN_POINT('Ctrl Pts',(-4.82407274741428,24.1231692880009,21.4709555974839));
#2844=CARTESIAN_POINT('Ctrl Pts',(-4.88188472184297,23.9620930305753,21.1535272228216));
#2845=CARTESIAN_POINT('Ctrl Pts',(-4.90999710981236,23.8621202199643,21.0156557773803));
#2846=CARTESIAN_POINT('Ctrl Pts',(-4.95631087651795,23.6295408531697,20.7834714164835));
#2847=CARTESIAN_POINT('Ctrl Pts',(-4.97474349612692,23.5004399554212,20.688103068524));
#2848=CARTESIAN_POINT('Ctrl Pts',(-4.991590696261,23.293598377807,20.5789130654167));
#2849=CARTESIAN_POINT('Ctrl Pts',(-4.99543019568984,23.226175730505,20.5490600358465));
#2850=CARTESIAN_POINT('Ctrl Pts',(-4.9987474957201,23.1234841439234,20.5118476682341));
#2851=CARTESIAN_POINT('Ctrl Pts',(-4.99945435022139,23.089728904732,20.5008709372217));
#2852=CARTESIAN_POINT('Ctrl Pts',(-5.00003733108604,23.0294252189762,20.4834571753666));
#2853=CARTESIAN_POINT('Ctrl Pts',(-5.00006788786842,23.003034949471,20.4765622730027));
#2854=CARTESIAN_POINT('Ctrl Pts',(-4.99966657441269,22.9477233525736,20.4636121602768));
#2855=CARTESIAN_POINT('Ctrl Pts',(-4.99919625276863,22.9187911605656,20.4576780872338));
#2856=CARTESIAN_POINT('Ctrl Pts',(-4.99731496810837,22.8438321610562,20.4444538522437));
#2857=CARTESIAN_POINT('Ctrl Pts',(-4.99551832744291,22.7976478565319,20.4383721571071));
#2858=CARTESIAN_POINT('Ctrl Pts',(-4.9863605233825,22.622062775984,20.4229994948908));
#2859=CARTESIAN_POINT('Ctrl Pts',(-4.97479517069683,22.4923984835083,20.4274674963957));
#2860=CARTESIAN_POINT('Ctrl Pts',(-4.93815596915598,22.1852997401057,20.4754064957879));
#2861=CARTESIAN_POINT('Ctrl Pts',(-4.90973487833793,22.0124031954569,20.5337556763197));
#2862=CARTESIAN_POINT('Ctrl Pts',(-4.8457286776825,21.6699450001087,20.7180885643622));
#2863=CARTESIAN_POINT('Ctrl Pts',(-4.81030874686392,21.5070252892333,20.8519942962448));
#2864=CARTESIAN_POINT('Ctrl Pts',(-4.75764875694982,21.2454616246694,21.1711451699093));
#2865=CARTESIAN_POINT('Ctrl Pts',(-4.7406790695616,21.1473537465296,21.3517613143065));
#2866=CARTESIAN_POINT('Ctrl Pts',(-4.73515565711017,21.0364826208515,21.7035166963808));
#2867=CARTESIAN_POINT('Ctrl Pts',(-4.74156699589844,21.0117355807293,21.8655797408517));
#2868=CARTESIAN_POINT('Ctrl Pts',(-4.75549921649552,21.0117355807293,22.0282157839741));
#2869=CARTESIAN_POINT('Ctrl Pts',(-4.75549921649552,21.0117355807293,22.0282157839741));
#2870=CARTESIAN_POINT('Ctrl Pts',(-4.75817023880342,21.0117355807293,22.0593956304472));
#2871=CARTESIAN_POINT('Ctrl Pts',(-4.76111074001535,21.0126469179712,22.0905971353946));
#2872=CARTESIAN_POINT('Ctrl Pts',(-4.78356040679632,21.0254999862333,22.3100052090161));
#2873=CARTESIAN_POINT('Ctrl Pts',(-4.8117060376046,21.0696392366341,22.4939408854807));
#2874=CARTESIAN_POINT('Ctrl Pts',(-4.86971869303353,21.2117141236183,22.8211565109327));
#2875=CARTESIAN_POINT('Ctrl Pts',(-4.89881384773544,21.3037587766596,22.9653110672177));
#2876=CARTESIAN_POINT('Ctrl Pts',(-4.94864832629405,21.5264589284343,23.2153539421066));
#2877=CARTESIAN_POINT('Ctrl Pts',(-4.96932026839214,21.6547012171425,23.3211373367914));
#2878=CARTESIAN_POINT('Ctrl Pts',(-4.98888510216106,21.8634043023052,23.4444925770396));
#2879=CARTESIAN_POINT('Ctrl Pts',(-4.99349900422443,21.9319560880013,23.4786533997239));
#2880=CARTESIAN_POINT('Ctrl Pts',(-4.99775492899296,22.0361370395797,23.5215294416419));
#2881=CARTESIAN_POINT('Ctrl Pts',(-4.99873526364102,22.0699323737743,23.5341208743586));
#2882=CARTESIAN_POINT('Ctrl Pts',(-4.99977531942419,22.1300804637416,23.5542422443768));
#2883=CARTESIAN_POINT('Ctrl Pts',(-5.00000000000002,22.1562432729752,23.5622546891051));
#2884=CARTESIAN_POINT('Ctrl Pts',(-5.00000000000002,22.182601445407,23.569593055735));
#2885=CARTESIAN_POINT('',(-7.,21.0117355807293,22.028215783974));
#2886=CARTESIAN_POINT('',(0.,21.0117355807293,22.028215783974));
#2887=CARTESIAN_POINT('Origin',(-7.,22.6117355807293,22.028215783974));
#2888=CARTESIAN_POINT('Origin',(-7.,0.,24.6111178147513));
#2889=CARTESIAN_POINT('Origin',(0.,10.6560873440902,9.38146551768384));
#2890=CARTESIAN_POINT('',(-5.00000000000002,10.3629260746867,10.9543788878736));
#2891=CARTESIAN_POINT('',(-4.74538745176112,9.05608734409024,9.38146551768379));
#2892=CARTESIAN_POINT('Ctrl Pts',(-5.00000000000002,10.3629260746867,10.9543788878736));
#2893=CARTESIAN_POINT('Ctrl Pts',(-5.00000000000002,10.3733921466034,10.9563295655059));
#2894=CARTESIAN_POINT('Ctrl Pts',(-4.99996599732859,10.3838772556362,10.958175702508));
#2895=CARTESIAN_POINT('Ctrl Pts',(-4.99969589521113,10.4256191523967,10.9650965120466));
#2896=CARTESIAN_POINT('Ctrl Pts',(-4.99919323585852,10.4569989574596,10.9693464772851));
#2897=CARTESIAN_POINT('Ctrl Pts',(-4.99686062808855,10.5488609213007,10.9790226077625));
#2898=CARTESIAN_POINT('Ctrl Pts',(-4.99423691505758,10.6094976895796,10.9819356366645));
#2899=CARTESIAN_POINT('Ctrl Pts',(-4.97821262602152,10.8757113789162,10.9796009488728));
#2900=CARTESIAN_POINT('Ctrl Pts',(-4.95398588541524,11.0778584368462,10.9382542466701));
#2901=CARTESIAN_POINT('Ctrl Pts',(-4.89437769343825,11.4517941332978,10.7840273479396));
#2902=CARTESIAN_POINT('Ctrl Pts',(-4.85977957697892,11.6212441531654,10.6732401229661));
#2903=CARTESIAN_POINT('Ctrl Pts',(-4.79614431572955,11.9152741364162,10.390200779427));
#2904=CARTESIAN_POINT('Ctrl Pts',(-4.76806160954907,12.0360943493835,10.2178454281548));
#2905=CARTESIAN_POINT('Ctrl Pts',(-4.73691184008724,12.2004270925049,9.84444093303596));
#2906=CARTESIAN_POINT('Ctrl Pts',(-4.73308557849638,12.2458798431791,9.64990935525456));
#2907=CARTESIAN_POINT('Ctrl Pts',(-4.74993505563229,12.263062282886,9.25687832776955));
#2908=CARTESIAN_POINT('Ctrl Pts',(-4.76979000169122,12.2360171682007,9.06360264878332));
#2909=CARTESIAN_POINT('Ctrl Pts',(-4.82134517885647,12.118229886239,8.70640844572587));
#2910=CARTESIAN_POINT('Ctrl Pts',(-4.85186399399682,12.0315164160503,8.5439059754858));
#2911=CARTESIAN_POINT('Ctrl Pts',(-4.90763789910708,11.8205719673743,8.2724155429696));
#2912=CARTESIAN_POINT('Ctrl Pts',(-4.93280888484254,11.702646423472,8.16039169687487));
#2913=CARTESIAN_POINT('Ctrl Pts',(-4.9692784140242,11.4618308684662,7.99295291113661));
#2914=CARTESIAN_POINT('Ctrl Pts',(-4.98216987991028,11.3451283452923,7.9314250543096));
#2915=CARTESIAN_POINT('Ctrl Pts',(-4.99402706269926,11.1639950291741,7.86296534834307));
#2916=CARTESIAN_POINT('Ctrl Pts',(-4.99674729623443,11.1049841177607,7.84448258314945));
#2917=CARTESIAN_POINT('Ctrl Pts',(-4.99915618183126,11.0140516086626,7.82169659236298));
#2918=CARTESIAN_POINT('Ctrl Pts',(-4.99967468926806,10.9828816260373,7.81486931800699));
#2919=CARTESIAN_POINT('Ctrl Pts',(-5.00005925916986,10.926366519413,7.80425142675898));
#2920=CARTESIAN_POINT('Ctrl Pts',(-5.00003407076005,10.9011025275583,7.80012979437602));
#2921=CARTESIAN_POINT('Ctrl Pts',(-4.99956232716819,10.8471613859247,7.79265347503651));
#2922=CARTESIAN_POINT('Ctrl Pts',(-4.99906251671207,10.8184764960794,7.78946605968768));
#2923=CARTESIAN_POINT('Ctrl Pts',(-4.9970681832727,10.7417445120285,7.78303470671783));
#2924=CARTESIAN_POINT('Ctrl Pts',(-4.99513291527555,10.6936405371973,7.78118341764031));
#2925=CARTESIAN_POINT('Ctrl Pts',(-4.98439696894231,10.4947735138473,7.78249346505483));
#2926=CARTESIAN_POINT('Ctrl Pts',(-4.96974958041377,10.3455348307159,7.80476565024808));
#2927=CARTESIAN_POINT('Ctrl Pts',(-4.92731772268036,10.0272634370148,7.89897871803841));
#2928=CARTESIAN_POINT('Ctrl Pts',(-4.89769783494035,9.86323007591052,7.97997350078586));
#2929=CARTESIAN_POINT('Ctrl Pts',(-4.83318992473956,9.54765430989566,8.20888325014072));
#2930=CARTESIAN_POINT('Ctrl Pts',(-4.79880394957307,9.40368191592292,8.36378202461909));
#2931=CARTESIAN_POINT('Ctrl Pts',(-4.75077842796081,9.18797162525892,8.71426194729725));
#2932=CARTESIAN_POINT('Ctrl Pts',(-4.73706739340679,9.11547418660353,8.90434443480285));
#2933=CARTESIAN_POINT('Ctrl Pts',(-4.73709710421184,9.06412286030453,9.19606898207566));
#2934=CARTESIAN_POINT('Ctrl Pts',(-4.73994481363659,9.05608734409025,9.28885356852024));
#2935=CARTESIAN_POINT('Ctrl Pts',(-4.74538745176112,9.05608734409024,9.38146551768373));
#2936=CARTESIAN_POINT('Ctrl Pts',(-4.74538745176112,9.05608734409024,9.38146551768373));
#2937=CARTESIAN_POINT('Ctrl Pts',(-4.75130196171143,9.05608734409024,9.48210683946775));
#2938=CARTESIAN_POINT('Ctrl Pts',(-4.76028155619274,9.06557619588927,9.58254425069648));
#2939=CARTESIAN_POINT('Ctrl Pts',(-4.79285922125929,9.11952079577362,9.86506912749692));
#2940=CARTESIAN_POINT('Ctrl Pts',(-4.82204444301415,9.18628733917492,10.0403193922053));
#2941=CARTESIAN_POINT('Ctrl Pts',(-4.88002301470138,9.36646259119592,10.343081346981));
#2942=CARTESIAN_POINT('Ctrl Pts',(-4.90822054534921,9.47384517761191,10.4724896615992));
#2943=CARTESIAN_POINT('Ctrl Pts',(-4.95443223425558,9.71567197503974,10.6851208184455));
#2944=CARTESIAN_POINT('Ctrl Pts',(-4.97281317176301,9.84632012810164,10.7701839492923));
#2945=CARTESIAN_POINT('Ctrl Pts',(-4.9901518929881,10.052958176185,10.8651671222548));
#2946=CARTESIAN_POINT('Ctrl Pts',(-4.99422887397496,10.1200645003576,10.8907163997332));
#2947=CARTESIAN_POINT('Ctrl Pts',(-4.99800079066487,10.2212237531182,10.92161034323));
#2948=CARTESIAN_POINT('Ctrl Pts',(-4.99887223968543,10.2540046105675,10.930492020387));
#2949=CARTESIAN_POINT('Ctrl Pts',(-4.99979935804397,10.3122099757611,10.944288839811));
#2950=CARTESIAN_POINT('Ctrl Pts',(-5.00000000000002,10.3375074697745,10.9496413412142));
#2951=CARTESIAN_POINT('Ctrl Pts',(-5.00000000000002,10.3629260746867,10.9543788878736));
#2952=CARTESIAN_POINT('',(-7.,9.05608734409024,9.38146551768384));
#2953=CARTESIAN_POINT('',(0.,9.05608734409024,9.38146551768384));
#2954=CARTESIAN_POINT('Origin',(-7.,10.6560873440902,9.38146551768384));
#2955=CARTESIAN_POINT('Origin',(-7.,0.,24.6111178147513));
#2956=CARTESIAN_POINT('Origin',(0.,-22.6117355807293,22.028215783974));
#2957=CARTESIAN_POINT('',(-5.00000000000002,-22.182601445407,23.569593055735));
#2958=CARTESIAN_POINT('',(-4.75482084875176,-24.2117355807293,22.0282157839741));
#2959=CARTESIAN_POINT('Ctrl Pts',(-5.00000000000002,-22.182601445407,23.569593055735));
#2960=CARTESIAN_POINT('Ctrl Pts',(-5.00000000000002,-22.167456074588,23.5653764400306));
#2961=CARTESIAN_POINT('Ctrl Pts',(-4.9999258452757,-22.1523742155823,23.560936983782));
#2962=CARTESIAN_POINT('Ctrl Pts',(-4.99948756333469,-22.1079890469466,23.5471579303059));
#2963=CARTESIAN_POINT('Ctrl Pts',(-4.99891396207141,-22.0788932352172,23.5371969649127));
#2964=CARTESIAN_POINT('Ctrl Pts',(-4.99661735723222,-22.001489853317,23.5081805856659));
#2965=CARTESIAN_POINT('Ctrl Pts',(-4.99437600110123,-21.9538277661104,23.4876149811126));
#2966=CARTESIAN_POINT('Ctrl Pts',(-4.9817821192801,-21.758613340694,23.3918858083962));
#2967=CARTESIAN_POINT('Ctrl Pts',(-4.96440290436057,-21.6228647282183,23.296729696686));
#2968=CARTESIAN_POINT('Ctrl Pts',(-4.9177827749679,-21.3750740638259,23.0590980128583));
#2969=CARTESIAN_POINT('Ctrl Pts',(-4.88798177897869,-21.2678860376677,22.9146797003936));
#2970=CARTESIAN_POINT('Ctrl Pts',(-4.82407079228304,-21.0918978825138,22.5701172789197));
#2971=CARTESIAN_POINT('Ctrl Pts',(-4.79072301173493,-21.0338510368488,22.3666865883283));
#2972=CARTESIAN_POINT('Ctrl Pts',(-4.74639672255158,-21.0008205387905,21.9574447500669));
#2973=CARTESIAN_POINT('Ctrl Pts',(-4.73511405362531,-21.0221658859093,21.7564930751691));
#2974=CARTESIAN_POINT('Ctrl Pts',(-4.73957486252896,-21.1371245345383,21.3775272050744));
#2975=CARTESIAN_POINT('Ctrl Pts',(-4.75430547161569,-21.2267049757902,21.2042174823777));
#2976=CARTESIAN_POINT('Ctrl Pts',(-4.80009088094512,-21.457888884191,20.9043539976971));
#2977=CARTESIAN_POINT('Ctrl Pts',(-4.82989051593267,-21.5954791736948,20.7787334984606));
#2978=CARTESIAN_POINT('Ctrl Pts',(-4.88761919077746,-21.8898465075615,20.590835736615));
#2979=CARTESIAN_POINT('Ctrl Pts',(-4.9150934736756,-22.0420053902321,20.523947871188));
#2980=CARTESIAN_POINT('Ctrl Pts',(-4.95828813593006,-22.3422222643531,20.4444270726172));
#2981=CARTESIAN_POINT('Ctrl Pts',(-4.97484493774801,-22.4872051015136,20.4263996678586));
#2982=CARTESIAN_POINT('Ctrl Pts',(-4.99070619425858,-22.701663077924,20.4292789372011));
#2983=CARTESIAN_POINT('Ctrl Pts',(-4.99449454596166,-22.7700390812809,20.4345891229374));
#2984=CARTESIAN_POINT('Ctrl Pts',(-4.99810575748734,-22.872017984698,20.4491535984059));
#2985=CARTESIAN_POINT('Ctrl Pts',(-4.99896333934683,-22.905926838528,20.4551178771419));
#2986=CARTESIAN_POINT('Ctrl Pts',(-4.99986240740614,-22.9661822762248,20.4677339317097));
#2987=CARTESIAN_POINT('Ctrl Pts',(-5.00003821059082,-22.9925917191123,20.4739684327237));
#2988=CARTESIAN_POINT('Ctrl Pts',(-4.9999430675984,-23.0479151843183,20.4885236990365));
#2989=CARTESIAN_POINT('Ctrl Pts',(-4.99962166626318,-23.0767724263247,20.4969924986071));
#2990=CARTESIAN_POINT('Ctrl Pts',(-4.9980699895286,-23.1519302600874,20.5213696197647));
#2991=CARTESIAN_POINT('Ctrl Pts',(-4.99639635320007,-23.197742331018,20.5385892892686));
#2992=CARTESIAN_POINT('Ctrl Pts',(-4.98704890305728,-23.3758370655657,20.6150118648284));
#2993=CARTESIAN_POINT('Ctrl Pts',(-4.97403919127357,-23.5001166376465,20.6897398152609));
#2994=CARTESIAN_POINT('Ctrl Pts',(-4.9344402492757,-23.7569552516226,20.8956268470385));
#2995=CARTESIAN_POINT('Ctrl Pts',(-4.90534311097471,-23.8797547034306,21.0352469484693));
#2996=CARTESIAN_POINT('Ctrl Pts',(-4.8412775743825,-24.0853032742197,21.3706260205263));
#2997=CARTESIAN_POINT('Ctrl Pts',(-4.80666119359136,-24.1589395297956,21.5694036678885));
#2998=CARTESIAN_POINT('Ctrl Pts',(-4.77057441217086,-24.2051345740058,21.8604363610166));
#2999=CARTESIAN_POINT('Ctrl Pts',(-4.76175543896796,-24.2117355807293,21.9442884730362));
#3000=CARTESIAN_POINT('Ctrl Pts',(-4.75482084875176,-24.2117355807293,22.0282157839742));
#3001=CARTESIAN_POINT('Ctrl Pts',(-4.75482084875176,-24.2117355807293,22.0282157839742));
#3002=CARTESIAN_POINT('Ctrl Pts',(-4.74501019937162,-24.2117355807293,22.1469511952041));
#3003=CARTESIAN_POINT('Ctrl Pts',(-4.73899917827854,-24.1985292343255,22.2658394377165));
#3004=CARTESIAN_POINT('Ctrl Pts',(-4.73498655229663,-24.128469159512,22.5741389355718));
#3005=CARTESIAN_POINT('Ctrl Pts',(-4.74482343062288,-24.0504469898727,22.754998321627));
#3006=CARTESIAN_POINT('Ctrl Pts',(-4.78355765138043,-23.8362869786877,23.0754276532266));
#3007=CARTESIAN_POINT('Ctrl Pts',(-4.8113985121885,-23.7037238805805,23.2127677977304));
#3008=CARTESIAN_POINT('Ctrl Pts',(-4.86917248030531,-23.4114885813564,23.4246681515527));
#3009=CARTESIAN_POINT('Ctrl Pts',(-4.89832916649921,-23.2564286439549,23.5027251055624));
#3010=CARTESIAN_POINT('Ctrl Pts',(-4.94467451790724,-22.9566380234794,23.597004581707));
#3011=CARTESIAN_POINT('Ctrl Pts',(-4.96288847149744,-22.8160902584801,23.6215024570601));
#3012=CARTESIAN_POINT('Ctrl Pts',(-4.98458911981133,-22.5830928091314,23.6305235545045));
#3013=CARTESIAN_POINT('Ctrl Pts',(-4.99098753235614,-22.4922907328615,23.6263393742323));
#3014=CARTESIAN_POINT('Ctrl Pts',(-4.99701827509949,-22.3570839087462,23.6084750953472));
#3015=CARTESIAN_POINT('Ctrl Pts',(-4.9984322467379,-22.3122721273289,23.6005999681605));
#3016=CARTESIAN_POINT('Ctrl Pts',(-4.99974254951017,-22.2392361099174,23.5845260375752));
#3017=CARTESIAN_POINT('Ctrl Pts',(-5.00000000000002,-22.2108153530976,23.5774480767624));
#3018=CARTESIAN_POINT('Ctrl Pts',(-5.00000000000002,-22.182601445407,23.569593055735));
#3019=CARTESIAN_POINT('',(-7.,-24.2117355807293,22.028215783974));
#3020=CARTESIAN_POINT('',(0.,-24.2117355807293,22.028215783974));
#3021=CARTESIAN_POINT('Origin',(-7.,-22.6117355807293,22.028215783974));
#3022=CARTESIAN_POINT('Origin',(-7.,0.,24.6111178147513));
#3023=CARTESIAN_POINT('Origin',(0.,0.,40.));
#3024=CARTESIAN_POINT('',(0.,-2.5,40.));
#3025=CARTESIAN_POINT('',(0.,-1.60382841693303,40.));
#3026=CARTESIAN_POINT('',(0.,0.,40.));
#3027=CARTESIAN_POINT('',(-1.49997419788034,0.,40.));
#3028=CARTESIAN_POINT('Origin',(0.,0.00946254360034038,40.));
#3029=CARTESIAN_POINT('',(0.,1.60382841693303,40.));
#3030=CARTESIAN_POINT('Origin',(0.,-0.00946254360034038,40.));
#3031=CARTESIAN_POINT('',(0.,2.5,40.));
#3032=CARTESIAN_POINT('',(0.,0.,40.));
#3033=CARTESIAN_POINT('Origin',(0.,0.,40.));
#3034=CARTESIAN_POINT('Origin',(0.,0.,45.));
#3035=CARTESIAN_POINT('',(0.,-3.11876857562176,41.1786068107081));
#3036=CARTESIAN_POINT('',(0.,-5.125,45.));
#3037=CARTESIAN_POINT('',(0.,3.11876857562176,41.1786068107081));
#3038=CARTESIAN_POINT('',(0.,5.125,45.));
#3039=CARTESIAN_POINT('',(0.,4.51420792889836,43.836586531235));
#3040=CARTESIAN_POINT('Ctrl Pts',(6.93889390390723E-17,3.11876857562176,
41.1786068107081));
#3041=CARTESIAN_POINT('Ctrl Pts',(-0.16676616672801,3.11876857562176,41.1786068107081));
#3042=CARTESIAN_POINT('Ctrl Pts',(-0.34475481172849,3.12115211219056,41.2113079496788));
#3043=CARTESIAN_POINT('Ctrl Pts',(-0.676117634593188,3.13605774264793,41.3409611979405));
#3044=CARTESIAN_POINT('Ctrl Pts',(-0.829647281474601,3.14921119363079,41.4374421379822));
#3045=CARTESIAN_POINT('Ctrl Pts',(-1.08252943225782,3.19167570690767,41.6538621285497));
#3046=CARTESIAN_POINT('Ctrl Pts',(-1.20085544091456,3.22445945609123,41.790804738879));
#3047=CARTESIAN_POINT('Ctrl Pts',(-1.38159253819807,3.32083124263764,42.0879093289269));
#3048=CARTESIAN_POINT('Ctrl Pts',(-1.44393830671097,3.38504848589039,42.2479065897069));
#3049=CARTESIAN_POINT('Ctrl Pts',(-1.47472038529746,3.45721142251135,42.3973427275937));
#3050=CARTESIAN_POINT('Ctrl Pts',(-1.51353729123713,3.54821053796341,42.585785119229));
#3051=CARTESIAN_POINT('Ctrl Pts',(-1.50757833522337,3.66446958794496,42.783420812827));
#3052=CARTESIAN_POINT('Ctrl Pts',(-1.39491241757291,3.908391315866,43.1404562157997));
#3053=CARTESIAN_POINT('Ctrl Pts',(-1.2882757088968,4.0350795894233,43.3005427953429));
#3054=CARTESIAN_POINT('Ctrl Pts',(-1.01881578388075,4.24745207283197,43.5525023058885));
#3055=CARTESIAN_POINT('Ctrl Pts',(-0.840046227770026,4.34567734435254,43.6594099742175));
#3056=CARTESIAN_POINT('Ctrl Pts',(-0.437099837911692,4.47928948729927,43.8013557801458));
#3057=CARTESIAN_POINT('Ctrl Pts',(-0.212835694289931,4.51420792889836,43.836586531235));
#3058=CARTESIAN_POINT('Ctrl Pts',(-6.93889390390723E-16,4.51420792889836,
43.836586531235));
#3059=CARTESIAN_POINT('',(0.,7.75,50.));
#3060=CARTESIAN_POINT('',(0.,5.125,45.));
#3061=CARTESIAN_POINT('',(0.,-7.75,50.));
#3062=CARTESIAN_POINT('Origin',(0.,0.,50.));
#3063=CARTESIAN_POINT('',(0.,-4.51420792889836,43.836586531235));
#3064=CARTESIAN_POINT('',(0.,-5.125,45.));
#3065=CARTESIAN_POINT('Ctrl Pts',(2.08166817117217E-16,-3.11876857562176,
41.1786068107081));
#3066=CARTESIAN_POINT('Ctrl Pts',(-0.16676616672801,-3.11876857562176,41.1786068107081));
#3067=CARTESIAN_POINT('Ctrl Pts',(-0.34475481172849,-3.12115211219056,41.2113079496788));
#3068=CARTESIAN_POINT('Ctrl Pts',(-0.676117634593188,-3.13605774264793,
41.3409611979405));
#3069=CARTESIAN_POINT('Ctrl Pts',(-0.829647281474601,-3.14921119363079,
41.4374421379822));
#3070=CARTESIAN_POINT('Ctrl Pts',(-1.08252943225782,-3.19167570690767,41.6538621285497));
#3071=CARTESIAN_POINT('Ctrl Pts',(-1.20085544091456,-3.22445945609123,41.790804738879));
#3072=CARTESIAN_POINT('Ctrl Pts',(-1.38159253819807,-3.32083124263764,42.0879093289269));
#3073=CARTESIAN_POINT('Ctrl Pts',(-1.44393830671097,-3.38504848589039,42.2479065897069));
#3074=CARTESIAN_POINT('Ctrl Pts',(-1.47472038529746,-3.45721142251135,42.3973427275937));
#3075=CARTESIAN_POINT('Ctrl Pts',(-1.51353729123713,-3.54821053796341,42.585785119229));
#3076=CARTESIAN_POINT('Ctrl Pts',(-1.50757833522337,-3.66446958794496,42.783420812827));
#3077=CARTESIAN_POINT('Ctrl Pts',(-1.39491241757291,-3.908391315866,43.1404562157997));
#3078=CARTESIAN_POINT('Ctrl Pts',(-1.2882757088968,-4.0350795894233,43.3005427953429));
#3079=CARTESIAN_POINT('Ctrl Pts',(-1.01881578388075,-4.24745207283197,43.5525023058885));
#3080=CARTESIAN_POINT('Ctrl Pts',(-0.840046227770026,-4.34567734435254,
43.6594099742175));
#3081=CARTESIAN_POINT('Ctrl Pts',(-0.437099837911692,-4.47928948729927,
43.8013557801458));
#3082=CARTESIAN_POINT('Ctrl Pts',(-0.212835694289931,-4.51420792889836,
43.836586531235));
#3083=CARTESIAN_POINT('Ctrl Pts',(-5.55111512312578E-16,-4.51420792889836,
43.836586531235));
#3084=CARTESIAN_POINT('Origin',(0.,0.,50.));
#3085=CARTESIAN_POINT('',(0.,-7.75,69.2222356295026));
#3086=CARTESIAN_POINT('',(0.,-7.75,50.));
#3087=CARTESIAN_POINT('',(0.,7.75,69.2222356295026));
#3088=CARTESIAN_POINT('',(0.,7.75,50.));
#3089=CARTESIAN_POINT('Origin',(0.,0.,69.2222356295026));
#3090=CARTESIAN_POINT('Origin',(0.,-19.6869407522986,30.8947572145678));
#3091=CARTESIAN_POINT('',(0.,-15.0352436921858,29.0612593386656));
#3092=CARTESIAN_POINT('',(-1.14491749414469E-15,-15.7325503212494,33.9546258912966));
#3093=CARTESIAN_POINT('Origin',(0.,-19.6869407522986,30.8947572145678));
#3094=CARTESIAN_POINT('',(1.33573707650214E-15,-18.592958783463,35.7736098923869));
#3095=CARTESIAN_POINT('Ctrl Pts',(2.18575157973078E-15,-18.592958783463,
35.7736098923869));
#3096=CARTESIAN_POINT('Ctrl Pts',(-0.195690949401051,-18.592958783463,35.7736098923869));
#3097=CARTESIAN_POINT('Ctrl Pts',(-0.400466409583902,-18.5496341605432,
35.7515757023606));
#3098=CARTESIAN_POINT('Ctrl Pts',(-0.769143117900034,-18.3860875618232,
35.6653677932294));
#3099=CARTESIAN_POINT('Ctrl Pts',(-0.933286908598672,-18.2664698468299,
35.6010862405319));
#3100=CARTESIAN_POINT('Ctrl Pts',(-1.19724117432303,-17.9977855857927,35.4507861983436));
#3101=CARTESIAN_POINT('Ctrl Pts',(-1.31192064550372,-17.8273581173079,35.3524588673378));
#3102=CARTESIAN_POINT('Ctrl Pts',(-1.46332685405206,-17.4658007432005,35.1345094431491));
#3103=CARTESIAN_POINT('Ctrl Pts',(-1.5,-17.2746805728226,35.0148339776327));
#3104=CARTESIAN_POINT('Ctrl Pts',(-1.5,-17.0984324490715,34.9009555077285));
#3105=CARTESIAN_POINT('Ctrl Pts',(-1.5,-16.9214969047733,34.7866328776346));
#3106=CARTESIAN_POINT('Ctrl Pts',(-1.46288977158247,-16.7331266608475,34.6610819716018));
#3107=CARTESIAN_POINT('Ctrl Pts',(-1.30495130080139,-16.3867733860149,34.4241004683695));
#3108=CARTESIAN_POINT('Ctrl Pts',(-1.1840008333452,-16.2287294590371,34.3128403803764));
#3109=CARTESIAN_POINT('Ctrl Pts',(-0.910740573563236,-15.9934984637019,
34.1449921458344));
#3110=CARTESIAN_POINT('Ctrl Pts',(-0.747155437172836,-15.8957485673485,
34.0740454205011));
#3111=CARTESIAN_POINT('Ctrl Pts',(-0.385334245607111,-15.765271564239,33.97879372951));
#3112=CARTESIAN_POINT('Ctrl Pts',(-0.187059990255693,-15.7325503212494,
33.9546258912966));
#3113=CARTESIAN_POINT('Ctrl Pts',(-2.22044604925031E-15,-15.7325503212494,
33.9546258912966));
#3114=CARTESIAN_POINT('',(0.,-24.3386378124115,32.7282550904699));
#3115=CARTESIAN_POINT('Origin',(0.,-19.6869407522986,30.8947572145678));
#3116=CARTESIAN_POINT('Origin',(0.,-19.6869407522986,30.8947572145678));
#3117=CARTESIAN_POINT('Origin',(0.,-24.5120596737479,12.8871682471573));
#3118=CARTESIAN_POINT('',(3.08148791101958E-32,-29.457296436466,13.6251610388977));
#3119=CARTESIAN_POINT('',(0.,-19.5668229110297,12.1491754554169));
#3120=CARTESIAN_POINT('Origin',(0.,-24.5120596737479,12.8871682471573));
#3121=CARTESIAN_POINT('Origin',(0.,-24.5120596737479,12.8871682471573));
#3122=CARTESIAN_POINT('Origin',(-3.5527136788005E-14,56.7762814366865,0.756260735449225));
#3123=CARTESIAN_POINT('Origin',(-5.50396521816462E-15,56.7762814366865,
0.756260735449225));
#3124=CARTESIAN_POINT('Origin',(-5.50396521816462E-15,56.7762814366865,
0.756260735449225));
#3125=CARTESIAN_POINT('Origin',(0.,-17.9925481475072,34.3888906190614));
#3126=CARTESIAN_POINT('',(0.,-17.2470872059659,33.087242439008));
#3127=CARTESIAN_POINT('',(0.,-18.7380090890486,35.6905387991148));
#3128=CARTESIAN_POINT('Origin',(0.,-13.6827618980635,5.4173886731536));
#3129=CARTESIAN_POINT('',(0.,-5.36468530910547,22.351744110104));
#3130=CARTESIAN_POINT('',(0.,0.,35.9013925055179));
#3131=CARTESIAN_POINT('',(0.,-12.2880971692311,4.86520184412658));
#3132=CARTESIAN_POINT('',(-1.5,2.22044604925031E-15,39.9761003430167));
#3133=CARTESIAN_POINT('Origin',(0.,0.,39.9761003430167));
#3134=CARTESIAN_POINT('Origin',(0.,0.,39.9761003430167));
#3135=CARTESIAN_POINT('',(0.,-8.15401476677023,23.456117768158));
#3136=CARTESIAN_POINT('',(0.,-15.0774266268959,5.96957550218062));
#3137=CARTESIAN_POINT('Origin',(0.,-6.75935003793785,22.903930939131));
#3138=CARTESIAN_POINT('Origin',(4.06373677131342E-16,-11.7524853426485,
0.109578268714119));
#3139=CARTESIAN_POINT('',(0.,-16.7432242963833,0.413756991958071));
#3140=CARTESIAN_POINT('',(4.02224135973649E-16,-6.76174638891372,-0.194600454529831));
#3141=CARTESIAN_POINT('Origin',(0.,-11.7524853426485,0.109578268714119));
#3142=CARTESIAN_POINT('Origin',(4.06373677131342E-16,-11.7524853426485,
0.109578268714119));
#3143=CARTESIAN_POINT('Origin',(-1.77670389361322E-16,-8.51519224698781,
18.4691797469086));
#3144=CARTESIAN_POINT('',(-1.46289174826227E-16,-3.72139642937395,17.0480809962836));
#3145=CARTESIAN_POINT('Origin',(0.,-8.51519224698781,18.4691797469086));
#3146=CARTESIAN_POINT('',(0.,-13.3089880646017,19.8902784975335));
#3147=CARTESIAN_POINT('Origin',(0.,-8.51519224698781,18.4691797469086));
#3148=CARTESIAN_POINT('Origin',(-1.77670389361322E-16,-8.51519224698781,
18.4691797469086));
#3149=CARTESIAN_POINT('Origin',(-3.51889720426727E-14,70.2838073426255,
-4.89042173128588));
#3150=CARTESIAN_POINT('Origin',(-6.33999447007075E-15,70.2838073426255,
-4.89042173128588));
#3151=CARTESIAN_POINT('Origin',(-6.33999447007075E-15,70.2838073426255,
-4.89042173128588));
#3152=CARTESIAN_POINT('Origin',(0.,17.9925481475072,34.3888906190614));
#3153=CARTESIAN_POINT('',(-1.14491749414469E-15,15.7325503212494,33.9546258912966));
#3154=CARTESIAN_POINT('',(0.,17.2470872059659,33.087242439008));
#3155=CARTESIAN_POINT('',(1.33573707650214E-15,18.592958783463,35.7736098923869));
#3156=CARTESIAN_POINT('Ctrl Pts',(2.18575157973078E-15,18.592958783463,
35.7736098923869));
#3157=CARTESIAN_POINT('Ctrl Pts',(-0.195690949401051,18.592958783463,35.7736098923869));
#3158=CARTESIAN_POINT('Ctrl Pts',(-0.400466409583902,18.5496341605432,35.7515757023606));
#3159=CARTESIAN_POINT('Ctrl Pts',(-0.769143117900034,18.3860875618232,35.6653677932294));
#3160=CARTESIAN_POINT('Ctrl Pts',(-0.933286908598672,18.2664698468299,35.6010862405319));
#3161=CARTESIAN_POINT('Ctrl Pts',(-1.19724117432303,17.9977855857927,35.4507861983436));
#3162=CARTESIAN_POINT('Ctrl Pts',(-1.31192064550372,17.8273581173079,35.3524588673378));
#3163=CARTESIAN_POINT('Ctrl Pts',(-1.46332685405206,17.4658007432005,35.1345094431491));
#3164=CARTESIAN_POINT('Ctrl Pts',(-1.5,17.2746805728226,35.0148339776327));
#3165=CARTESIAN_POINT('Ctrl Pts',(-1.5,17.0984324490715,34.9009555077285));
#3166=CARTESIAN_POINT('Ctrl Pts',(-1.5,16.9214969047733,34.7866328776346));
#3167=CARTESIAN_POINT('Ctrl Pts',(-1.46288977158247,16.7331266608475,34.6610819716018));
#3168=CARTESIAN_POINT('Ctrl Pts',(-1.30495130080139,16.3867733860149,34.4241004683695));
#3169=CARTESIAN_POINT('Ctrl Pts',(-1.1840008333452,16.2287294590371,34.3128403803764));
#3170=CARTESIAN_POINT('Ctrl Pts',(-0.910740573563236,15.9934984637019,34.1449921458344));
#3171=CARTESIAN_POINT('Ctrl Pts',(-0.747155437172836,15.8957485673485,34.0740454205011));
#3172=CARTESIAN_POINT('Ctrl Pts',(-0.385334245607111,15.765271564239,33.97879372951));
#3173=CARTESIAN_POINT('Ctrl Pts',(-0.187059990255693,15.7325503212494,33.9546258912966));
#3174=CARTESIAN_POINT('Ctrl Pts',(-2.22044604925031E-15,15.7325503212494,
33.9546258912966));
#3175=CARTESIAN_POINT('',(0.,18.7380090890486,35.6905387991148));
#3176=CARTESIAN_POINT('Origin',(0.,19.6869407522986,30.8947572145678));
#3177=CARTESIAN_POINT('',(0.,15.0352436921858,29.0612593386656));
#3178=CARTESIAN_POINT('Origin',(0.,19.6869407522986,30.8947572145678));
#3179=CARTESIAN_POINT('',(0.,24.3386378124115,32.7282550904699));
#3180=CARTESIAN_POINT('Origin',(0.,19.6869407522986,30.8947572145678));
#3181=CARTESIAN_POINT('Origin',(0.,19.6869407522986,30.8947572145678));
#3182=CARTESIAN_POINT('Origin',(-3.5527136788005E-14,-56.7762814366865,
0.756260735449225));
#3183=CARTESIAN_POINT('',(0.,19.5668229110297,12.1491754554169));
#3184=CARTESIAN_POINT('Origin',(-5.50396521816462E-15,-56.7762814366865,
0.756260735449225));
#3185=CARTESIAN_POINT('',(3.08148791101958E-32,29.457296436466,13.6251610388977));
#3186=CARTESIAN_POINT('Origin',(0.,24.5120596737479,12.8871682471573));
#3187=CARTESIAN_POINT('Origin',(-5.50396521816462E-15,-56.7762814366865,
0.756260735449225));
#3188=CARTESIAN_POINT('Origin',(0.,24.5120596737479,12.8871682471573));
#3189=CARTESIAN_POINT('Origin',(0.,24.5120596737479,12.8871682471573));
#3190=CARTESIAN_POINT('Origin',(0.,13.6827618980635,5.4173886731536));
#3191=CARTESIAN_POINT('',(0.,5.36468530910547,22.351744110104));
#3192=CARTESIAN_POINT('',(0.,12.2880971692311,4.86520184412658));
#3193=CARTESIAN_POINT('',(0.,8.15401476677023,23.456117768158));
#3194=CARTESIAN_POINT('Origin',(0.,6.75935003793785,22.903930939131));
#3195=CARTESIAN_POINT('',(0.,15.0774266268959,5.96957550218062));
#3196=CARTESIAN_POINT('Origin',(-1.77670389361322E-16,8.51519224698781,
18.4691797469086));
#3197=CARTESIAN_POINT('',(-1.46289174826227E-16,3.72139642937395,17.0480809962836));
#3198=CARTESIAN_POINT('Origin',(0.,8.51519224698781,18.4691797469086));
#3199=CARTESIAN_POINT('',(0.,13.3089880646017,19.8902784975335));
#3200=CARTESIAN_POINT('Origin',(-1.77670389361322E-16,8.51519224698781,
18.4691797469086));
#3201=CARTESIAN_POINT('Origin',(0.,8.51519224698781,18.4691797469086));
#3202=CARTESIAN_POINT('Origin',(-3.51889720426727E-14,-70.2838073426255,
-4.89042173128588));
#3203=CARTESIAN_POINT('',(4.02224135973649E-16,6.76174638891372,-0.194600454529831));
#3204=CARTESIAN_POINT('Origin',(-6.33999447007075E-15,-70.2838073426255,
-4.89042173128588));
#3205=CARTESIAN_POINT('',(0.,16.7432242963833,0.413756991958071));
#3206=CARTESIAN_POINT('Origin',(4.06373677131342E-16,11.7524853426485,0.109578268714119));
#3207=CARTESIAN_POINT('Origin',(-6.33999447007075E-15,-70.2838073426255,
-4.89042173128588));
#3208=CARTESIAN_POINT('Origin',(4.06373677131342E-16,11.7524853426485,0.109578268714119));
#3209=CARTESIAN_POINT('Origin',(0.,11.7524853426485,0.109578268714119));
#3210=CARTESIAN_POINT('Origin',(0.,0.,24.6111178147513));
#3211=CARTESIAN_POINT('',(0.,-45.,69.2222356295026));
#3212=CARTESIAN_POINT('',(0.,-45.,69.2222356295026));
#3213=CARTESIAN_POINT('',(0.,-45.,-20.));
#3214=CARTESIAN_POINT('',(0.,-45.,-20.));
#3215=CARTESIAN_POINT('',(0.,45.,-20.));
#3216=CARTESIAN_POINT('',(0.,45.,-20.));
#3217=CARTESIAN_POINT('',(0.,45.,69.2222356295026));
#3218=CARTESIAN_POINT('',(0.,45.,69.2222356295026));
#3219=CARTESIAN_POINT('',(0.,-45.,69.2222356295026));
#3220=CARTESIAN_POINT('Origin',(0.,-45.,69.2222356295026));
#3221=CARTESIAN_POINT('',(-10.,-45.,69.2222356295026));
#3222=CARTESIAN_POINT('',(0.,-45.,69.2222356295026));
#3223=CARTESIAN_POINT('',(-10.,-45.,-20.));
#3224=CARTESIAN_POINT('',(-10.,-45.,-20.));
#3225=CARTESIAN_POINT('',(0.,-45.,-20.));
#3226=CARTESIAN_POINT('Origin',(0.,45.,69.2222356295026));
#3227=CARTESIAN_POINT('',(-10.,45.,69.2222356295026));
#3228=CARTESIAN_POINT('',(0.,45.,69.2222356295026));
#3229=CARTESIAN_POINT('',(-10.,-45.,69.2222356295026));
#3230=CARTESIAN_POINT('Origin',(0.,45.,-20.));
#3231=CARTESIAN_POINT('',(-10.,45.,-20.));
#3232=CARTESIAN_POINT('',(0.,45.,-20.));
#3233=CARTESIAN_POINT('',(-10.,45.,69.2222356295026));
#3234=CARTESIAN_POINT('Origin',(0.,-45.,-20.));
#3235=CARTESIAN_POINT('',(-10.,45.,-20.));
#3236=CARTESIAN_POINT('Origin',(-10.,0.,24.6111178147513));
#3237=UNCERTAINTY_MEASURE_WITH_UNIT(LENGTH_MEASURE(0.01),#3241,
'DISTANCE_ACCURACY_VALUE',
'Maximum model space distance between geometric entities at asserted c
onnectivities');
#3238=UNCERTAINTY_MEASURE_WITH_UNIT(LENGTH_MEASURE(0.01),#3241,
'DISTANCE_ACCURACY_VALUE',
'Maximum model space distance between geometric entities at asserted c
onnectivities');
#3239=(
GEOMETRIC_REPRESENTATION_CONTEXT(3)
GLOBAL_UNCERTAINTY_ASSIGNED_CONTEXT((#3237))
GLOBAL_UNIT_ASSIGNED_CONTEXT((#3241,#3243,#3244))
REPRESENTATION_CONTEXT('','3D')
);
#3240=(
GEOMETRIC_REPRESENTATION_CONTEXT(3)
GLOBAL_UNCERTAINTY_ASSIGNED_CONTEXT((#3238))
GLOBAL_UNIT_ASSIGNED_CONTEXT((#3241,#3243,#3244))
REPRESENTATION_CONTEXT('','3D')
);
#3241=(
LENGTH_UNIT()
NAMED_UNIT(*)
SI_UNIT(.MILLI.,.METRE.)
);
#3242=(
LENGTH_UNIT()
NAMED_UNIT(*)
SI_UNIT($,.METRE.)
);
#3243=(
NAMED_UNIT(*)
PLANE_ANGLE_UNIT()
SI_UNIT($,.RADIAN.)
);
#3244=(
NAMED_UNIT(*)
SI_UNIT($,.STERADIAN.)
SOLID_ANGLE_UNIT()
);
#3245=SHAPE_DEFINITION_REPRESENTATION(#3246,#3247);
#3246=PRODUCT_DEFINITION_SHAPE('',$,#3249);
#3247=SHAPE_REPRESENTATION('',(#1503),#3239);
#3248=PRODUCT_DEFINITION_CONTEXT('part definition',#3253,'design');
#3249=PRODUCT_DEFINITION('Weight_Mold','Weight_Mold v5',#3250,#3248);
#3250=PRODUCT_DEFINITION_FORMATION('',$,#3255);
#3251=PRODUCT_RELATED_PRODUCT_CATEGORY('Weight_Mold v5',
'Weight_Mold v5',(#3255));
#3252=APPLICATION_PROTOCOL_DEFINITION('international standard',
'automotive_design',2009,#3253);
#3253=APPLICATION_CONTEXT(
'Core Data for Automotive Mechanical Design Process');
#3254=PRODUCT_CONTEXT('part definition',#3253,'mechanical');
#3255=PRODUCT('Weight_Mold','Weight_Mold v5',$,(#3254));
#3256=PRESENTATION_STYLE_ASSIGNMENT((#3257));
#3257=SURFACE_STYLE_USAGE(.BOTH.,#3258);
#3258=SURFACE_SIDE_STYLE('',(#3259));
#3259=SURFACE_STYLE_FILL_AREA(#3260);
#3260=FILL_AREA_STYLE('Steel - Satin',(#3261));
#3261=FILL_AREA_STYLE_COLOUR('Steel - Satin',#3262);
#3262=COLOUR_RGB('Steel - Satin',0.627450980392157,0.627450980392157,0.627450980392157);
ENDSEC;
END-ISO-10303-21;
